Unidad Organizativa;Reporta A;Jerarquía;Línea de Reporte;Nivel Jerárquico Calculado;Unidades que Reportan Directamente;Responsable de Gestión de Otras;Nivel Funcional Esperado;Misión;Tipo de Función;Descripción;Producto Final;Porcentaje Dedicación;Nivel de Reporte;Reporta a;Unidad Superior;Fecha de Aprobación;% Dedicación
Estrategia Comercial Y Propuesta De Valor;Segmento Personas;GD;SGP Negocio > Segmento Personas > Estrategia Comercial Y Propuesta De Valor;3;0;No;Táctico;Diseñar, evaluar y actualizar la propuesta de valor para el Segmento Personas, asegurando su alineación con la estrategia comercial, los objetivos institucionales y la experiencia del cliente.;Genérica;Analizar comportamientos y necesidades del segmento. Identificar oportunidades de mejora. Proponer estrategias comerciales diferenciadas. Coordinar con áreas de producto, canales y marketing para su implementación.;Propuesta de Valor Integrada para Personas;;;;;;
Estrategia Comercial Y Propuesta De Valor;Segmento Personas;GD;SGP Negocio > Segmento Personas > Estrategia Comercial Y Propuesta De Valor;3;0;No;Táctico;Diseñar, evaluar y actualizar la propuesta de valor para el Segmento Personas, asegurando su alineación con la estrategia comercial, los objetivos institucionales y la experiencia del cliente.;Específica;Diseñar la propuesta de valor segmentada según perfiles de clientes personas.;Diseño de Propuesta de Valor por Subsegmento;20;;;;;
Estrategia Comercial Y Propuesta De Valor;Segmento Personas;GD;SGP Negocio > Segmento Personas > Estrategia Comercial Y Propuesta De Valor;3;0;No;Táctico;Diseñar, evaluar y actualizar la propuesta de valor para el Segmento Personas, asegurando su alineación con la estrategia comercial, los objetivos institucionales y la experiencia del cliente.;Específica;Relevar insights y propuestas de valor del mercado y de los clientes actuales.;Reporte de Insights y Benchmarking;20;;;;;
Estrategia Comercial Y Propuesta De Valor;Segmento Personas;GD;SGP Negocio > Segmento Personas > Estrategia Comercial Y Propuesta De Valor;3;0;No;Táctico;Diseñar, evaluar y actualizar la propuesta de valor para el Segmento Personas, asegurando su alineación con la estrategia comercial, los objetivos institucionales y la experiencia del cliente.;Específica;Coordinar la implementación de la propuesta en colaboración con áreas clave.;Plan de Implementación Coordinado;20;;;;;
Estrategia Comercial Y Propuesta De Valor;Segmento Personas;GD;SGP Negocio > Segmento Empresas > Estrategia Comercial Y Propuesta De Valor;3;0;No;Estratégico;Diseñar, evaluar y actualizar la propuesta de valor para el Segmento Personas, asegurando su alineación con la estrategia comercial, los objetivos institucionales y la experiencia del cliente.;Genérica;Definir prioridades comerciales. Consolidar propuestas de valor. Coordinar ejecución con productos y canales.;Plan Estratégico Comercial del Segmento Personas;;;;;;
Estrategia Comercial Y Propuesta De Valor;Segmento Personas;GD;SGP Negocio > Segmento Empresas > Estrategia Comercial Y Propuesta De Valor;3;0;No;Estratégico;Diseñar, evaluar y actualizar la propuesta de valor para el Segmento Personas, asegurando su alineación con la estrategia comercial, los objetivos institucionales y la experiencia del cliente.;Específica;Definir ejes comerciales prioritarios y segmentar público objetivo.;Matriz de Propuesta de Valor;20;;;;;
Estrategia Comercial Y Propuesta De Valor;Segmento Personas;GD;SGP Negocio > Segmento Personas > Estrategia Comercial Y Propuesta De Valor;3;0;No;Táctico;Diseñar, evaluar y actualizar la propuesta de valor para el Segmento Personas, asegurando su alineación con la estrategia comercial, los objetivos institucionales y la experiencia del cliente.;Específica;;;;;;;;
Estrategia Comercial Y Propuesta De Valor;Segmento Personas;GD;SGP Negocio > Segmento Personas > Estrategia Comercial Y Propuesta De Valor;3;0;No;Táctico;Diseñar, evaluar y actualizar la propuesta de valor para el Segmento Personas, asegurando su alineación con la estrategia comercial, los objetivos institucionales y la experiencia del cliente.;Específica;;;;;;;;
Estrategia Comercial Y Propuesta De Valor;Segmento Personas;GD;SGP Negocio > Segmento Personas > Estrategia Comercial Y Propuesta De Valor;3;0;No;Táctico;Diseñar, evaluar y actualizar la propuesta de valor para el Segmento Personas, asegurando su alineación con la estrategia comercial, los objetivos institucionales y la experiencia del cliente.;Indicador;Medir la efectividad de la propuesta de valor en términos de adopción por parte de los clientes personas;Indicador de Adopción de Propuesta de Valor;;;;;;
Estrategia Comercial Y Propuesta De Valor;Segmento Personas;GD;SGP Negocio > Segmento Personas > Estrategia Comercial Y Propuesta De Valor;3;0;No;Táctico;Diseñar, evaluar y actualizar la propuesta de valor para el Segmento Personas, asegurando su alineación con la estrategia comercial, los objetivos institucionales y la experiencia del cliente.;Indicador;Medir la satisfacción del cliente con la propuesta de valor implementada;Indicador de Satisfacción del Cliente;;;;;;
Estrategia Comercial Y Propuesta De Valor;Segmento Personas;GD;SGP Negocio > Segmento Personas > Estrategia Comercial Y Propuesta De Valor;3;0;No;Táctico;Diseñar, evaluar y actualizar la propuesta de valor para el Segmento Personas, asegurando su alineación con la estrategia comercial, los objetivos institucionales y la experiencia del cliente.;Indicador;Evaluar la efectividad de la segmentación de clientes personas;Indicador de Efectividad de Segmentación;;;;;;
Estrategia Comercial Y Propuesta De Valor;Segmento Personas;GD;SGP Negocio > Segmento Personas > Estrategia Comercial Y Propuesta De Valor;3;0;No;Táctico;Diseñar, evaluar y actualizar la propuesta de valor para el Segmento Personas, asegurando su alineación con la estrategia comercial, los objetivos institucionales y la experiencia del cliente.;Indicador;Monitorear la adopción de nuevos productos y servicios por parte de clientes personas;Indicador de Adopción de Productos;;;;;;
Estrategia Comercial Y Propuesta De Valor;Segmento Personas;GD;SGP Negocio > Segmento Personas > Estrategia Comercial Y Propuesta De Valor;3;0;No;Táctico;Diseñar, evaluar y actualizar la propuesta de valor para el Segmento Personas, asegurando su alineación con la estrategia comercial, los objetivos institucionales y la experiencia del cliente.;Indicador;Medir el impacto de las estrategias comerciales en la retención de clientes;Indicador de Retención de Clientes;;;;;;
Estrategia Comercial Y Propuesta De Valor Empresas;Segmento Empresas;GD;SGP Negocio > Segmento Empresas > Estrategia Comercial Y Propuesta De Valor;3;0;No;Táctico;Diseñar, evaluar y actualizar la propuesta de valor del Segmento Empresas, asegurando su alineación con la estrategia comercial del banco, los objetivos institucionales y la mejora continua de la experiencia del cliente, mediante el análisis de segmentos productivos, el diseño de soluciones comerciales innovadoras y la coordinación de acciones multicanal.;Genérica;Analizar segmentos del sector productivo, identificar necesidades financieras, evaluar propuestas comerciales y coordinar la implementación con productos, canales y regiones.;Propuesta de Valor Integrada para Empresas;;;;;;
Estrategia Comercial Y Propuesta De Valor Empresas;Segmento Empresas;GD;SGP Negocio > Segmento Empresas > Estrategia Comercial Y Propuesta De Valor;3;0;No;Táctico;Diseñar, evaluar y actualizar la propuesta de valor del Segmento Empresas, asegurando su alineación con la estrategia comercial del banco, los objetivos institucionales y la mejora continua de la experiencia del cliente, mediante el análisis de segmentos productivos, el diseño de soluciones comerciales innovadoras y la coordinación de acciones multicanal.;Específica;Diseñar propuestas de valor segmentadas para los distintos perfiles de clientes (PyMEs, grandes empresas, sector público, agro, etc.).;Propuesta de Valor Segmentada;12.5;;;;;
Estrategia Comercial Y Propuesta De Valor Empresas;Segmento Empresas;GD;SGP Negocio > Segmento Empresas > Estrategia Comercial Y Propuesta De Valor;3;0;No;Táctico;Diseñar, evaluar y actualizar la propuesta de valor del Segmento Empresas, asegurando su alineación con la estrategia comercial del banco, los objetivos institucionales y la mejora continua de la experiencia del cliente, mediante el análisis de segmentos productivos, el diseño de soluciones comerciales innovadoras y la coordinación de acciones multicanal.;Específica;Detectar oportunidades de innovación en productos y servicios financieros.;Informe de Innovación Comercial;12.5;;;;;
Estrategia Comercial Y Propuesta De Valor Empresas;Segmento Empresas;GD;SGP Negocio > Segmento Empresas > Estrategia Comercial Y Propuesta De Valor;3;0;No;Táctico;Diseñar, evaluar y actualizar la propuesta de valor del Segmento Empresas, asegurando su alineación con la estrategia comercial del banco, los objetivos institucionales y la mejora continua de la experiencia del cliente, mediante el análisis de segmentos productivos, el diseño de soluciones comerciales innovadoras y la coordinación de acciones multicanal.;Específica;Supervisar e implementar mecanismos de control y seguimiento que aseguren el cumplimiento de políticas internas.;Plan de Acción Comercial Coordinado;12.5;;;;;
Estrategia Comercial Y Propuesta De Valor Empresas;Segmento Empresas;GD;SGP Negocio > Segmento Empresas > Estrategia Comercial Y Propuesta De Valor;3;0;No;Táctico;Diseñar, evaluar y actualizar la propuesta de valor del Segmento Empresas, asegurando su alineación con la estrategia comercial del banco, los objetivos institucionales y la mejora continua de la experiencia del cliente, mediante el análisis de segmentos productivos, el diseño de soluciones comerciales innovadoras y la coordinación de acciones multicanal.;Genérica;Supervisar el alineamiento estratégico de las acciones comerciales con los objetivos institucionales.;Informe de Alineación Comercial Estratégica;;;;;;
Estrategia Comercial Y Propuesta De Valor Empresas;Segmento Empresas;GD;SGP Negocio > Segmento Empresas > Estrategia Comercial Y Propuesta De Valor;3;0;No;Táctico;Diseñar, evaluar y actualizar la propuesta de valor del Segmento Empresas, asegurando su alineación con la estrategia comercial del banco, los objetivos institucionales y la mejora continua de la experiencia del cliente, mediante el análisis de segmentos productivos, el diseño de soluciones comerciales innovadoras y la coordinación de acciones multicanal.;Específica;Evaluar la performance de las acciones comerciales vinculadas a la propuesta de valor.;Informe de Impacto Comercial;12.5;;;;;
Estrategia Comercial Y Propuesta De Valor Empresas;Segmento Empresas;GD;SGP Negocio > Segmento Empresas > Estrategia Comercial Y Propuesta De Valor;3;0;No;Táctico;Diseñar, evaluar y actualizar la propuesta de valor del Segmento Empresas, asegurando su alineación con la estrategia comercial del banco, los objetivos institucionales y la mejora continua de la experiencia del cliente, mediante el análisis de segmentos productivos, el diseño de soluciones comerciales innovadoras y la coordinación de acciones multicanal.;Específica;Generar materiales de comunicación y entrenamiento para equipos comerciales sobre nuevas propuestas.;Kit de Propuesta Comercial Interna;12.5;;;;;
Estrategia Comercial Y Propuesta De Valor Empresas;Segmento Empresas;GD;SGP Negocio > Segmento Empresas > Estrategia Comercial Y Propuesta De Valor;3;0;No;Táctico;Diseñar, evaluar y actualizar la propuesta de valor del Segmento Empresas, asegurando su alineación con la estrategia comercial del banco, los objetivos institucionales y la mejora continua de la experiencia del cliente, mediante el análisis de segmentos productivos, el diseño de soluciones comerciales innovadoras y la coordinación de acciones multicanal.;Específica;Realizar benchmarking y análisis de tendencias de mercado en productos para empresas.;Reporte de Tendencias y Mejores Prácticas;12.5;;;;;
Estrategia Comercial Y Propuesta De Valor Empresas;Segmento Empresas;GD;SGP Negocio > Segmento Empresas > Estrategia Comercial Y Propuesta De Valor;3;0;No;Táctico;Diseñar, evaluar y actualizar la propuesta de valor del Segmento Empresas, asegurando su alineación con la estrategia comercial del banco, los objetivos institucionales y la mejora continua de la experiencia del cliente, mediante el análisis de segmentos productivos, el diseño de soluciones comerciales innovadoras y la coordinación de acciones multicanal.;Específica;Articular campañas comerciales con Canales Digitales y Sucursales.;Campañas Ejecutadas Multicanal;12.5;;;;;
Estrategia Comercial Y Propuesta De Valor Empresas;Segmento Empresas;GD;SGP Negocio > Segmento Empresas > Estrategia Comercial Y Propuesta De Valor;3;0;No;Táctico;Diseñar, evaluar y actualizar la propuesta de valor del Segmento Empresas, asegurando su alineación con la estrategia comercial del banco, los objetivos institucionales y la mejora continua de la experiencia del cliente, mediante el análisis de segmentos productivos, el diseño de soluciones comerciales innovadoras y la coordinación de acciones multicanal.;Específica;Diseñar indicadores de éxito de las propuestas y supervisar su medición.;Tablero de Seguimiento Estratégico;12.5;;;;;
Estrategia Comercial Y Propuesta De Valor Empresas;Segmento Empresas;GD;SGP Negocio > Segmento Empresas > Estrategia Comercial Y Propuesta De Valor;3;0;No;Táctico;Diseñar, evaluar y actualizar la propuesta de valor del Segmento Empresas, asegurando su alineación con la estrategia comercial del banco, los objetivos institucionales y la mejora continua de la experiencia del cliente, mediante el análisis de segmentos productivos, el diseño de soluciones comerciales innovadoras y la coordinación de acciones multicanal.;Indicador;Porcentaje de adopción de propuestas de valor por segmento empresarial;;;;;;;
Estrategia Comercial Y Propuesta De Valor Empresas;Segmento Empresas;GD;SGP Negocio > Segmento Empresas > Estrategia Comercial Y Propuesta De Valor;3;0;No;Táctico;Diseñar, evaluar y actualizar la propuesta de valor del Segmento Empresas, asegurando su alineación con la estrategia comercial del banco, los objetivos institucionales y la mejora continua de la experiencia del cliente, mediante el análisis de segmentos productivos, el diseño de soluciones comerciales innovadoras y la coordinación de acciones multicanal.;Indicador;Número de propuestas de valor implementadas exitosamente;;;;;;;
Estrategia Comercial Y Propuesta De Valor Empresas;Segmento Empresas;GD;SGP Negocio > Segmento Empresas > Estrategia Comercial Y Propuesta De Valor;3;0;No;Táctico;Diseñar, evaluar y actualizar la propuesta de valor del Segmento Empresas, asegurando su alineación con la estrategia comercial del banco, los objetivos institucionales y la mejora continua de la experiencia del cliente, mediante el análisis de segmentos productivos, el diseño de soluciones comerciales innovadoras y la coordinación de acciones multicanal.;Indicador;Tasa de conversión de propuestas de valor en ventas;;;;;;;
Estrategia Comercial Y Propuesta De Valor Empresas;Segmento Empresas;GD;SGP Negocio > Segmento Empresas > Estrategia Comercial Y Propuesta De Valor;3;0;No;Táctico;Diseñar, evaluar y actualizar la propuesta de valor del Segmento Empresas, asegurando su alineación con la estrategia comercial del banco, los objetivos institucionales y la mejora continua de la experiencia del cliente, mediante el análisis de segmentos productivos, el diseño de soluciones comerciales innovadoras y la coordinación de acciones multicanal.;Indicador;Satisfacción del cliente empresarial con las propuestas de valor;;;;;;;
Estrategia Comercial Y Propuesta De Valor Empresas;Segmento Empresas;GD;SGP Negocio > Segmento Empresas > Estrategia Comercial Y Propuesta De Valor;3;0;No;Táctico;Diseñar, evaluar y actualizar la propuesta de valor del Segmento Empresas, asegurando su alineación con la estrategia comercial del banco, los objetivos institucionales y la mejora continua de la experiencia del cliente, mediante el análisis de segmentos productivos, el diseño de soluciones comerciales innovadoras y la coordinación de acciones multicanal.;Indicador;Tiempo promedio de implementación de propuestas de valor;;;;;;;
Estrategia Comercial Y Propuesta De Valor Empresas;Segmento Empresas;GD;SGP Negocio > Segmento Empresas > Estrategia Comercial Y Propuesta De Valor;3;0;No;Táctico;Diseñar, evaluar y actualizar la propuesta de valor del Segmento Empresas, asegurando su alineación con la estrategia comercial del banco, los objetivos institucionales y la mejora continua de la experiencia del cliente, mediante el análisis de segmentos productivos, el diseño de soluciones comerciales innovadoras y la coordinación de acciones multicanal.;Indicador;ROI de las propuestas de valor por segmento;;;;;;;
Estrategia Comercial Y Propuesta De Valor Empresas;Segmento Empresas;GD;SGP Negocio > Segmento Empresas > Estrategia Comercial Y Propuesta De Valor;3;0;No;Táctico;Diseñar, evaluar y actualizar la propuesta de valor del Segmento Empresas, asegurando su alineación con la estrategia comercial del banco, los objetivos institucionales y la mejora continua de la experiencia del cliente, mediante el análisis de segmentos productivos, el diseño de soluciones comerciales innovadoras y la coordinación de acciones multicanal.;Indicador;Número de innovaciones comerciales implementadas;;;;;;;
Estrategia Comercial Y Propuesta De Valor Empresas;Segmento Empresas;GD;SGP Negocio > Segmento Empresas > Estrategia Comercial Y Propuesta De Valor;3;0;No;Táctico;Diseñar, evaluar y actualizar la propuesta de valor del Segmento Empresas, asegurando su alineación con la estrategia comercial del banco, los objetivos institucionales y la mejora continua de la experiencia del cliente, mediante el análisis de segmentos productivos, el diseño de soluciones comerciales innovadoras y la coordinación de acciones multicanal.;Indicador;Porcentaje de cumplimiento de objetivos comerciales estratégicos;;;;;;;
Head De Segmentos;Segmento Personas;GD;SGP Negocio > Segmento Personas > Head De Segmentos;3;0;No;Táctico;Coordinar y supervisar el desempeño comercial de los subsegmentos del Segmento Personas, asegurando la ejecución táctica alineada a la estrategia, el cumplimiento de objetivos comerciales y la mejora continua de la propuesta de valor para cada grupo objetivo.;Genérica;Supervisar y analizar el desempeño comercial por subsegmento. Detectar desvíos y oportunidades, proponer acciones correctivas y articular la implementación con áreas transversales.;Informe de Performance Comercial Consolidado;;;;;;
Head De Segmentos;Segmento Personas;GD;SGP Negocio > Segmento Personas > Head De Segmentos;3;0;No;Táctico;Coordinar y supervisar el desempeño comercial de los subsegmentos del Segmento Personas, asegurando la ejecución táctica alineada a la estrategia, el cumplimiento de objetivos comerciales y la mejora continua de la propuesta de valor para cada grupo objetivo.;Específica;Monitorear el cumplimiento de los objetivos comerciales por subsegmento.;Tablero de Seguimiento Comercial;20;;;;;
Head De Segmentos;Segmento Personas;GD;SGP Negocio > Segmento Personas > Head De Segmentos;3;0;No;Táctico;Coordinar y supervisar el desempeño comercial de los subsegmentos del Segmento Personas, asegurando la ejecución táctica alineada a la estrategia, el cumplimiento de objetivos comerciales y la mejora continua de la propuesta de valor para cada grupo objetivo.;Específica;Coordinar tácticamente la ejecución de acciones comerciales según prioridades y desvíos.;Acciones Comerciales Ejecutadas;20;;;;;
Head De Segmentos;Segmento Personas;GD;SGP Negocio > Segmento Personas > Head De Segmentos;3;0;No;Táctico;Coordinar y supervisar el desempeño comercial de los subsegmentos del Segmento Personas, asegurando la ejecución táctica alineada a la estrategia, el cumplimiento de objetivos comerciales y la mejora continua de la propuesta de valor para cada grupo objetivo.;Específica;Integrar y reportar resultados comerciales por subsegmento, identificando patrones de mejora o riesgo.;Reporte de Gestión Comercial Integrado;20;;;;;
Head De Segmentos;Segmento Personas;GD;SGP Negocio > Segmento Personas > Head De Segmentos;3;0;Sí;Estratégico;Coordinar y supervisar el desempeño comercial de los subsegmentos del Segmento Personas, asegurando la ejecución táctica alineada a la estrategia, el cumplimiento de objetivos comerciales y la mejora continua de la propuesta de valor para cada grupo objetivo.;Genérica;Coordinar a los equipos responsables de cada subsegmento, asegurando alineación táctica, coherencia operativa y cumplimiento de metas.;Plan de Gestión por Subsegmento;;;;;;
Head De Segmentos;Segmento Personas;GD;SGP Negocio > Segmento Personas > Head De Segmentos;3;0;Sí;Estratégico;Coordinar y supervisar el desempeño comercial de los subsegmentos del Segmento Personas, asegurando la ejecución táctica alineada a la estrategia, el cumplimiento de objetivos comerciales y la mejora continua de la propuesta de valor para cada grupo objetivo.;Específica;Supervisar e implementar mecanismos de control y seguimiento que aseguren el cumplimiento de políticas internas.;Informe de Alineamiento Estratégico;20;;;;;
Head De Segmentos;Segmento Personas;GD;SGP Negocio > Segmento Personas > Head De Segmentos;3;0;Sí;Estratégico;Coordinar y supervisar el desempeño comercial de los subsegmentos del Segmento Personas, asegurando la ejecución táctica alineada a la estrategia, el cumplimiento de objetivos comerciales y la mejora continua de la propuesta de valor para cada grupo objetivo.;Específica;Evaluar y retroalimentar propuestas de valor y resultados comerciales para cada subsegmento.;Propuestas Mejoradas por Subsegmento;20;;;;;
Head De Segmentos;Segmento Personas;GD;SGP Negocio > Segmento Personas > Head De Segmentos;3;0;No;Táctico;Coordinar y supervisar el desempeño comercial de los subsegmentos del Segmento Personas, asegurando la ejecución táctica alineada a la estrategia, el cumplimiento de objetivos comerciales y la mejora continua de la propuesta de valor para cada grupo objetivo.;Indicador;Porcentaje de cumplimiento de objetivos comerciales por subsegmento;;;;;;;
Head De Segmentos;Segmento Personas;GD;SGP Negocio > Segmento Personas > Head De Segmentos;3;0;No;Táctico;Coordinar y supervisar el desempeño comercial de los subsegmentos del Segmento Personas, asegurando la ejecución táctica alineada a la estrategia, el cumplimiento de objetivos comerciales y la mejora continua de la propuesta de valor para cada grupo objetivo.;Indicador;Tasa de crecimiento de ventas por subsegmento;;;;;;;
Head De Segmentos;Segmento Personas;GD;SGP Negocio > Segmento Personas > Head De Segmentos;3;0;No;Táctico;Coordinar y supervisar el desempeño comercial de los subsegmentos del Segmento Personas, asegurando la ejecución táctica alineada a la estrategia, el cumplimiento de objetivos comerciales y la mejora continua de la propuesta de valor para cada grupo objetivo.;Indicador;Número de acciones comerciales ejecutadas exitosamente;;;;;;;
Head De Segmentos;Segmento Personas;GD;SGP Negocio > Segmento Personas > Head De Segmentos;3;0;No;Táctico;Coordinar y supervisar el desempeño comercial de los subsegmentos del Segmento Personas, asegurando la ejecución táctica alineada a la estrategia, el cumplimiento de objetivos comerciales y la mejora continua de la propuesta de valor para cada grupo objetivo.;Indicador;Tiempo promedio de respuesta a desvíos comerciales;;;;;;;
Head De Segmentos;Segmento Personas;GD;SGP Negocio > Segmento Personas > Head De Segmentos;3;0;No;Táctico;Coordinar y supervisar el desempeño comercial de los subsegmentos del Segmento Personas, asegurando la ejecución táctica alineada a la estrategia, el cumplimiento de objetivos comerciales y la mejora continua de la propuesta de valor para cada grupo objetivo.;Indicador;Satisfacción del cliente por subsegmento;;;;;;;
Head De Segmentos;Segmento Personas;GD;SGP Negocio > Segmento Personas > Head De Segmentos;3;0;No;Táctico;Coordinar y supervisar el desempeño comercial de los subsegmentos del Segmento Personas, asegurando la ejecución táctica alineada a la estrategia, el cumplimiento de objetivos comerciales y la mejora continua de la propuesta de valor para cada grupo objetivo.;Indicador;ROI de las acciones comerciales por subsegmento;;;;;;;
Head De Segmentos;Segmento Personas;GD;SGP Negocio > Segmento Personas > Head De Segmentos;3;0;No;Táctico;Coordinar y supervisar el desempeño comercial de los subsegmentos del Segmento Personas, asegurando la ejecución táctica alineada a la estrategia, el cumplimiento de objetivos comerciales y la mejora continua de la propuesta de valor para cada grupo objetivo.;Indicador;Número de propuestas de valor mejoradas implementadas;;;;;;;
Head De Segmentos;Segmento Personas;GD;SGP Negocio > Segmento Personas > Head De Segmentos;3;0;No;Táctico;Coordinar y supervisar el desempeño comercial de los subsegmentos del Segmento Personas, asegurando la ejecución táctica alineada a la estrategia, el cumplimiento de objetivos comerciales y la mejora continua de la propuesta de valor para cada grupo objetivo.;Indicador;Porcentaje de alineamiento estratégico entre subsegmentos;;;;;;;
Head De Segmentos Empresas;Segmento Empresas;GD;SGP Negocio > Segmento Empresas > Head De Segmentos;3;0;No;Táctico;Coordinar y supervisar el desempeño comercial de los subsegmentos del Segmento Empresas, asegurando el cumplimiento de objetivos comerciales, la ejecución táctica alineada a la estrategia del banco y la articulación de acciones correctivas y de mejora con las áreas clave como Productos, Canales y Regiones.;Genérica;Monitorear la performance comercial de cada subsegmento del Segmento Empresas, identificar desvíos y oportunidades, y proponer acciones de ajuste.;Informe Consolidado de Gestión Comercial;;;;;;
Head De Segmentos Empresas;Segmento Empresas;GD;SGP Negocio > Segmento Empresas > Head De Segmentos;3;0;No;Táctico;Coordinar y supervisar el desempeño comercial de los subsegmentos del Segmento Empresas, asegurando el cumplimiento de objetivos comerciales, la ejecución táctica alineada a la estrategia del banco y la articulación de acciones correctivas y de mejora con las áreas clave como Productos, Canales y Regiones.;Específica;Monitorear cumplimiento de objetivos comerciales por subsegmento y generar reportes ejecutivos.;;0.0;;;;;
Head De Segmentos Empresas;Segmento Empresas;GD;SGP Negocio > Segmento Empresas > Head De Segmentos;3;0;No;Táctico;Coordinar y supervisar el desempeño comercial de los subsegmentos del Segmento Empresas, asegurando el cumplimiento de objetivos comerciales, la ejecución táctica alineada a la estrategia del banco y la articulación de acciones correctivas y de mejora con las áreas clave como Productos, Canales y Regiones.;Específica;Proponer tácticas correctivas e impulsar acciones comerciales según desvíos.;Plan de Mejora Comercial por Subsegmento;12.5;;;;;
Head De Segmentos Empresas;Segmento Empresas;GD;SGP Negocio > Segmento Empresas > Head De Segmentos;3;0;No;Táctico;Coordinar y supervisar el desempeño comercial de los subsegmentos del Segmento Empresas, asegurando el cumplimiento de objetivos comerciales, la ejecución táctica alineada a la estrategia del banco y la articulación de acciones correctivas y de mejora con las áreas clave como Productos, Canales y Regiones.;Específica;Articular con otras áreas las acciones requeridas para el cumplimiento de metas comerciales.;Acciones Comerciales Coordinadas;12.5;;;;;
Head De Segmentos Empresas;Segmento Empresas;GD;SGP Negocio > Segmento Empresas > Head De Segmentos;3;0;No;Táctico;Coordinar y supervisar el desempeño comercial de los subsegmentos del Segmento Empresas, asegurando el cumplimiento de objetivos comerciales, la ejecución táctica alineada a la estrategia del banco y la articulación de acciones correctivas y de mejora con las áreas clave como Productos, Canales y Regiones.;Genérica;Coordinar la ejecución táctica de acciones transversales con canales, productos, marketing y regiones.;Tablero Integrado de Performance;;;;;;
Head De Segmentos Empresas;Segmento Empresas;GD;SGP Negocio > Segmento Empresas > Head De Segmentos;3;0;No;Táctico;Coordinar y supervisar el desempeño comercial de los subsegmentos del Segmento Empresas, asegurando el cumplimiento de objetivos comerciales, la ejecución táctica alineada a la estrategia del banco y la articulación de acciones correctivas y de mejora con las áreas clave como Productos, Canales y Regiones.;Específica;Articular con otras áreas acciones requeridas para el cumplimiento de metas comerciales.;Acciones Comerciales Coordinadas;12.5;;;;;
Head De Segmentos Empresas;Segmento Empresas;GD;SGP Negocio > Segmento Empresas > Head De Segmentos;3;0;No;Táctico;Coordinar y supervisar el desempeño comercial de los subsegmentos del Segmento Empresas, asegurando el cumplimiento de objetivos comerciales, la ejecución táctica alineada a la estrategia del banco y la articulación de acciones correctivas y de mejora con las áreas clave como Productos, Canales y Regiones.;Específica;Consolidar e interpretar datos de performance comercial con foco en oportunidades de mejora.;Reporte de Desempeño Comercial;12.5;;;;;
Head De Segmentos Empresas;Segmento Empresas;GD;SGP Negocio > Segmento Empresas > Head De Segmentos;3;0;No;Táctico;Coordinar y supervisar el desempeño comercial de los subsegmentos del Segmento Empresas, asegurando el cumplimiento de objetivos comerciales, la ejecución táctica alineada a la estrategia del banco y la articulación de acciones correctivas y de mejora con las áreas clave como Productos, Canales y Regiones.;Específica;Identificar tendencias comerciales por subsegmento y recomendar acciones futuras.;Recomendaciones de Gestión Comercial;12.5;;;;;
Head De Segmentos Empresas;Segmento Empresas;GD;SGP Negocio > Segmento Empresas > Head De Segmentos;3;0;No;Táctico;Coordinar y supervisar el desempeño comercial de los subsegmentos del Segmento Empresas, asegurando el cumplimiento de objetivos comerciales, la ejecución táctica alineada a la estrategia del banco y la articulación de acciones correctivas y de mejora con las áreas clave como Productos, Canales y Regiones.;Específica;Validar consistencia entre estrategia, segmentación y ejecución en los subsegmentos.;Informe de Alineación Táctica;12.5;;;;;
Head De Segmentos Empresas;Segmento Empresas;GD;SGP Negocio > Segmento Empresas > Head De Segmentos;3;0;No;Táctico;Coordinar y supervisar el desempeño comercial de los subsegmentos del Segmento Empresas, asegurando el cumplimiento de objetivos comerciales, la ejecución táctica alineada a la estrategia del banco y la articulación de acciones correctivas y de mejora con las áreas clave como Productos, Canales y Regiones.;Específica;Acompañar lanzamientos de productos o campañas comerciales dirigidas a subsegmentos.;Apoyo en Ejecución Comercial Segmentada;12.5;;;;;
Head De Segmentos Empresas;Segmento Empresas;GD;SGP Negocio > Segmento Empresas > Head De Segmentos;3;0;No;Táctico;Coordinar y supervisar el desempeño comercial de los subsegmentos del Segmento Empresas, asegurando el cumplimiento de objetivos comerciales, la ejecución táctica alineada a la estrategia del banco y la articulación de acciones correctivas y de mejora con las áreas clave como Productos, Canales y Regiones.;Específica;Supervisar la adopción de herramientas de seguimiento por parte de las áreas bajo su influencia.;Informe de Adopción de Herramientas;12.5;;;;;
Head De Segmentos Empresas;Segmento Empresas;GD;SGP Negocio > Segmento Empresas > Head De Segmentos;3;0;No;Táctico;Coordinar y supervisar el desempeño comercial de los subsegmentos del Segmento Empresas, asegurando el cumplimiento de objetivos comerciales, la ejecución táctica alineada a la estrategia del banco y la articulación de acciones correctivas y de mejora con las áreas clave como Productos, Canales y Regiones.;Indicador;Porcentaje de cumplimiento de objetivos comerciales por subsegmento empresarial;;;;;;;
Head De Segmentos Empresas;Segmento Empresas;GD;SGP Negocio > Segmento Empresas > Head De Segmentos;3;0;No;Táctico;Coordinar y supervisar el desempeño comercial de los subsegmentos del Segmento Empresas, asegurando el cumplimiento de objetivos comerciales, la ejecución táctica alineada a la estrategia del banco y la articulación de acciones correctivas y de mejora con las áreas clave como Productos, Canales y Regiones.;Indicador;Tasa de crecimiento de ventas por subsegmento empresarial;;;;;;;
Head De Segmentos Empresas;Segmento Empresas;GD;SGP Negocio > Segmento Empresas > Head De Segmentos;3;0;No;Táctico;Coordinar y supervisar el desempeño comercial de los subsegmentos del Segmento Empresas, asegurando el cumplimiento de objetivos comerciales, la ejecución táctica alineada a la estrategia del banco y la articulación de acciones correctivas y de mejora con las áreas clave como Productos, Canales y Regiones.;Indicador;Número de acciones comerciales coordinadas exitosamente;;;;;;;
Head De Segmentos Empresas;Segmento Empresas;GD;SGP Negocio > Segmento Empresas > Head De Segmentos;3;0;No;Táctico;Coordinar y supervisar el desempeño comercial de los subsegmentos del Segmento Empresas, asegurando el cumplimiento de objetivos comerciales, la ejecución táctica alineada a la estrategia del banco y la articulación de acciones correctivas y de mejora con las áreas clave como Productos, Canales y Regiones.;Indicador;Tiempo promedio de respuesta a desvíos comerciales;;;;;;;
Head De Segmentos Empresas;Segmento Empresas;GD;SGP Negocio > Segmento Empresas > Head De Segmentos;3;0;No;Táctico;Coordinar y supervisar el desempeño comercial de los subsegmentos del Segmento Empresas, asegurando el cumplimiento de objetivos comerciales, la ejecución táctica alineada a la estrategia del banco y la articulación de acciones correctivas y de mejora con las áreas clave como Productos, Canales y Regiones.;Indicador;Satisfacción del cliente empresarial por subsegmento;;;;;;;
Head De Segmentos Empresas;Segmento Empresas;GD;SGP Negocio > Segmento Empresas > Head De Segmentos;3;0;No;Táctico;Coordinar y supervisar el desempeño comercial de los subsegmentos del Segmento Empresas, asegurando el cumplimiento de objetivos comerciales, la ejecución táctica alineada a la estrategia del banco y la articulación de acciones correctivas y de mejora con las áreas clave como Productos, Canales y Regiones.;Indicador;ROI de las acciones comerciales por subsegmento;;;;;;;
Head De Segmentos Empresas;Segmento Empresas;GD;SGP Negocio > Segmento Empresas > Head De Segmentos;3;0;No;Táctico;Coordinar y supervisar el desempeño comercial de los subsegmentos del Segmento Empresas, asegurando el cumplimiento de objetivos comerciales, la ejecución táctica alineada a la estrategia del banco y la articulación de acciones correctivas y de mejora con las áreas clave como Productos, Canales y Regiones.;Indicador;Número de tácticas correctivas implementadas;;;;;;;
Head De Segmentos Empresas;Segmento Empresas;GD;SGP Negocio > Segmento Empresas > Head De Segmentos;3;0;No;Táctico;Coordinar y supervisar el desempeño comercial de los subsegmentos del Segmento Empresas, asegurando el cumplimiento de objetivos comerciales, la ejecución táctica alineada a la estrategia del banco y la articulación de acciones correctivas y de mejora con las áreas clave como Productos, Canales y Regiones.;Indicador;Porcentaje de alineación táctica entre subsegmentos empresariales;;;;;;;
Inteligencia Comercial;Segmento Personas;SGD;SGP Negocio > Segmento Personas > Inteligencia Comercial;3;0;No;Táctico;Brindar soporte analítico, segmentado y predictivo al Segmento Personas, a través de la visualización de datos comerciales, la identificación de oportunidades de negocio y la generación de insights que contribuyan a la eficiencia, alineación estratégica y mejora continua de la gestión comercial.;Genérica;Diseñar e implementar tableros comerciales que permitan monitorear la gestión del segmento y sus subsegmentos.;Tablero Comercial Integrado;;;;;;
Inteligencia Comercial;Segmento Personas;SGD;SGP Negocio > Segmento Personas > Inteligencia Comercial;3;0;No;Táctico;Brindar soporte analítico, segmentado y predictivo al Segmento Personas, a través de la visualización de datos comerciales, la identificación de oportunidades de negocio y la generación de insights que contribuyan a la eficiencia, alineación estratégica y mejora continua de la gestión comercial.;Específica;Construir dashboards de gestión comercial, indicadores clave y paneles de monitoreo.;Dashboards de Gestión Comercial;15;;;;;
Inteligencia Comercial;Segmento Personas;SGD;SGP Negocio > Segmento Personas > Inteligencia Comercial;3;0;No;Táctico;Brindar soporte analítico, segmentado y predictivo al Segmento Personas, a través de la visualización de datos comerciales, la identificación de oportunidades de negocio y la generación de insights que contribuyan a la eficiencia, alineación estratégica y mejora continua de la gestión comercial.;Específica;Detectar oportunidades mediante análisis de comportamiento de clientes, canales y productos.;Alertas y Oportunidades Comerciales;15;;;;;
Inteligencia Comercial;Segmento Personas;SGD;SGP Negocio > Segmento Personas > Inteligencia Comercial;3;0;No;Táctico;Brindar soporte analítico, segmentado y predictivo al Segmento Personas, a través de la visualización de datos comerciales, la identificación de oportunidades de negocio y la generación de insights que contribuyan a la eficiencia, alineación estratégica y mejora continua de la gestión comercial.;Específica;Ejecutar segmentaciones avanzadas de clientes, productos y geografías.;Modelos de Segmentación Comercial;15;;;;;
Inteligencia Comercial;Segmento Personas;SGD;SGP Negocio > Segmento Personas > Inteligencia Comercial;3;0;No;Analítico;Brindar soporte analítico, segmentado y predictivo al Segmento Personas, a través de la visualización de datos comerciales, la identificación de oportunidades de negocio y la generación de insights que contribuyan a la eficiencia, alineación estratégica y mejora continua de la gestión comercial.;Genérica;Consolidar información de performance comercial y generar reportes estratégicos segmentados.;Reportes de Inteligencia Comercial;;;;;;
Inteligencia Comercial;Segmento Personas;SGD;SGP Negocio > Segmento Personas > Inteligencia Comercial;3;0;No;Analítico;Brindar soporte analítico, segmentado y predictivo al Segmento Personas, a través de la visualización de datos comerciales, la identificación de oportunidades de negocio y la generación de insights que contribuyan a la eficiencia, alineación estratégica y mejora continua de la gestión comercial.;Específica;Elaborar modelos de propensión, scoring y predicción de comportamiento;Modelos de Scoring y Propensión;15;;;;;
Inteligencia Comercial;Segmento Personas;SGD;SGP Negocio > Segmento Personas > Inteligencia Comercial;3;0;No;Analítico;Brindar soporte analítico, segmentado y predictivo al Segmento Personas, a través de la visualización de datos comerciales, la identificación de oportunidades de negocio y la generación de insights que contribuyan a la eficiencia, alineación estratégica y mejora continua de la gestión comercial.;Específica;Realizar análisis multivariado y estudios ad hoc para decisiones comerciales.;Estudios e Insights por Segmento;15;;;;;
Inteligencia Comercial;Segmento Personas;SGD;Gerencia General > SGP Clientes > Segmento Personas > Inteligencia Comercial;3;0;No;Analítico;Brindar soporte analítico, segmentado y predictivo al Segmento Personas, a través de la visualización de datos comerciales, la identificación de oportunidades de negocio y la generación de insights que contribuyan a la eficiencia, alineación estratégica y mejora continua de la gestión comercial.;Genérica;Aplicar modelos de análisis predictivo y segmentación para identificar desvíos, oportunidades y patrones de comportamiento.;Modelos y Alertas de Decisión Comercial;;;;;;
Inteligencia Comercial;Segmento Personas;SGD;Gerencia General > SGP Clientes > Segmento Personas > Inteligencia Comercial;3;0;No;Analítico;Brindar soporte analítico, segmentado y predictivo al Segmento Personas, a través de la visualización de datos comerciales, la identificación de oportunidades de negocio y la generación de insights que contribuyan a la eficiencia, alineación estratégica y mejora continua de la gestión comercial.;Específica;Generar reportes de performance de campañas, productos y subsegmentos con foco en eficiencia y mejora.;Informes de Performance Segmentada;25;;;;;
Inteligencia Comercial;Segmento Personas;SGD;SGP Negocio > Segmento Personas > Inteligencia Comercial;3;0;No;Táctico;Brindar soporte analítico, segmentado y predictivo al Segmento Personas, a través de la visualización de datos comerciales, la identificación de oportunidades de negocio y la generación de insights que contribuyan a la eficiencia, alineación estratégica y mejora continua de la gestión comercial.;Indicador;Precisión de los modelos predictivos de comportamiento;;;;;;;
Inteligencia Comercial;Segmento Personas;SGD;SGP Negocio > Segmento Personas > Inteligencia Comercial;3;0;No;Táctico;Brindar soporte analítico, segmentado y predictivo al Segmento Personas, a través de la visualización de datos comerciales, la identificación de oportunidades de negocio y la generación de insights que contribuyan a la eficiencia, alineación estratégica y mejora continua de la gestión comercial.;Indicador;Tiempo promedio de generación de reportes de inteligencia comercial;;;;;;;
Inteligencia Comercial;Segmento Personas;SGD;SGP Negocio > Segmento Personas > Inteligencia Comercial;3;0;No;Táctico;Brindar soporte analítico, segmentado y predictivo al Segmento Personas, a través de la visualización de datos comerciales, la identificación de oportunidades de negocio y la generación de insights que contribuyan a la eficiencia, alineación estratégica y mejora continua de la gestión comercial.;Indicador;Número de oportunidades comerciales identificadas y aprovechadas;;;;;;;
Inteligencia Comercial;Segmento Personas;SGD;SGP Negocio > Segmento Personas > Inteligencia Comercial;3;0;No;Táctico;Brindar soporte analítico, segmentado y predictivo al Segmento Personas, a través de la visualización de datos comerciales, la identificación de oportunidades de negocio y la generación de insights que contribuyan a la eficiencia, alineación estratégica y mejora continua de la gestión comercial.;Indicador;Porcentaje de adopción de dashboards por usuarios comerciales;;;;;;;
Inteligencia Comercial;Segmento Personas;SGD;SGP Negocio > Segmento Personas > Inteligencia Comercial;3;0;No;Táctico;Brindar soporte analítico, segmentado y predictivo al Segmento Personas, a través de la visualización de datos comerciales, la identificación de oportunidades de negocio y la generación de insights que contribuyan a la eficiencia, alineación estratégica y mejora continua de la gestión comercial.;Indicador;Calidad de los insights generados (medida por feedback de usuarios);;;;;;;
Inteligencia Comercial;Segmento Personas;SGD;SGP Negocio > Segmento Personas > Inteligencia Comercial;3;0;No;Táctico;Brindar soporte analítico, segmentado y predictivo al Segmento Personas, a través de la visualización de datos comerciales, la identificación de oportunidades de negocio y la generación de insights que contribuyan a la eficiencia, alineación estratégica y mejora continua de la gestión comercial.;Indicador;Tasa de éxito de las segmentaciones comerciales implementadas;;;;;;;
Inteligencia Comercial;Segmento Personas;SGD;SGP Negocio > Segmento Personas > Inteligencia Comercial;3;0;No;Táctico;Brindar soporte analítico, segmentado y predictivo al Segmento Personas, a través de la visualización de datos comerciales, la identificación de oportunidades de negocio y la generación de insights que contribuyan a la eficiencia, alineación estratégica y mejora continua de la gestión comercial.;Indicador;Número de alertas comerciales generadas y su precisión;;;;;;;
Inteligencia Comercial;Segmento Personas;SGD;SGP Negocio > Segmento Personas > Inteligencia Comercial;3;0;No;Táctico;Brindar soporte analítico, segmentado y predictivo al Segmento Personas, a través de la visualización de datos comerciales, la identificación de oportunidades de negocio y la generación de insights que contribuyan a la eficiencia, alineación estratégica y mejora continua de la gestión comercial.;Indicador;ROI de las acciones basadas en inteligencia comercial;;;;;;;
Inteligencia Comercial Empresas;Segmento Empresas;SGD;SGP Negocio > Segmento Empresas > Inteligencia Comercial;3;0;No;Táctico;Brindar soporte analítico y estratégico al Segmento Empresas mediante el procesamiento, análisis y visualización de datos comerciales. Identificar oportunidades de negocio, generar modelos predictivos, realizar benchmarking competitivo y promover la eficiencia en la toma de decisiones comerciales.;Genérica;Elaborar informes de performance comercial, análisis de comportamiento de empresas, y modelos de segmentación que respalden decisiones de negocio.;Informes de Inteligencia Comercial para Empresas;;;;;;
Inteligencia Comercial Empresas;Segmento Empresas;SGD;SGP Negocio > Segmento Empresas > Inteligencia Comercial;3;0;No;Táctico;Brindar soporte analítico y estratégico al Segmento Empresas mediante el procesamiento, análisis y visualización de datos comerciales. Identificar oportunidades de negocio, generar modelos predictivos, realizar benchmarking competitivo y promover la eficiencia en la toma de decisiones comerciales.;Específica;Construir tableros de seguimiento para la gestión comercial del segmento Empresas.;Tableros de Performance Comercial;15;;;;;
Inteligencia Comercial Empresas;Segmento Empresas;SGD;SGP Negocio > Segmento Empresas > Inteligencia Comercial;3;0;No;Táctico;Brindar soporte analítico y estratégico al Segmento Empresas mediante el procesamiento, análisis y visualización de datos comerciales. Identificar oportunidades de negocio, generar modelos predictivos, realizar benchmarking competitivo y promover la eficiencia en la toma de decisiones comerciales.;Específica;Analizar comportamientos comerciales y detectar oportunidades de gestión empresarial.;Oportunidades Comerciales Segmentadas;15;;;;;
Inteligencia Comercial Empresas;Segmento Empresas;SGD;SGP Negocio > Segmento Empresas > Inteligencia Comercial;3;0;No;Táctico;Brindar soporte analítico y estratégico al Segmento Empresas mediante el procesamiento, análisis y visualización de datos comerciales. Identificar oportunidades de negocio, generar modelos predictivos, realizar benchmarking competitivo y promover la eficiencia en la toma de decisiones comerciales.;Específica;Desarrollar modelos analíticos de segmentación y comportamiento empresarial.;Modelos Predictivos y Segmentación;15;;;;;
Inteligencia Comercial Empresas;Segmento Empresas;SGD;Gerencia General > SGP Clientes > Segmento Empresas > Inteligencia Comercial;3;0;No;Analítico;Brindar soporte analítico y estratégico al Segmento Empresas mediante el procesamiento, análisis y visualización de datos comerciales. Identificar oportunidades de negocio, generar modelos predictivos, realizar benchmarking competitivo y promover la eficiencia en la toma de decisiones comerciales.;Genérica;Construir tableros y reportes por segmento, industria y producto;Dashboard Comercial Empresas;;;;;;
Inteligencia Comercial Empresas;Segmento Empresas;SGD;Gerencia General > SGP Clientes > Segmento Empresas > Inteligencia Comercial;3;0;No;Analítico;Brindar soporte analítico y estratégico al Segmento Empresas mediante el procesamiento, análisis y visualización de datos comerciales. Identificar oportunidades de negocio, generar modelos predictivos, realizar benchmarking competitivo y promover la eficiencia en la toma de decisiones comerciales.;Específica;Elaborar reportes periódicos de performance de campañas y productos.;Informes de Efectividad Comercial;15;;;;;
Inteligencia Comercial Empresas;Segmento Empresas;SGD;Gerencia General > SGP Clientes > Segmento Empresas > Inteligencia Comercial;3;0;No;Analítico;Brindar soporte analítico y estratégico al Segmento Empresas mediante el procesamiento, análisis y visualización de datos comerciales. Identificar oportunidades de negocio, generar modelos predictivos, realizar benchmarking competitivo y promover la eficiencia en la toma de decisiones comerciales.;Genérica;Realizar benchmarking de performance comercial vs. bancos pares;Informe de Competencia;;;;;;
Inteligencia Comercial Empresas;Segmento Empresas;SGD;Gerencia General > SGP Clientes > Segmento Empresas > Inteligencia Comercial;3;0;No;Analítico;Brindar soporte analítico y estratégico al Segmento Empresas mediante el procesamiento, análisis y visualización de datos comerciales. Identificar oportunidades de negocio, generar modelos predictivos, realizar benchmarking competitivo y promover la eficiencia en la toma de decisiones comerciales.;Específica;Analizar rentabilidad por cliente, tipo de empresa y producto;y sugerir ajustes en la oferta.;15;;;;;
Inteligencia Comercial Empresas;Segmento Empresas;SGD;SGP Negocio > Segmento Empresas > Inteligencia Comercial;3;0;No;Táctico;Brindar soporte analítico y estratégico al Segmento Empresas mediante el procesamiento, análisis y visualización de datos comerciales. Identificar oportunidades de negocio, generar modelos predictivos, realizar benchmarking competitivo y promover la eficiencia en la toma de decisiones comerciales.;Específica;Identificar desvíos y proponer ajustes mediante modelos analíticos aplicados.;Reporte de Desvíos Comerciales;15;;;;;
Inteligencia Comercial Empresas;Segmento Empresas;SGD;SGP Negocio > Segmento Empresas > Inteligencia Comercial;3;0;No;Táctico;Brindar soporte analítico y estratégico al Segmento Empresas mediante el procesamiento, análisis y visualización de datos comerciales. Identificar oportunidades de negocio, generar modelos predictivos, realizar benchmarking competitivo y promover la eficiencia en la toma de decisiones comerciales.;Específica;Generar recomendaciones accionables para estrategias de fidelización o desarrollo de cuentas clave.;Recomendaciones para Gestión de Clientes;5;;;;;
Inteligencia Comercial Empresas;Segmento Empresas;SGD;SGP Negocio > Segmento Empresas > Inteligencia Comercial;3;0;No;Táctico;Brindar soporte analítico y estratégico al Segmento Empresas mediante el procesamiento, análisis y visualización de datos comerciales. Identificar oportunidades de negocio, generar modelos predictivos, realizar benchmarking competitivo y promover la eficiencia en la toma de decisiones comerciales.;Específica;Realizar estudios ad hoc según requerimientos del segmento o gerencia general.;Estudios Comerciales Especiales;5;;;;;
Inteligencia Comercial Empresas;Segmento Empresas;SGD;SGP Negocio > Segmento Empresas > Inteligencia Comercial;3;0;No;Táctico;Brindar soporte analítico y estratégico al Segmento Empresas mediante el procesamiento, análisis y visualización de datos comerciales. Identificar oportunidades de negocio, generar modelos predictivos, realizar benchmarking competitivo y promover la eficiencia en la toma de decisiones comerciales.;Indicador;Precisión de los modelos predictivos para empresas;;;;;;;
Inteligencia Comercial Empresas;Segmento Empresas;SGD;SGP Negocio > Segmento Empresas > Inteligencia Comercial;3;0;No;Táctico;Brindar soporte analítico y estratégico al Segmento Empresas mediante el procesamiento, análisis y visualización de datos comerciales. Identificar oportunidades de negocio, generar modelos predictivos, realizar benchmarking competitivo y promover la eficiencia en la toma de decisiones comerciales.;Indicador;Tiempo promedio de generación de reportes de inteligencia empresarial;;;;;;;
Inteligencia Comercial Empresas;Segmento Empresas;SGD;SGP Negocio > Segmento Empresas > Inteligencia Comercial;3;0;No;Táctico;Brindar soporte analítico y estratégico al Segmento Empresas mediante el procesamiento, análisis y visualización de datos comerciales. Identificar oportunidades de negocio, generar modelos predictivos, realizar benchmarking competitivo y promover la eficiencia en la toma de decisiones comerciales.;Indicador;Número de oportunidades comerciales identificadas para empresas;;;;;;;
Inteligencia Comercial Empresas;Segmento Empresas;SGD;SGP Negocio > Segmento Empresas > Inteligencia Comercial;3;0;No;Táctico;Brindar soporte analítico y estratégico al Segmento Empresas mediante el procesamiento, análisis y visualización de datos comerciales. Identificar oportunidades de negocio, generar modelos predictivos, realizar benchmarking competitivo y promover la eficiencia en la toma de decisiones comerciales.;Indicador;Porcentaje de adopción de dashboards por usuarios empresariales;;;;;;;
Inteligencia Comercial Empresas;Segmento Empresas;SGD;SGP Negocio > Segmento Empresas > Inteligencia Comercial;3;0;No;Táctico;Brindar soporte analítico y estratégico al Segmento Empresas mediante el procesamiento, análisis y visualización de datos comerciales. Identificar oportunidades de negocio, generar modelos predictivos, realizar benchmarking competitivo y promover la eficiencia en la toma de decisiones comerciales.;Indicador;Calidad de los insights generados para el segmento empresarial;;;;;;;
Inteligencia Comercial Empresas;Segmento Empresas;SGD;SGP Negocio > Segmento Empresas > Inteligencia Comercial;3;0;No;Táctico;Brindar soporte analítico y estratégico al Segmento Empresas mediante el procesamiento, análisis y visualización de datos comerciales. Identificar oportunidades de negocio, generar modelos predictivos, realizar benchmarking competitivo y promover la eficiencia en la toma de decisiones comerciales.;Indicador;Tasa de éxito de las segmentaciones empresariales implementadas;;;;;;;
Inteligencia Comercial Empresas;Segmento Empresas;SGD;SGP Negocio > Segmento Empresas > Inteligencia Comercial;3;0;No;Táctico;Brindar soporte analítico y estratégico al Segmento Empresas mediante el procesamiento, análisis y visualización de datos comerciales. Identificar oportunidades de negocio, generar modelos predictivos, realizar benchmarking competitivo y promover la eficiencia en la toma de decisiones comerciales.;Indicador;Número de alertas comerciales generadas para empresas y su precisión;;;;;;;
Inteligencia Comercial Empresas;Segmento Empresas;SGD;SGP Negocio > Segmento Empresas > Inteligencia Comercial;3;0;No;Táctico;Brindar soporte analítico y estratégico al Segmento Empresas mediante el procesamiento, análisis y visualización de datos comerciales. Identificar oportunidades de negocio, generar modelos predictivos, realizar benchmarking competitivo y promover la eficiencia en la toma de decisiones comerciales.;Indicador;ROI de las acciones basadas en inteligencia comercial empresarial;;;;;;;
Comunicaciones Y Eventos;Segmento Personas;SGD;SGP Negocio > Segmento Personas > Comunicaciones Y Eventos;3;0;No;Táctico;Diseñar, planificar y ejecutar campañas de comunicación y eventos institucionales para el Segmento Personas, fortaleciendo el vínculo con los públicos objetivos, posicionando la propuesta de valor del Banco Nación e impulsando su imagen institucional con una mirada coordinada, multicanal y centrada en el cliente.;Genérica;Coordinar el diseño de campañas de comunicación para el segmento, articulando con Marketing, Canales y Productos.;Plan de Comunicación del Segmento Personas;;;;;;
Comunicaciones Y Eventos;Segmento Personas;SGD;SGP Negocio > Segmento Personas > Comunicaciones Y Eventos;3;0;No;Táctico;Diseñar, planificar y ejecutar campañas de comunicación y eventos institucionales para el Segmento Personas, fortaleciendo el vínculo con los públicos objetivos, posicionando la propuesta de valor del Banco Nación e impulsando su imagen institucional con una mirada coordinada, multicanal y centrada en el cliente.;Específica;Diseñar e implementar campañas de comunicación específicas para el segmento.;Campañas Comunicacionales Ejecutadas;15;;;;;
Comunicaciones Y Eventos;Segmento Personas;SGD;SGP Negocio > Segmento Personas > Comunicaciones Y Eventos;3;0;No;Táctico;Diseñar, planificar y ejecutar campañas de comunicación y eventos institucionales para el Segmento Personas, fortaleciendo el vínculo con los públicos objetivos, posicionando la propuesta de valor del Banco Nación e impulsando su imagen institucional con una mirada coordinada, multicanal y centrada en el cliente.;Específica;Coordinar la planificación y logística de eventos promocionales o institucionales.;Eventos Ejecutados;15;;;;;
Comunicaciones Y Eventos;Segmento Personas;SGD;SGP Negocio > Segmento Personas > Comunicaciones Y Eventos;3;0;No;Táctico;Diseñar, planificar y ejecutar campañas de comunicación y eventos institucionales para el Segmento Personas, fortaleciendo el vínculo con los públicos objetivos, posicionando la propuesta de valor del Banco Nación e impulsando su imagen institucional con una mirada coordinada, multicanal y centrada en el cliente.;Específica;Coordinar y gestionar procesos críticos del área, alineando esfuerzos con los objetivos estratégicos del Banco.;Campañas Coordinadas Multicanal;15;;;;;
Comunicaciones Y Eventos;Segmento Personas;SGD;SGP Negocio > Segmento Personas > Comunicaciones Y Eventos;3;0;No;Operativo;Diseñar, planificar y ejecutar campañas de comunicación y eventos institucionales para el Segmento Personas, fortaleciendo el vínculo con los públicos objetivos, posicionando la propuesta de valor del Banco Nación e impulsando su imagen institucional con una mirada coordinada, multicanal y centrada en el cliente.;Genérica;Diseñar y ejecutar acciones institucionales y eventos promocionales para posicionar la propuesta de valor.;Agenda de Eventos y Activaciones Institucionales;;;;;;
Comunicaciones Y Eventos;Segmento Personas;SGD;SGP Negocio > Segmento Personas > Comunicaciones Y Eventos;3;0;No;Operativo;Diseñar, planificar y ejecutar campañas de comunicación y eventos institucionales para el Segmento Personas, fortaleciendo el vínculo con los públicos objetivos, posicionando la propuesta de valor del Banco Nación e impulsando su imagen institucional con una mirada coordinada, multicanal y centrada en el cliente.;Específica;Diseñar piezas de comunicación para el segmento Personas en coordinación con Marketing.;Piezas Aprobadas;15;;;;;
Comunicaciones Y Eventos;Segmento Personas;SGD;SGP Negocio > Segmento Personas > Comunicaciones Y Eventos;3;0;No;Operativo;Diseñar, planificar y ejecutar campañas de comunicación y eventos institucionales para el Segmento Personas, fortaleciendo el vínculo con los públicos objetivos, posicionando la propuesta de valor del Banco Nación e impulsando su imagen institucional con una mirada coordinada, multicanal y centrada en el cliente.;Específica;Coordinar eventos institucionales, alianzas y acciones de cercanía con el público objetivo.;Agenda de Eventos Ejecutados;15;;;;;
Comunicaciones Y Eventos;Segmento Personas;SGD;Gerencia General > SGP Clientes > Segmento Personas > Comunicaciones Y Eventos;3;0;No;Táctico;Diseñar, planificar y ejecutar campañas de comunicación y eventos institucionales para el Segmento Personas, fortaleciendo el vínculo con los públicos objetivos, posicionando la propuesta de valor del Banco Nación e impulsando su imagen institucional con una mirada coordinada, multicanal y centrada en el cliente.;Genérica;Coordinar y gestionar procesos críticos del área, alineando esfuerzos con los objetivos estratégicos del Banco.;Campañas Integradas Multicanal;;;;;;
Comunicaciones Y Eventos;Segmento Personas;SGD;Gerencia General > SGP Clientes > Segmento Personas > Comunicaciones Y Eventos;3;0;No;Táctico;Diseñar, planificar y ejecutar campañas de comunicación y eventos institucionales para el Segmento Personas, fortaleciendo el vínculo con los públicos objetivos, posicionando la propuesta de valor del Banco Nación e impulsando su imagen institucional con una mirada coordinada, multicanal y centrada en el cliente.;Específica;Coordinar y gestionar procesos críticos del área, alineando esfuerzos con los objetivos estratégicos del Banco.;Informe de Activaciones y Eventos Ejecutados;25;;;;;
Comunicaciones Y Eventos;Segmento Personas;SGD;SGP Negocio > Segmento Personas > Comunicaciones Y Eventos;3;0;No;Táctico;Diseñar, planificar y ejecutar campañas de comunicación y eventos institucionales para el Segmento Personas, fortaleciendo el vínculo con los públicos objetivos, posicionando la propuesta de valor del Banco Nación e impulsando su imagen institucional con una mirada coordinada, multicanal y centrada en el cliente.;Indicador;Número de campañas comunicacionales ejecutadas exitosamente;;;;;;;
Comunicaciones Y Eventos;Segmento Personas;SGD;SGP Negocio > Segmento Personas > Comunicaciones Y Eventos;3;0;No;Táctico;Diseñar, planificar y ejecutar campañas de comunicación y eventos institucionales para el Segmento Personas, fortaleciendo el vínculo con los públicos objetivos, posicionando la propuesta de valor del Banco Nación e impulsando su imagen institucional con una mirada coordinada, multicanal y centrada en el cliente.;Indicador;Tasa de participación en eventos promocionales e institucionales;;;;;;;
Comunicaciones Y Eventos;Segmento Personas;SGD;SGP Negocio > Segmento Personas > Comunicaciones Y Eventos;3;0;No;Táctico;Diseñar, planificar y ejecutar campañas de comunicación y eventos institucionales para el Segmento Personas, fortaleciendo el vínculo con los públicos objetivos, posicionando la propuesta de valor del Banco Nación e impulsando su imagen institucional con una mirada coordinada, multicanal y centrada en el cliente.;Indicador;Alcance de las campañas de comunicación por canal;;;;;;;
Comunicaciones Y Eventos;Segmento Personas;SGD;SGP Negocio > Segmento Personas > Comunicaciones Y Eventos;3;0;No;Táctico;Diseñar, planificar y ejecutar campañas de comunicación y eventos institucionales para el Segmento Personas, fortaleciendo el vínculo con los públicos objetivos, posicionando la propuesta de valor del Banco Nación e impulsando su imagen institucional con una mirada coordinada, multicanal y centrada en el cliente.;Indicador;Satisfacción del público objetivo con las comunicaciones;;;;;;;
Comunicaciones Y Eventos;Segmento Personas;SGD;SGP Negocio > Segmento Personas > Comunicaciones Y Eventos;3;0;No;Táctico;Diseñar, planificar y ejecutar campañas de comunicación y eventos institucionales para el Segmento Personas, fortaleciendo el vínculo con los públicos objetivos, posicionando la propuesta de valor del Banco Nación e impulsando su imagen institucional con una mirada coordinada, multicanal y centrada en el cliente.;Indicador;Tiempo promedio de ejecución de campañas comunicacionales;;;;;;;
Comunicaciones Y Eventos;Segmento Personas;SGD;SGP Negocio > Segmento Personas > Comunicaciones Y Eventos;3;0;No;Táctico;Diseñar, planificar y ejecutar campañas de comunicación y eventos institucionales para el Segmento Personas, fortaleciendo el vínculo con los públicos objetivos, posicionando la propuesta de valor del Banco Nación e impulsando su imagen institucional con una mirada coordinada, multicanal y centrada en el cliente.;Indicador;ROI de las campañas de comunicación por segmento;;;;;;;
Comunicaciones Y Eventos;Segmento Personas;SGD;SGP Negocio > Segmento Personas > Comunicaciones Y Eventos;3;0;No;Táctico;Diseñar, planificar y ejecutar campañas de comunicación y eventos institucionales para el Segmento Personas, fortaleciendo el vínculo con los públicos objetivos, posicionando la propuesta de valor del Banco Nación e impulsando su imagen institucional con una mirada coordinada, multicanal y centrada en el cliente.;Indicador;Número de piezas de comunicación aprobadas y ejecutadas;;;;;;;
Comunicaciones Y Eventos;Segmento Personas;SGD;SGP Negocio > Segmento Personas > Comunicaciones Y Eventos;3;0;No;Táctico;Diseñar, planificar y ejecutar campañas de comunicación y eventos institucionales para el Segmento Personas, fortaleciendo el vínculo con los públicos objetivos, posicionando la propuesta de valor del Banco Nación e impulsando su imagen institucional con una mirada coordinada, multicanal y centrada en el cliente.;Indicador;Porcentaje de cumplimiento de objetivos de activaciones y eventos;;;;;;;
Comunicaciones Y Eventos Empresas;Segmento Empresas;SGD;SGP Negocio > Segmento Empresas > Comunicaciones Y Eventos;3;0;No;Táctico;Coordinar y ejecutar acciones de comunicación y eventos institucionales para el Segmento Empresas, fortaleciendo el posicionamiento del banco frente al ecosistema empresarial, promoviendo vínculos con clientes de alto valor, difundiendo la propuesta de valor y consolidando la imagen institucional del banco.;Genérica;Diseñar campañas comunicacionales específicas para empresas. Coordinar eventos de relacionamiento, ferias y encuentros corporativos. Integrar esfuerzos con Marketing y otras áreas del banco para una estrategia coherente.;Plan de Comunicación y Eventos para el Segmento Empresas;;;;;;
Comunicaciones Y Eventos Empresas;Segmento Empresas;SGD;Gerencia General > SGP Clientes > Segmento Empresas > Comunicaciones Y Eventos;3;0;No;Táctico;Coordinar y ejecutar acciones de comunicación y eventos institucionales para el Segmento Empresas, fortaleciendo el posicionamiento del banco frente al ecosistema empresarial, promoviendo vínculos con clientes de alto valor, difundiendo la propuesta de valor y consolidando la imagen institucional del banco.;Genérica;Diseñar piezas de comunicación institucional y coordinar la agenda de actividades dirigidas a empresas.;Agenda de Comunicación Institucional;;;;;;
Comunicaciones Y Eventos Empresas;Segmento Empresas;SGD;Gerencia General > SGP Clientes > Segmento Empresas > Comunicaciones Y Eventos;3;0;No;Táctico;Coordinar y ejecutar acciones de comunicación y eventos institucionales para el Segmento Empresas, fortaleciendo el posicionamiento del banco frente al ecosistema empresarial, promoviendo vínculos con clientes de alto valor, difundiendo la propuesta de valor y consolidando la imagen institucional del banco.;Genérica;Producir materiales institucionales y kits de relacionamiento para clientes estratégicos y empresas relevantes.;Kit de Relacionamiento Institucional;;;;;;
Comunicaciones Y Eventos Empresas;Segmento Empresas;SGD;SGP Negocio > Segmento Empresas > Comunicaciones Y Eventos;3;0;No;Táctico;Coordinar y ejecutar acciones de comunicación y eventos institucionales para el Segmento Empresas, fortaleciendo el posicionamiento del banco frente al ecosistema empresarial, promoviendo vínculos con clientes de alto valor, difundiendo la propuesta de valor y consolidando la imagen institucional del banco.;Específica;Diseñar campañas de comunicación adaptadas al perfil de empresas y sectores productivos.;Campañas Comunicacionales Ejecutadas;12.5;;;;;
Comunicaciones Y Eventos Empresas;Segmento Empresas;SGD;SGP Negocio > Segmento Empresas > Comunicaciones Y Eventos;3;0;No;Táctico;Coordinar y ejecutar acciones de comunicación y eventos institucionales para el Segmento Empresas, fortaleciendo el posicionamiento del banco frente al ecosistema empresarial, promoviendo vínculos con clientes de alto valor, difundiendo la propuesta de valor y consolidando la imagen institucional del banco.;Específica;Planificar eventos institucionales y comerciales orientados a empresas.;Eventos Corporativos Realizados;12.5;;;;;
Comunicaciones Y Eventos Empresas;Segmento Empresas;SGD;SGP Negocio > Segmento Empresas > Comunicaciones Y Eventos;3;0;No;Táctico;Coordinar y ejecutar acciones de comunicación y eventos institucionales para el Segmento Empresas, fortaleciendo el posicionamiento del banco frente al ecosistema empresarial, promoviendo vínculos con clientes de alto valor, difundiendo la propuesta de valor y consolidando la imagen institucional del banco.;Específica;Supervisar e implementar mecanismos de control y seguimiento que aseguren el cumplimiento de políticas internas.;Campañas Coordinadas Multisegmento;12.5;;;;;
Comunicaciones Y Eventos Empresas;Segmento Empresas;SGD;SGP Negocio > Segmento Empresas > Comunicaciones Y Eventos;3;0;No;Táctico;Coordinar y ejecutar acciones de comunicación y eventos institucionales para el Segmento Empresas, fortaleciendo el posicionamiento del banco frente al ecosistema empresarial, promoviendo vínculos con clientes de alto valor, difundiendo la propuesta de valor y consolidando la imagen institucional del banco.;Específica;Organizar eventos comerciales, foros sectoriales y rondas empresariales que involucren al banco.;Evento Ejecutado / Informe Post-Evento;12.5;;;;;
Comunicaciones Y Eventos Empresas;Segmento Empresas;SGD;SGP Negocio > Segmento Empresas > Comunicaciones Y Eventos;3;0;No;Táctico;Coordinar y ejecutar acciones de comunicación y eventos institucionales para el Segmento Empresas, fortaleciendo el posicionamiento del banco frente al ecosistema empresarial, promoviendo vínculos con clientes de alto valor, difundiendo la propuesta de valor y consolidando la imagen institucional del banco.;Específica;Supervisar e implementar mecanismos de control y seguimiento que aseguren el cumplimiento de políticas internas.;Registro de Participación Institucional;12.5;;;;;
Comunicaciones Y Eventos Empresas;Segmento Empresas;SGD;SGP Negocio > Segmento Empresas > Comunicaciones Y Eventos;3;0;No;Táctico;Coordinar y ejecutar acciones de comunicación y eventos institucionales para el Segmento Empresas, fortaleciendo el posicionamiento del banco frente al ecosistema empresarial, promoviendo vínculos con clientes de alto valor, difundiendo la propuesta de valor y consolidando la imagen institucional del banco.;Específica;Coordinar piezas visuales y materiales promocionales para difusión en eventos y medios digitales.;Material Institucional Validado;12.5;;;;;
Comunicaciones Y Eventos Empresas;Segmento Empresas;SGD;SGP Negocio > Segmento Empresas > Comunicaciones Y Eventos;3;0;No;Táctico;Coordinar y ejecutar acciones de comunicación y eventos institucionales para el Segmento Empresas, fortaleciendo el posicionamiento del banco frente al ecosistema empresarial, promoviendo vínculos con clientes de alto valor, difundiendo la propuesta de valor y consolidando la imagen institucional del banco.;Específica;Supervisar el cumplimiento del plan de comunicación anual y realizar ajustes según performance.;Informe de Cumplimiento de Agenda;12.5;;;;;
Comunicaciones Y Eventos Empresas;Segmento Empresas;SGD;SGP Negocio > Segmento Empresas > Comunicaciones Y Eventos;3;0;No;Táctico;Coordinar y ejecutar acciones de comunicación y eventos institucionales para el Segmento Empresas, fortaleciendo el posicionamiento del banco frente al ecosistema empresarial, promoviendo vínculos con clientes de alto valor, difundiendo la propuesta de valor y consolidando la imagen institucional del banco.;Específica;Analizar resultados de campañas y eventos mediante métricas de impacto y engagement.;Reporte de Resultados de Comunicación;12.5;;;;;
Comunicaciones Y Eventos Empresas;Segmento Empresas;SGD;SGP Negocio > Segmento Empresas > Comunicaciones Y Eventos;3;0;No;Táctico;Coordinar y ejecutar acciones de comunicación y eventos institucionales para el Segmento Empresas, fortaleciendo el posicionamiento del banco frente al ecosistema empresarial, promoviendo vínculos con clientes de alto valor, difundiendo la propuesta de valor y consolidando la imagen institucional del banco.;Indicador;Número de campañas comunicacionales ejecutadas para empresas;;;;;;;
Comunicaciones Y Eventos Empresas;Segmento Empresas;SGD;SGP Negocio > Segmento Empresas > Comunicaciones Y Eventos;3;0;No;Táctico;Coordinar y ejecutar acciones de comunicación y eventos institucionales para el Segmento Empresas, fortaleciendo el posicionamiento del banco frente al ecosistema empresarial, promoviendo vínculos con clientes de alto valor, difundiendo la propuesta de valor y consolidando la imagen institucional del banco.;Indicador;Tasa de participación en eventos corporativos y sectoriales;;;;;;;
Comunicaciones Y Eventos Empresas;Segmento Empresas;SGD;SGP Negocio > Segmento Empresas > Comunicaciones Y Eventos;3;0;No;Táctico;Coordinar y ejecutar acciones de comunicación y eventos institucionales para el Segmento Empresas, fortaleciendo el posicionamiento del banco frente al ecosistema empresarial, promoviendo vínculos con clientes de alto valor, difundiendo la propuesta de valor y consolidando la imagen institucional del banco.;Indicador;Alcance de las comunicaciones empresariales por canal;;;;;;;
Comunicaciones Y Eventos Empresas;Segmento Empresas;SGD;SGP Negocio > Segmento Empresas > Comunicaciones Y Eventos;3;0;No;Táctico;Coordinar y ejecutar acciones de comunicación y eventos institucionales para el Segmento Empresas, fortaleciendo el posicionamiento del banco frente al ecosistema empresarial, promoviendo vínculos con clientes de alto valor, difundiendo la propuesta de valor y consolidando la imagen institucional del banco.;Indicador;Satisfacción del público empresarial con las comunicaciones;;;;;;;
Comunicaciones Y Eventos Empresas;Segmento Empresas;SGD;SGP Negocio > Segmento Empresas > Comunicaciones Y Eventos;3;0;No;Táctico;Coordinar y ejecutar acciones de comunicación y eventos institucionales para el Segmento Empresas, fortaleciendo el posicionamiento del banco frente al ecosistema empresarial, promoviendo vínculos con clientes de alto valor, difundiendo la propuesta de valor y consolidando la imagen institucional del banco.;Indicador;Tiempo promedio de ejecución de campañas empresariales;;;;;;;
Comunicaciones Y Eventos Empresas;Segmento Empresas;SGD;SGP Negocio > Segmento Empresas > Comunicaciones Y Eventos;3;0;No;Táctico;Coordinar y ejecutar acciones de comunicación y eventos institucionales para el Segmento Empresas, fortaleciendo el posicionamiento del banco frente al ecosistema empresarial, promoviendo vínculos con clientes de alto valor, difundiendo la propuesta de valor y consolidando la imagen institucional del banco.;Indicador;ROI de las campañas de comunicación empresarial;;;;;;;
Comunicaciones Y Eventos Empresas;Segmento Empresas;SGD;SGP Negocio > Segmento Empresas > Comunicaciones Y Eventos;3;0;No;Táctico;Coordinar y ejecutar acciones de comunicación y eventos institucionales para el Segmento Empresas, fortaleciendo el posicionamiento del banco frente al ecosistema empresarial, promoviendo vínculos con clientes de alto valor, difundiendo la propuesta de valor y consolidando la imagen institucional del banco.;Indicador;Número de materiales institucionales validados y ejecutados;;;;;;;
Comunicaciones Y Eventos Empresas;Segmento Empresas;SGD;SGP Negocio > Segmento Empresas > Comunicaciones Y Eventos;3;0;No;Táctico;Coordinar y ejecutar acciones de comunicación y eventos institucionales para el Segmento Empresas, fortaleciendo el posicionamiento del banco frente al ecosistema empresarial, promoviendo vínculos con clientes de alto valor, difundiendo la propuesta de valor y consolidando la imagen institucional del banco.;Indicador;Porcentaje de cumplimiento de objetivos de eventos corporativos;;;;;;;
Activos;Productos;SGD;SGP Negocio > Productos > Activos;3;0;No;Táctico;Diseñar, gestionar y optimizar los productos activos del banco, incluyendo créditos y préstamos, asegurando su alineación con las necesidades de los segmentos, la rentabilidad institucional y la estrategia comercial, mediante el análisis del mercado, el diseño financiero y la coordinación de su colocación y promoción.;Genérica;Coordinar el ciclo de vida de los productos activos. Analizar mercado, regulaciones y rentabilidad.;Portafolio de Productos Activos Vigente;;;;;;
Activos;Productos;SGD;SGP Negocio > Productos > Activos;3;0;No;Táctico;Diseñar, gestionar y optimizar los productos activos del banco, incluyendo créditos y préstamos, asegurando su alineación con las necesidades de los segmentos, la rentabilidad institucional y la estrategia comercial, mediante el análisis del mercado, el diseño financiero y la coordinación de su colocación y promoción.;Específica;Diseñar condiciones financieras y operativas para préstamos.;Condiciones de Productos Activos;15;;;;;
Activos;Productos;SGD;SGP Negocio > Productos > Activos;3;0;No;Táctico;Diseñar, gestionar y optimizar los productos activos del banco, incluyendo créditos y préstamos, asegurando su alineación con las necesidades de los segmentos, la rentabilidad institucional y la estrategia comercial, mediante el análisis del mercado, el diseño financiero y la coordinación de su colocación y promoción.;Específica;Monitorear la colocación, riesgo y rentabilidad de productos activos.;Informe de Gestión de Activos;15;;;;;
Activos;Productos;SGD;SGP Negocio > Productos > Activos;3;0;No;Táctico;Diseñar, gestionar y optimizar los productos activos del banco, incluyendo créditos y préstamos, asegurando su alineación con las necesidades de los segmentos, la rentabilidad institucional y la estrategia comercial, mediante el análisis del mercado, el diseño financiero y la coordinación de su colocación y promoción.;Específica;Coordinar acciones comerciales y comunicacionales con otras áreas.;Campañas de Difusión y Promoción;15;;;;;
Activos;Productos;SGD;SGP Negocio > Productos > Activos;3;0;No;Táctico;Diseñar, gestionar y optimizar los productos activos del banco, incluyendo créditos y préstamos, asegurando su alineación con las necesidades de los segmentos, la rentabilidad institucional y la estrategia comercial, mediante el análisis del mercado, el diseño financiero y la coordinación de su colocación y promoción.;Genérica;Diseñar, ajustar y actualizar productos activos (préstamos, créditos, líneas especiales), asegurando su adecuación estratégica y operativa. Coordinar su implementación con canales y marketing.;Portafolio de Productos Activos Actualizado;;;;;;
Activos;Productos;SGD;SGP Negocio > Productos > Activos;3;0;No;Táctico;Diseñar, gestionar y optimizar los productos activos del banco, incluyendo créditos y préstamos, asegurando su alineación con las necesidades de los segmentos, la rentabilidad institucional y la estrategia comercial, mediante el análisis del mercado, el diseño financiero y la coordinación de su colocación y promoción.;Específica;Diseñar productos de crédito y actualizar condiciones según estrategia y contexto.;Productos de Crédito Definidos;15;;;;;
Activos;Productos;SGD;SGP Negocio > Productos > Activos;3;0;No;Táctico;Diseñar, gestionar y optimizar los productos activos del banco, incluyendo créditos y préstamos, asegurando su alineación con las necesidades de los segmentos, la rentabilidad institucional y la estrategia comercial, mediante el análisis del mercado, el diseño financiero y la coordinación de su colocación y promoción.;Específica;Evaluar la performance y rentabilidad de los productos activos vigentes.;Reporte de Rentabilidad de Activos;15;;;;;
Activos;Productos;SGD;SGP Negocio > Productos > Activos;3;0;No;Táctico;Diseñar, gestionar y optimizar los productos activos del banco, incluyendo créditos y préstamos, asegurando su alineación con las necesidades de los segmentos, la rentabilidad institucional y la estrategia comercial, mediante el análisis del mercado, el diseño financiero y la coordinación de su colocación y promoción.;Específica;Coordinar acciones con canales y marketing para su difusión y gestión comercial.;Campañas de Promoción de Créditos;25;;;;;
Activos;Productos;SGD;SGP Negocio > Productos > Activos;3;0;No;Táctico;Diseñar, gestionar y optimizar los productos activos del banco, incluyendo créditos y préstamos, asegurando su alineación con las necesidades de los segmentos, la rentabilidad institucional y la estrategia comercial, mediante el análisis del mercado, el diseño financiero y la coordinación de su colocación y promoción.;Indicador;Penetración y uso por producto y segmento;Portafolio de Productos Activos Vigente;;;;;;
Activos;Productos;SGD;SGP Negocio > Productos > Activos;3;0;No;Táctico;Diseñar, gestionar y optimizar los productos activos del banco, incluyendo créditos y préstamos, asegurando su alineación con las necesidades de los segmentos, la rentabilidad institucional y la estrategia comercial, mediante el análisis del mercado, el diseño financiero y la coordinación de su colocación y promoción.;Indicador;Rentabilidad (margen bruto / neto) por producto;Portafolio de Productos Activos Vigente;;;;;;
Activos;Productos;SGD;SGP Negocio > Productos > Activos;3;0;No;Táctico;Diseñar, gestionar y optimizar los productos activos del banco, incluyendo créditos y préstamos, asegurando su alineación con las necesidades de los segmentos, la rentabilidad institucional y la estrategia comercial, mediante el análisis del mercado, el diseño financiero y la coordinación de su colocación y promoción.;Indicador;Tasa de activación / deserción por producto;Portafolio de Productos Activos Vigente;;;;;;
Activos;Productos;SGD;SGP Negocio > Productos > Activos;3;0;No;Táctico;Diseñar, gestionar y optimizar los productos activos del banco, incluyendo créditos y préstamos, asegurando su alineación con las necesidades de los segmentos, la rentabilidad institucional y la estrategia comercial, mediante el análisis del mercado, el diseño financiero y la coordinación de su colocación y promoción.;Indicador;% digitalización y autoservicio del producto;Portafolio de Productos Activos Vigente;;;;;;
Activos;Productos;SGD;SGP Negocio > Productos > Activos;3;0;No;Táctico;Diseñar, gestionar y optimizar los productos activos del banco, incluyendo créditos y préstamos, asegurando su alineación con las necesidades de los segmentos, la rentabilidad institucional y la estrategia comercial, mediante el análisis del mercado, el diseño financiero y la coordinación de su colocación y promoción.;Indicador;Reclamos asociados / NPS de producto;Portafolio de Productos Activos Vigente;;;;;;
Activos;Productos;SGD;SGP Negocio > Productos > Activos;3;0;No;Táctico;Diseñar, gestionar y optimizar los productos activos del banco, incluyendo créditos y préstamos, asegurando su alineación con las necesidades de los segmentos, la rentabilidad institucional y la estrategia comercial, mediante el análisis del mercado, el diseño financiero y la coordinación de su colocación y promoción.;Indicador;Tiempos de onboarding y operación;Portafolio de Productos Activos Vigente;;;;;;
Activos;Productos;SGD;SGP Negocio > Productos > Activos;3;0;No;Táctico;Diseñar, gestionar y optimizar los productos activos del banco, incluyendo créditos y préstamos, asegurando su alineación con las necesidades de los segmentos, la rentabilidad institucional y la estrategia comercial, mediante el análisis del mercado, el diseño financiero y la coordinación de su colocación y promoción.;Indicador;Aportes al ROE o ROA institucional;Portafolio de Productos Activos Vigente;;;;;;
Banca Digital;Canales;GD;SGP Negocio > Canales > Banca Digital;3;0;No;Táctico;Gestionar y evolucionar los canales digitales del banco, garantizando su disponibilidad, usabilidad y alineación con las expectativas de los usuarios y la estrategia digital del banco.;Genérica;Coordinar evolución de Home Banking, App y otros canales digitales. Alinear con segmentos y productos.;Roadmap de Canales Digitales;;;;;;
Banca Digital;Canales;GD;SGP Negocio > Canales > Banca Digital;3;0;No;Táctico;Gestionar y evolucionar los canales digitales del banco, garantizando su disponibilidad, usabilidad y alineación con las expectativas de los usuarios y la estrategia digital del banco.;Específica;Definir requerimientos y funcionalidades prioritarias para canales digitales.;Matriz de Requerimientos Priorizados;15;;;;;
Banca Digital;Canales;GD;SGP Negocio > Canales > Banca Digital;3;0;No;Táctico;Gestionar y evolucionar los canales digitales del banco, garantizando su disponibilidad, usabilidad y alineación con las expectativas de los usuarios y la estrategia digital del banco.;Específica;Monitorear performance técnica y uso de los canales digitales.;Dashboard de Performance Digital;15;;;;;
Banca Digital;Canales;GD;SGP Negocio > Canales > Banca Digital;3;0;No;Táctico;Gestionar y evolucionar los canales digitales del banco, garantizando su disponibilidad, usabilidad y alineación con las expectativas de los usuarios y la estrategia digital del banco.;Específica;Coordinar con tecnología la evolución técnica de los canales.;Releases Aprobadas;15;;;;;
Banca Digital;Canales;GD;SGP Negocio > Canales > Banca Digital;3;0;No;Táctico;Gestionar y evolucionar los canales digitales del banco, garantizando su disponibilidad, usabilidad y alineación con las expectativas de los usuarios y la estrategia digital del banco.;Genérica;Diseñar y mantener la estrategia de canales digitales. Supervisar la operación de plataformas online. Detectar oportunidades de mejora e innovación en la experiencia digital.;Estrategia de Banca Digital y Tablero de Evolución;;;;;;
Banca Digital;Canales;GD;SGP Negocio > Canales > Banca Digital;3;0;No;Táctico;Gestionar y evolucionar los canales digitales del banco, garantizando su disponibilidad, usabilidad y alineación con las expectativas de los usuarios y la estrategia digital del banco.;Específica;Diseñar e implementar mejoras continuas en la plataforma de banca digital.;Actualizaciones y Releases de Plataformas;15;;;;;
Banca Digital;Canales;GD;SGP Negocio > Canales > Banca Digital;3;0;No;Táctico;Gestionar y evolucionar los canales digitales del banco, garantizando su disponibilidad, usabilidad y alineación con las expectativas de los usuarios y la estrategia digital del banco.;Específica;Supervisar la operación diaria de canales digitales y resolver incidencias.;Reporte de Operación Digital;15;;;;;
Banca Digital;Canales;GD;SGP Negocio > Canales > Banca Digital;3;0;No;Táctico;Gestionar y evolucionar los canales digitales del banco, garantizando su disponibilidad, usabilidad y alineación con las expectativas de los usuarios y la estrategia digital del banco.;Específica;Identificar oportunidades de innovación y mejoras en la experiencia digital.;Informe de Oportunidades de Mejora;25;;;;;
Banca Digital;Canales;GD;SGP Negocio > Canales > Banca Digital;3;0;No;Táctico;Gestionar y evolucionar los canales digitales del banco, garantizando su disponibilidad, usabilidad y alineación con las expectativas de los usuarios y la estrategia digital del banco.;Indicador;Usuarios activos mensuales por canal (personas / empresas);Roadmap de Canales Digitales;;;;;;
Banca Digital;Canales;GD;SGP Negocio > Canales > Banca Digital;3;0;No;Táctico;Gestionar y evolucionar los canales digitales del banco, garantizando su disponibilidad, usabilidad y alineación con las expectativas de los usuarios y la estrategia digital del banco.;Indicador;% operaciones digitales vs. presenciales (digitalización);Roadmap de Canales Digitales;;;;;;
Banca Digital;Canales;GD;SGP Negocio > Canales > Banca Digital;3;0;No;Táctico;Gestionar y evolucionar los canales digitales del banco, garantizando su disponibilidad, usabilidad y alineación con las expectativas de los usuarios y la estrategia digital del banco.;Indicador;Tasa de éxito de operaciones por journey;Roadmap de Canales Digitales;;;;;;
Banca Digital;Canales;GD;SGP Negocio > Canales > Banca Digital;3;0;No;Táctico;Gestionar y evolucionar los canales digitales del banco, garantizando su disponibilidad, usabilidad y alineación con las expectativas de los usuarios y la estrategia digital del banco.;Indicador;Tasa de abandono y errores funcionales / técnicos;Roadmap de Canales Digitales;;;;;;
Banca Digital;Canales;GD;SGP Negocio > Canales > Banca Digital;3;0;No;Táctico;Gestionar y evolucionar los canales digitales del banco, garantizando su disponibilidad, usabilidad y alineación con las expectativas de los usuarios y la estrategia digital del banco.;Indicador;Tiempo promedio de resolución de incidentes digitales;Roadmap de Canales Digitales;;;;;;
Banca Digital;Canales;GD;SGP Negocio > Canales > Banca Digital;3;0;No;Táctico;Gestionar y evolucionar los canales digitales del banco, garantizando su disponibilidad, usabilidad y alineación con las expectativas de los usuarios y la estrategia digital del banco.;Indicador;NPS digital / índice de satisfacción por canal;Roadmap de Canales Digitales;;;;;;
Banca Digital;Canales;GD;SGP Negocio > Canales > Banca Digital;3;0;No;Táctico;Gestionar y evolucionar los canales digitales del banco, garantizando su disponibilidad, usabilidad y alineación con las expectativas de los usuarios y la estrategia digital del banco.;Indicador;Nº de funcionalidades lanzadas o mejoradas por trimestre;Roadmap de Canales Digitales;;;;;;
Coordinación Del Negocio;Coordinación Del Negocio Y Datos;JPD;SGP Negocio > Coordinación del Negocio y Datos > Coordinación del Negocio;3;0;No;Táctico;Coordinar la planificación y gestión operativa del negocio a partir del monitoreo de planes, indicadores y actividades comerciales de las unidades bajo la SG de Negocios.;Genérica;Consolidar indicadores de gestión. Coordinar planes tácticos del negocio. Articular ejecución con áreas soporte.;Tablero de Control del Negocio;;;;;;
Coordinación Del Negocio;Coordinación Del Negocio Y Datos;JPD;SGP Negocio > Coordinación del Negocio y Datos > Coordinación del Negocio;3;0;No;Táctico;Coordinar la planificación y gestión operativa del negocio a partir del monitoreo de planes, indicadores y actividades comerciales de las unidades bajo la SG de Negocios.;Específica;Monitorear el cumplimiento del plan comercial y coordinar ajustes tácticos.;Informe de Seguimiento Comercial;60;;;;;
Coordinación Del Negocio;Coordinación Del Negocio Y Datos;JPD;SGP Negocio > Coordinación del Negocio y Datos > Coordinación del Negocio;3;0;No;Táctico;Coordinar la planificación y gestión operativa del negocio a partir del monitoreo de planes, indicadores y actividades comerciales de las unidades bajo la SG de Negocios.;Específica;Articular acciones de mejora con áreas soporte según desvíos detectados.;Planes de Acción Correctiva;40;;;;;
Data Personas;Coordinación Del Negocio Y Datos;JPD;SGP Negocio > Coordinación del Negocio y Datos > Data Personas;3;0;No;Táctico;Asegurar la calidad, disponibilidad y consistencia de los datos del segmento Personas, facilitando su aprovechamiento para la toma de decisiones comerciales, operativas y estratégicas.;Genérica;Coordinar y gestionar procesos críticos del área, alineando esfuerzos con los objetivos estratégicos del Banco.;Base de Datos Segmento Personas Consolidada y Validada;;;;;;
Data Personas;Coordinación Del Negocio Y Datos;JPD;SGP Negocio > Coordinación del Negocio y Datos > Data Personas;3;0;No;Táctico;Asegurar la calidad, disponibilidad y consistencia de los datos del segmento Personas, facilitando su aprovechamiento para la toma de decisiones comerciales, operativas y estratégicas.;Específica;Supervisar e implementar mecanismos de control y seguimiento que aseguren el cumplimiento de políticas internas.;Modelo de Datos de Personas;50;;;;;
Data Personas;Coordinación Del Negocio Y Datos;JPD;SGP Negocio > Coordinación del Negocio y Datos > Data Personas;3;0;No;Táctico;Asegurar la calidad, disponibilidad y consistencia de los datos del segmento Personas, facilitando su aprovechamiento para la toma de decisiones comerciales, operativas y estratégicas.;Específica;Proveer datos validados y actualizados para uso comercial y analítico.;Dataset Curado de Personas;50;;;;;
Data Empresas;Coordinación Del Negocio Y Datos;JPD;SGP Negocio > Coordinación del Negocio y Datos > Data Empresas;3;0;No;Táctico;Gestionar la arquitectura, calidad y explotación de los datos del segmento Empresas, garantizando su alineación con las necesidades de análisis, control y decisión del negocio.;Genérica;Coordinar y gestionar procesos críticos del área, alineando esfuerzos con los objetivos estratégicos del Banco.;Modelo de Datos Empresariales Estandarizado;;;;;;
Data Empresas;Coordinación Del Negocio Y Datos;JPD;SGP Negocio > Coordinación del Negocio y Datos > Data Empresas;3;0;No;Táctico;Gestionar la arquitectura, calidad y explotación de los datos del segmento Empresas, garantizando su alineación con las necesidades de análisis, control y decisión del negocio.;Específica;Diseñar e implementar procesos de carga y mantenimiento de datos.;Tablas Actualizadas de Empresas;50;;;;;
Data Empresas;Coordinación Del Negocio Y Datos;JPD;SGP Negocio > Coordinación del Negocio y Datos > Data Empresas;3;0;No;Táctico;Gestionar la arquitectura, calidad y explotación de los datos del segmento Empresas, garantizando su alineación con las necesidades de análisis, control y decisión del negocio.;Específica;Coordinar validaciones cruzadas y disponibilización de vistas para usuarios internos.;Dashboard de Datos de Empresas;50;;;;;
Data Canales;Coordinación Del Negocio Y Datos;JPD;SGP Negocio > Coordinación del Negocio y Datos > Data Canales;3;0;No;Táctico;Asegurar el registro, calidad y análisis de datos provenientes de los distintos canales del banco, promoviendo su uso para monitoreo de desempeño, planeamiento y mejora continua.;Genérica;Estandarizar fuentes, integrar métricas y generar vistas operativas y estratégicas.;Modelo Unificado de Datos de Canales;;;;;;
Data Canales;Coordinación Del Negocio Y Datos;JPD;SGP Negocio > Coordinación del Negocio y Datos > Data Canales;3;0;No;Táctico;Asegurar el registro, calidad y análisis de datos provenientes de los distintos canales del banco, promoviendo su uso para monitoreo de desempeño, planeamiento y mejora continua.;Específica;Integrar datos de atención presencial, digital y remota.;Matriz Consolidada de Canales;50;;;;;
Data Canales;Coordinación Del Negocio Y Datos;JPD;SGP Negocio > Coordinación del Negocio y Datos > Data Canales;3;0;No;Táctico;Asegurar el registro, calidad y análisis de datos provenientes de los distintos canales del banco, promoviendo su uso para monitoreo de desempeño, planeamiento y mejora continua.;Específica;Construir dashboards de performance para cada canal.;Reportes de Seguimiento de Canales;50;;;;;
Data Productos, Medios de Pago y Otros;Coordinación Del Negocio Y Datos;JPD;SGP Negocio > Coordinación del Negocio y Datos > Data Productos, Medios de Pago y Otros;3;0;No;Táctico;Diseñar, consolidar y mantener estructuras de datos confiables y alineadas a la operación y toma de decisiones sobre productos, medios de pago y áreas funcionales no segmentadas.;Genérica;Administrar la calidad, modelo y disponibilidad de datos vinculados a productos, medios de pago y otros ámbitos de negocio.;Tablas Maestras y Modelos de Datos Integrados;;;;;;
Data Productos, Medios de Pago y Otros;Coordinación Del Negocio Y Datos;JPD;SGP Negocio > Coordinación del Negocio y Datos > Data Productos, Medios de Pago y Otros;3;0;No;Táctico;Diseñar, consolidar y mantener estructuras de datos confiables y alineadas a la operación y toma de decisiones sobre productos, medios de pago y áreas funcionales no segmentadas.;Específica;Estandarizar modelos y construir procesos ETL para reportes de gestión.;Estructuras de Datos Automatizadas;60;;;;;
Data Productos, Medios de Pago y Otros;Coordinación Del Negocio Y Datos;JPD;SGP Negocio > Coordinación del Negocio y Datos > Data Productos, Medios de Pago y Otros;3;0;No;Táctico;Diseñar, consolidar y mantener estructuras de datos confiables y alineadas a la operación y toma de decisiones sobre productos, medios de pago y áreas funcionales no segmentadas.;Específica;Proveer dashboards y datasets para monitoreo operativo y estratégico.;Dashboards para Seguimiento del Negocio;40;;;;;
Experiencia Del Cliente Y Modelo De Atención;Canales;GD;SGP Negocio > Canales > Experiencia del Cliente y Modelo de Atención;3;0;No;Estratégico;Diseñar e implementar el modelo de atención integral al cliente, fortaleciendo su experiencia y garantizando la consistencia y eficacia en todos los puntos de contacto.;Genérica;Definir lineamientos y protocolos de atención en todos los canales. Evaluar experiencia y proponer mejoras.;Modelo Integral de Atención al Cliente;;;;;;
Experiencia Del Cliente Y Modelo De Atención;Canales;GD;SGP Negocio > Canales > Experiencia del Cliente y Modelo de Atención;3;0;No;Estratégico;Diseñar e implementar el modelo de atención integral al cliente, fortaleciendo su experiencia y garantizando la consistencia y eficacia en todos los puntos de contacto.;Específica;Desarrollar protocolos de atención omnicanal basados en necesidades del cliente.;Protocolos de Atención Documentados;20;;;;;
Experiencia Del Cliente Y Modelo De Atención;Canales;GD;SGP Negocio > Canales > Experiencia del Cliente y Modelo de Atención;3;0;No;Estratégico;Diseñar e implementar el modelo de atención integral al cliente, fortaleciendo su experiencia y garantizando la consistencia y eficacia en todos los puntos de contacto.;Específica;Evaluar satisfacción del cliente e identificar oportunidades de mejora.;Informe de Resultados y Recomendaciones;20;;;;;
Experiencia Del Cliente Y Modelo De Atención;Canales;GD;SGP Negocio > Canales > Experiencia del Cliente y Modelo de Atención;3;0;No;Táctico;Diseñar e implementar el modelo de atención integral al cliente, fortaleciendo su experiencia y garantizando la consistencia y eficacia en todos los puntos de contacto.;Genérica;Establecer lineamientos del modelo de atención multicanal. Identificar fricciones en la experiencia de los clientes. Diseñar iniciativas de mejora y transformación. Coordinar con canales físicos y digitales.;Modelo de Atención Multicanal y Reportes de Experiencia;;;;;;
Experiencia Del Cliente Y Modelo De Atención;Canales;GD;SGP Negocio > Canales > Experiencia del Cliente y Modelo de Atención;3;0;No;Táctico;Diseñar e implementar el modelo de atención integral al cliente, fortaleciendo su experiencia y garantizando la consistencia y eficacia en todos los puntos de contacto.;Específica;Diseñar e implementar el modelo de atención alineado con los distintos canales.;Modelo de Atención Documentado;20;;;;;
Experiencia Del Cliente Y Modelo De Atención;Canales;GD;SGP Negocio > Canales > Experiencia del Cliente y Modelo de Atención;3;0;No;Táctico;Diseñar e implementar el modelo de atención integral al cliente, fortaleciendo su experiencia y garantizando la consistencia y eficacia en todos los puntos de contacto.;Específica;Identificar fricciones en la experiencia de atención y proponer soluciones.;Mapa de Fricciones y Planes de Mejora;20;;;;;
Experiencia Del Cliente Y Modelo De Atención;Canales;GD;SGP Negocio > Canales > Experiencia del Cliente y Modelo de Atención;3;0;No;Táctico;Diseñar e implementar el modelo de atención integral al cliente, fortaleciendo su experiencia y garantizando la consistencia y eficacia en todos los puntos de contacto.;Específica;Monitorear indicadores de experiencia del cliente y proponer mejoras.;Reporte de Indicadores de Experiencia;20;;;;;
Gestión Comercial;Canales;GD;SGP Negocio > Canales > Gestión Comercial;3;0;No;Táctico;Coordinar la ejecución comercial en los distintos canales, garantizando la consistencia, foco en los objetivos estratégicos y correcta implementación de campañas y acciones definidas.;Genérica;Supervisar la implementación de iniciativas comerciales en red de atención. Consolidar resultados.;Tablero de Ejecución Comercial;;;;;;
Gestión Comercial;Canales;GD;SGP Negocio > Canales > Gestión Comercial;3;0;No;Táctico;Coordinar la ejecución comercial en los distintos canales, garantizando la consistencia, foco en los objetivos estratégicos y correcta implementación de campañas y acciones definidas.;Específica;Alinear equipos comerciales con campañas activas, segmentación y foco estratégico.;Informe de Implementación;20;;;;;
Gestión Comercial;Canales;GD;SGP Negocio > Canales > Gestión Comercial;3;0;No;Táctico;Coordinar la ejecución comercial en los distintos canales, garantizando la consistencia, foco en los objetivos estratégicos y correcta implementación de campañas y acciones definidas.;Específica;Proponer ajustes según feedback de red y resultados de las campañas.;Recomendaciones de Ajuste Comercial;20;;;;;
Gestión Comercial;Canales;GD;SGP Negocio > Canales > Gestión Comercial;3;0;No;Táctico;Coordinar la ejecución comercial en los distintos canales, garantizando la consistencia, foco en los objetivos estratégicos y correcta implementación de campañas y acciones definidas.;Genérica;Consolidar información de gestión comercial. Coordinar la ejecución de acciones con los canales físicos y digitales. Monitorear resultados y proponer ajustes para el cumplimiento de metas.;Reporte de Gestión Comercial de Canales;;;;;;
Gestión Comercial;Canales;GD;SGP Negocio > Canales > Gestión Comercial;3;0;No;Táctico;Coordinar la ejecución comercial en los distintos canales, garantizando la consistencia, foco en los objetivos estratégicos y correcta implementación de campañas y acciones definidas.;Específica;Consolidar y analizar indicadores de gestión comercial en todos los canales.;Dashboard de Resultados Comerciales;20;;;;;
Gestión Comercial;Canales;GD;SGP Negocio > Canales > Gestión Comercial;3;0;No;Táctico;Coordinar la ejecución comercial en los distintos canales, garantizando la consistencia, foco en los objetivos estratégicos y correcta implementación de campañas y acciones definidas.;Específica;Coordinar la ejecución de acciones comerciales y campañas en canales físicos y digitales.;Ejecución de Campañas Comerciales;20;;;;;
Gestión Comercial;Canales;GD;SGP Negocio > Canales > Gestión Comercial;3;0;No;Táctico;Coordinar la ejecución comercial en los distintos canales, garantizando la consistencia, foco en los objetivos estratégicos y correcta implementación de campañas y acciones definidas.;Específica;Proponer ajustes a la gestión y diseño de acciones comerciales en base al análisis de resultados.;Propuesta de Mejora Comercial;20;;;;;
Gestión Operativa De Sucursales;Canales;GD;SGP Negocio > Canales > Gestión Operativa de Sucursales;3;0;No;Táctico;Asegurar el funcionamiento eficiente de la red de sucursales, garantizando cumplimiento de protocolos, uso de herramientas, coordinación operativa y soporte a las necesidades de atención.;Genérica;Supervisar operación de sucursales, definir lineamientos operativos y articular con soporte.;Instructivos Operativos y Reportes de Gestión;;;;;;
Gestión Operativa De Sucursales;Canales;GD;SGP Negocio > Canales > Gestión Operativa de Sucursales;3;0;No;Táctico;Asegurar el funcionamiento eficiente de la red de sucursales, garantizando cumplimiento de protocolos, uso de herramientas, coordinación operativa y soporte a las necesidades de atención.;Específica;Supervisar e implementar mecanismos de control y seguimiento que aseguren el cumplimiento de políticas internas.;Checklist de Sucursales y Reportes de Incidencias;20;;;;;
Gestión Operativa De Sucursales;Canales;GD;SGP Negocio > Canales > Gestión Operativa de Sucursales;3;0;No;Táctico;Asegurar el funcionamiento eficiente de la red de sucursales, garantizando cumplimiento de protocolos, uso de herramientas, coordinación operativa y soporte a las necesidades de atención.;Específica;Consolidar indicadores operativos y proponer ajustes de procesos.;KPIs de Sucursales y Acciones Correctivas;20;;;;;
Gestión Operativa De Sucursales;Canales;GD;SGP Negocio > Canales > Gestión Operativa de Sucursales;3;0;Sí;Táctico;Asegurar el funcionamiento eficiente de la red de sucursales, garantizando cumplimiento de protocolos, uso de herramientas, coordinación operativa y soporte a las necesidades de atención.;Genérica;Supervisar e implementar mecanismos de control y seguimiento que aseguren el cumplimiento de políticas internas.;Informe de Operación de Sucursales;;;;;;
Gestión Operativa De Sucursales;Canales;GD;SGP Negocio > Canales > Gestión Operativa de Sucursales;3;0;Sí;Táctico;Asegurar el funcionamiento eficiente de la red de sucursales, garantizando cumplimiento de protocolos, uso de herramientas, coordinación operativa y soporte a las necesidades de atención.;Específica;Supervisar la implementación operativa de procesos y servicios en las sucursales.;Cumplimiento Operativo de Estándares;20;;;;;
Gestión Operativa De Sucursales;Canales;GD;SGP Negocio > Canales > Gestión Operativa de Sucursales;3;0;Sí;Táctico;Asegurar el funcionamiento eficiente de la red de sucursales, garantizando cumplimiento de protocolos, uso de herramientas, coordinación operativa y soporte a las necesidades de atención.;Específica;Monitorear el funcionamiento general de las sucursales y canalizar incidencias.;Reporte de Incidencias y Correctivos;20;;;;;
Gestión Operativa De Sucursales;Canales;GD;SGP Negocio > Canales > Gestión Operativa de Sucursales;3;0;Sí;Táctico;Asegurar el funcionamiento eficiente de la red de sucursales, garantizando cumplimiento de protocolos, uso de herramientas, coordinación operativa y soporte a las necesidades de atención.;Específica;Coordinar con áreas de soporte para garantizar el funcionamiento operativo de las sucursales.;Planes de Contingencia y Gestión de Apoyo;20;;;;;
Inversiones;Productos;SGD;SGP Negocio > Productos > Inversiones;3;0;No;Táctico;Diseñar, gestionar y optimizar la oferta de productos de inversión del banco —como plazos fijos, fondos comunes y bonos— asegurando su alineación con las necesidades del mercado, la estrategia comercial, y los objetivos de captación, fidelización y retención de clientes, con una gestión eficiente de riesgos y rentabilidad.;Genérica;Desarrollar y mantener el portafolio de productos de inversión, evaluando desempeño, riesgos y oportunidades del mercado. Coordinar con segmentos y canales para su implementación y monitoreo.;Portafolio de Inversiones Activo;;;;;;
Inversiones;Productos;SGD;SGP Negocio > Productos > Inversiones;3;0;No;Táctico;Diseñar, gestionar y optimizar la oferta de productos de inversión del banco —como plazos fijos, fondos comunes y bonos— asegurando su alineación con las necesidades del mercado, la estrategia comercial, y los objetivos de captación, fidelización y retención de clientes, con una gestión eficiente de riesgos y rentabilidad.;Específica;Diseñar y proponer nuevos instrumentos de inversión para personas y empresas.;Diseño de Nuevas Alternativas de Inversión;20;;;;;
Inversiones;Productos;SGD;SGP Negocio > Productos > Inversiones;3;0;No;Táctico;Diseñar, gestionar y optimizar la oferta de productos de inversión del banco —como plazos fijos, fondos comunes y bonos— asegurando su alineación con las necesidades del mercado, la estrategia comercial, y los objetivos de captación, fidelización y retención de clientes, con una gestión eficiente de riesgos y rentabilidad.;Específica;Monitorear rentabilidad, riesgo y performance del portafolio de inversiones.;Reporte de Performance de Inversiones;20;;;;;
Inversiones;Productos;SGD;SGP Negocio > Productos > Inversiones;3;0;No;Táctico;Diseñar, gestionar y optimizar la oferta de productos de inversión del banco —como plazos fijos, fondos comunes y bonos— asegurando su alineación con las necesidades del mercado, la estrategia comercial, y los objetivos de captación, fidelización y retención de clientes, con una gestión eficiente de riesgos y rentabilidad.;Específica;Coordinar con canales la difusión, asesoramiento y soporte comercial de los productos de inversión.;Campañas y Materiales de Asesoramiento;20;;;;;
Inversiones;Productos;SGD;SGP Negocio > Productos > Inversiones;3;0;No;Táctico;Diseñar, gestionar y optimizar la oferta de productos de inversión del banco —como plazos fijos, fondos comunes y bonos— asegurando su alineación con las necesidades del mercado, la estrategia comercial, y los objetivos de captación, fidelización y retención de clientes, con una gestión eficiente de riesgos y rentabilidad.;Específica;Evaluar tendencias de mercado y ajustar la oferta de productos en función de oportunidades macro y regulatorias.;Revisión de Estrategia de Inversión;20;;;;;
Inversiones;Productos;SGD;SGP Negocio > Productos > Inversiones;3;0;No;Táctico;Diseñar, gestionar y optimizar la oferta de productos de inversión del banco —como plazos fijos, fondos comunes y bonos— asegurando su alineación con las necesidades del mercado, la estrategia comercial, y los objetivos de captación, fidelización y retención de clientes, con una gestión eficiente de riesgos y rentabilidad.;Específica;Supervisar e implementar mecanismos de control y seguimiento que aseguren el cumplimiento de políticas internas.;Reportes de Cumplimiento Regulatorio;20;;;;;
Inversiones;Productos;SGD;SGP Negocio > Productos > Inversiones;3;0;No;Táctico;Diseñar, gestionar y optimizar la oferta de productos de inversión del banco —como plazos fijos, fondos comunes y bonos— asegurando su alineación con las necesidades del mercado, la estrategia comercial, y los objetivos de captación, fidelización y retención de clientes, con una gestión eficiente de riesgos y rentabilidad.;Indicador;Rentabilidad promedio de los productos de inversión por tipo;;;;;;;
Inversiones;Productos;SGD;SGP Negocio > Productos > Inversiones;3;0;No;Táctico;Diseñar, gestionar y optimizar la oferta de productos de inversión del banco —como plazos fijos, fondos comunes y bonos— asegurando su alineación con las necesidades del mercado, la estrategia comercial, y los objetivos de captación, fidelización y retención de clientes, con una gestión eficiente de riesgos y rentabilidad.;Indicador;Tasa de captación de nuevos inversores por producto;;;;;;;
Inversiones;Productos;SGD;SGP Negocio > Productos > Inversiones;3;0;No;Táctico;Diseñar, gestionar y optimizar la oferta de productos de inversión del banco —como plazos fijos, fondos comunes y bonos— asegurando su alineación con las necesidades del mercado, la estrategia comercial, y los objetivos de captación, fidelización y retención de clientes, con una gestión eficiente de riesgos y rentabilidad.;Indicador;Volumen total de inversiones administradas;;;;;;;
Inversiones;Productos;SGD;SGP Negocio > Productos > Inversiones;3;0;No;Táctico;Diseñar, gestionar y optimizar la oferta de productos de inversión del banco —como plazos fijos, fondos comunes y bonos— asegurando su alineación con las necesidades del mercado, la estrategia comercial, y los objetivos de captación, fidelización y retención de clientes, con una gestión eficiente de riesgos y rentabilidad.;Indicador;Tasa de retención de clientes inversores;;;;;;;
Inversiones;Productos;SGD;SGP Negocio > Productos > Inversiones;3;0;No;Táctico;Diseñar, gestionar y optimizar la oferta de productos de inversión del banco —como plazos fijos, fondos comunes y bonos— asegurando su alineación con las necesidades del mercado, la estrategia comercial, y los objetivos de captación, fidelización y retención de clientes, con una gestión eficiente de riesgos y rentabilidad.;Indicador;Performance vs. benchmarks de mercado por producto;;;;;;;
Inversiones;Productos;SGD;SGP Negocio > Productos > Inversiones;3;0;No;Táctico;Diseñar, gestionar y optimizar la oferta de productos de inversión del banco —como plazos fijos, fondos comunes y bonos— asegurando su alineación con las necesidades del mercado, la estrategia comercial, y los objetivos de captación, fidelización y retención de clientes, con una gestión eficiente de riesgos y rentabilidad.;Indicador;Número de nuevos instrumentos de inversión lanzados;;;;;;;
Inversiones;Productos;SGD;SGP Negocio > Productos > Inversiones;3;0;No;Táctico;Diseñar, gestionar y optimizar la oferta de productos de inversión del banco —como plazos fijos, fondos comunes y bonos— asegurando su alineación con las necesidades del mercado, la estrategia comercial, y los objetivos de captación, fidelización y retención de clientes, con una gestión eficiente de riesgos y rentabilidad.;Indicador;Tiempo promedio de respuesta a cambios regulatorios;;;;;;;
Inversiones;Productos;SGD;SGP Negocio > Productos > Inversiones;3;0;No;Táctico;Diseñar, gestionar y optimizar la oferta de productos de inversión del banco —como plazos fijos, fondos comunes y bonos— asegurando su alineación con las necesidades del mercado, la estrategia comercial, y los objetivos de captación, fidelización y retención de clientes, con una gestión eficiente de riesgos y rentabilidad.;Indicador;Porcentaje de cumplimiento de objetivos de captación;;;;;;;
Pasivos;Productos;SGD;SGP Negocio > Productos > Pasivos;3;0;No;Táctico;Gestionar el portafolio de productos de captación de fondos, garantizando su competitividad, sostenibilidad y alineamiento a los objetivos financieros y estratégicos del Banco.;Genérica;Diseñar, analizar y optimizar los productos de depósitos y cuentas.;Portafolio de Productos de Captación Optimizado;;;;;;
Pasivos;Productos;SGD;SGP Negocio > Productos > Pasivos;3;0;No;Táctico;Gestionar el portafolio de productos de captación de fondos, garantizando su competitividad, sostenibilidad y alineamiento a los objetivos financieros y estratégicos del Banco.;Específica;Relevar requerimientos del negocio, diseñar nuevas soluciones de ahorro y cuentas.;Nuevas Propuestas de Productos de Pasivo;20;;;;;
Pasivos;Productos;SGD;SGP Negocio > Productos > Pasivos;3;0;No;Táctico;Gestionar el portafolio de productos de captación de fondos, garantizando su competitividad, sostenibilidad y alineamiento a los objetivos financieros y estratégicos del Banco.;Específica;Evaluar comportamiento de captaciones y recomendar ajustes comerciales.;Informe de Desempeño y Recomendaciones;20;;;;;
Pasivos;Productos;SGD;SGP Negocio > Productos > Pasivos;3;0;No;Táctico;Gestionar el portafolio de productos de captación de fondos, garantizando su competitividad, sostenibilidad y alineamiento a los objetivos financieros y estratégicos del Banco.;Genérica;Coordinar y gestionar procesos críticos del área, alineando esfuerzos con los objetivos estratégicos del Banco.;Portafolio de Productos Pasivos;;;;;;
Pasivos;Productos;SGD;SGP Negocio > Productos > Pasivos;3;0;No;Táctico;Gestionar el portafolio de productos de captación de fondos, garantizando su competitividad, sostenibilidad y alineamiento a los objetivos financieros y estratégicos del Banco.;Específica;Diseñar nuevos productos de ahorro, cuentas y depósitos.;Diseños de Productos Pasivos;20;;;;;
Pasivos;Productos;SGD;SGP Negocio > Productos > Pasivos;3;0;No;Táctico;Gestionar el portafolio de productos de captación de fondos, garantizando su competitividad, sostenibilidad y alineamiento a los objetivos financieros y estratégicos del Banco.;Específica;Monitorear rentabilidad y volumen de captación de productos vigentes.;Informe de Rentabilidad de Pasivos;20;;;;;
Pasivos;Productos;SGD;SGP Negocio > Productos > Pasivos;3;0;No;Táctico;Gestionar el portafolio de productos de captación de fondos, garantizando su competitividad, sostenibilidad y alineamiento a los objetivos financieros y estratégicos del Banco.;Específica;Coordinar campañas con segmentos y canales para la captación de pasivos.;Ejecución de Campañas de Captación;20;;;;;
Pasivos;Productos;SGD;SGP Negocio > Productos > Pasivos;3;0;No;Táctico;Gestionar el portafolio de productos de captación de fondos, garantizando su competitividad, sostenibilidad y alineamiento a los objetivos financieros y estratégicos del Banco.;Indicador;Nº de cuentas activas por tipo / segmento;Portafolio de Productos de Captación Optimizado;;;;;;
Pasivos;Productos;SGD;SGP Negocio > Productos > Pasivos;3;0;No;Táctico;Gestionar el portafolio de productos de captación de fondos, garantizando su competitividad, sostenibilidad y alineamiento a los objetivos financieros y estratégicos del Banco.;Indicador;Costo operativo medio por cuenta;Portafolio de Productos de Captación Optimizado;;;;;;
Pasivos;Productos;SGD;SGP Negocio > Productos > Pasivos;3;0;No;Táctico;Gestionar el portafolio de productos de captación de fondos, garantizando su competitividad, sostenibilidad y alineamiento a los objetivos financieros y estratégicos del Banco.;Indicador;Rentabilidad neta por producto pasivo (spread – costos);Portafolio de Productos de Captación Optimizado;;;;;;
Pasivos;Productos;SGD;SGP Negocio > Productos > Pasivos;3;0;No;Táctico;Gestionar el portafolio de productos de captación de fondos, garantizando su competitividad, sostenibilidad y alineamiento a los objetivos financieros y estratégicos del Banco.;Indicador;Tasa de activación vs. cuentas dormidas;Portafolio de Productos de Captación Optimizado;;;;;;
Pasivos;Productos;SGD;SGP Negocio > Productos > Pasivos;3;0;No;Táctico;Gestionar el portafolio de productos de captación de fondos, garantizando su competitividad, sostenibilidad y alineamiento a los objetivos financieros y estratégicos del Banco.;Indicador;% apertura digital vs. presencial;Portafolio de Productos de Captación Optimizado;;;;;;
Pasivos;Productos;SGD;SGP Negocio > Productos > Pasivos;3;0;No;Táctico;Gestionar el portafolio de productos de captación de fondos, garantizando su competitividad, sostenibilidad y alineamiento a los objetivos financieros y estratégicos del Banco.;Indicador;% cuentas asociadas a bundles / paquetes integrados;Portafolio de Productos de Captación Optimizado;;;;;;
Pasivos;Productos;SGD;SGP Negocio > Productos > Pasivos;3;0;No;Táctico;Gestionar el portafolio de productos de captación de fondos, garantizando su competitividad, sostenibilidad y alineamiento a los objetivos financieros y estratégicos del Banco.;Indicador;NPS asociado a apertura / uso de cuentas y plazos fijos;Portafolio de Productos de Captación Optimizado;;;;;;
Pasivos;Productos;SGD;SGP Negocio > Productos > Pasivos;3;0;No;Táctico;Gestionar el portafolio de productos de captación de fondos, garantizando su competitividad, sostenibilidad y alineamiento a los objetivos financieros y estratégicos del Banco.;Indicador;Nº de clientes inversores activos;Portafolio de Productos de Captación Optimizado;;;;;;
Pasivos;Productos;SGD;SGP Negocio > Productos > Pasivos;3;0;No;Táctico;Gestionar el portafolio de productos de captación de fondos, garantizando su competitividad, sostenibilidad y alineamiento a los objetivos financieros y estratégicos del Banco.;Indicador;Volumen administrado por tipo de instrumento;Portafolio de Productos de Captación Optimizado;;;;;;
Pasivos;Productos;SGD;SGP Negocio > Productos > Pasivos;3;0;No;Táctico;Gestionar el portafolio de productos de captación de fondos, garantizando su competitividad, sostenibilidad y alineamiento a los objetivos financieros y estratégicos del Banco.;Indicador;Rentabilidad promedio y desvíos por producto;Portafolio de Productos de Captación Optimizado;;;;;;
Pasivos;Productos;SGD;SGP Negocio > Productos > Pasivos;3;0;No;Táctico;Gestionar el portafolio de productos de captación de fondos, garantizando su competitividad, sostenibilidad y alineamiento a los objetivos financieros y estratégicos del Banco.;Indicador;% de clientes con perfilado completo (aptos para inversión);Portafolio de Productos de Captación Optimizado;;;;;;
Pasivos;Productos;SGD;SGP Negocio > Productos > Pasivos;3;0;No;Táctico;Gestionar el portafolio de productos de captación de fondos, garantizando su competitividad, sostenibilidad y alineamiento a los objetivos financieros y estratégicos del Banco.;Indicador;% de productos de inversión contratados vía digital;Portafolio de Productos de Captación Optimizado;;;;;;
Pasivos;Productos;SGD;SGP Negocio > Productos > Pasivos;3;0;No;Táctico;Gestionar el portafolio de productos de captación de fondos, garantizando su competitividad, sostenibilidad y alineamiento a los objetivos financieros y estratégicos del Banco.;Indicador;NPS de clientes inversores / reclamos asociados;Portafolio de Productos de Captación Optimizado;;;;;;
Pasivos;Productos;SGD;SGP Negocio > Productos > Pasivos;3;0;No;Táctico;Gestionar el portafolio de productos de captación de fondos, garantizando su competitividad, sostenibilidad y alineamiento a los objetivos financieros y estratégicos del Banco.;Indicador;Participación de las inversiones en la vinculación total del cliente;Portafolio de Productos de Captación Optimizado;;;;;;
Regionales;Canales;SGD;SGP Negocio > Canales > Regionales;3;0;Sí;Táctico;Supervisar y coordinar el funcionamiento de las unidades operativas en cada región, asegurando alineamiento a los lineamientos centrales y particularidades territoriales.;Genérica;Coordinar y gestionar procesos críticos del área, alineando esfuerzos con los objetivos estratégicos del Banco.;Informe de Supervisión Regional;;;;;;
Regionales;Canales;SGD;SGP Negocio > Canales > Regionales;3;0;Sí;Táctico;Supervisar y coordinar el funcionamiento de las unidades operativas en cada región, asegurando alineamiento a los lineamientos centrales y particularidades territoriales.;Específica;Hacer seguimiento al desempeño comercial, operativo y de cumplimiento en sucursales.;Tablero de Desempeño Regional;20;;;;;
Regionales;Canales;SGD;SGP Negocio > Canales > Regionales;3;0;Sí;Táctico;Supervisar y coordinar el funcionamiento de las unidades operativas en cada región, asegurando alineamiento a los lineamientos centrales y particularidades territoriales.;Específica;Relevar particularidades zonales y elevar propuestas de mejora a nivel central.;Propuestas Regionales de Mejora;20;;;;;
Regionales;Canales;SGD;SGP Negocio > Canales > Regionales;3;Sí;Sí;Táctico;Supervisar y coordinar el funcionamiento de las unidades operativas en cada región, asegurando alineamiento a los lineamientos centrales y particularidades territoriales.;Genérica;Supervisar e implementar mecanismos de control y seguimiento que aseguren el cumplimiento de políticas internas.;Informe de Gestión Regional;;;;;;
Regionales;Canales;SGD;SGP Negocio > Canales > Regionales;3;Sí;Sí;Táctico;Supervisar y coordinar el funcionamiento de las unidades operativas en cada región, asegurando alineamiento a los lineamientos centrales y particularidades territoriales.;Específica;Supervisar la operativa diaria de las sucursales bajo su región.;Seguimiento Operativo Diario;20;;;;;
Regionales;Canales;SGD;SGP Negocio > Canales > Regionales;3;Sí;Sí;Táctico;Supervisar y coordinar el funcionamiento de las unidades operativas en cada región, asegurando alineamiento a los lineamientos centrales y particularidades territoriales.;Específica;Canalizar necesidades de las sucursales hacia áreas centrales y dar seguimiento.;Requerimientos Coordinados con Soporte;20;;;;;
Regionales;Canales;SGD;SGP Negocio > Canales > Regionales;3;Sí;Sí;Táctico;Supervisar y coordinar el funcionamiento de las unidades operativas en cada región, asegurando alineamiento a los lineamientos centrales y particularidades territoriales.;Específica;Impulsar acciones comerciales y de posicionamiento a nivel regional.;Campañas Comerciales Locales;20;;;;;
Regionales;Canales;SGD;SGP Negocio > Canales > Regionales;3;0;Sí;Táctico;Supervisar y coordinar el funcionamiento de las unidades operativas en cada región, asegurando alineamiento a los lineamientos centrales y particularidades territoriales.;Indicador;% cumplimiento de objetivos comerciales regionales;Informe de Supervisión Regional;;;;;;
Regionales;Canales;SGD;SGP Negocio > Canales > Regionales;3;0;Sí;Táctico;Supervisar y coordinar el funcionamiento de las unidades operativas en cada región, asegurando alineamiento a los lineamientos centrales y particularidades territoriales.;Indicador;Productos promedio por cliente / rentabilidad por región;Informe de Supervisión Regional;;;;;;
Regionales;Canales;SGD;SGP Negocio > Canales > Regionales;3;0;Sí;Táctico;Supervisar y coordinar el funcionamiento de las unidades operativas en cada región, asegurando alineamiento a los lineamientos centrales y particularidades territoriales.;Indicador;Tasa de digitalización / migración de operaciones;Informe de Supervisión Regional;;;;;;
Regionales;Canales;SGD;SGP Negocio > Canales > Regionales;3;0;Sí;Táctico;Supervisar y coordinar el funcionamiento de las unidades operativas en cada región, asegurando alineamiento a los lineamientos centrales y particularidades territoriales.;Indicador;Participación del canal sucursal en captación y ventas;Informe de Supervisión Regional;;;;;;
Regionales;Canales;SGD;SGP Negocio > Canales > Regionales;3;0;Sí;Táctico;Supervisar y coordinar el funcionamiento de las unidades operativas en cada región, asegurando alineamiento a los lineamientos centrales y particularidades territoriales.;Indicador;NPS por región / tasa de reclamos;Informe de Supervisión Regional;;;;;;
Regionales;Canales;SGD;SGP Negocio > Canales > Regionales;3;0;Sí;Táctico;Supervisar y coordinar el funcionamiento de las unidades operativas en cada región, asegurando alineamiento a los lineamientos centrales y particularidades territoriales.;Indicador;Cobertura territorial vs. demanda estimada;Informe de Supervisión Regional;;;;;;
Regionales;Canales;SGD;SGP Negocio > Canales > Regionales;3;0;Sí;Táctico;Supervisar y coordinar el funcionamiento de las unidades operativas en cada región, asegurando alineamiento a los lineamientos centrales y particularidades territoriales.;Indicador;Cumplimiento de SLA y hallazgos operativos por sucursal;Informe de Supervisión Regional;;;;;;
Alianzas y Patrocinios;Marketing;SGD;SGP Negocio > Marketing > Alianzas y Patrocinios;3;0;No;Táctico;Gestionar alianzas estratégicas, acuerdos institucionales y patrocinios que potencien la visibilidad y posicionamiento de la marca Banco Nación.;Genérica;Identificar oportunidades, coordinar activaciones y evaluar retornos de inversión.;Agenda de Patrocinios y Alianzas;;;;;;
Alianzas y Patrocinios;Marketing;SGD;SGP Negocio > Marketing > Alianzas y Patrocinios;3;0;No;Táctico;Gestionar alianzas estratégicas, acuerdos institucionales y patrocinios que potencien la visibilidad y posicionamiento de la marca Banco Nación.;Específica;Negociar y ejecutar convenios y eventos con alto impacto de marca.;Convenios Ejecutados y Reporte de Visibilidad;25;;;;;
Alianzas y Patrocinios;Marketing;SGD;SGP Negocio > Marketing > Alianzas y Patrocinios;3;0;No;Táctico;Gestionar alianzas estratégicas, acuerdos institucionales y patrocinios que potencien la visibilidad y posicionamiento de la marca Banco Nación.;Genérica;Coordinar y gestionar procesos críticos del área, alineando esfuerzos con los objetivos estratégicos del Banco.;Convenios Institucionales Vigentes y Reportes de Impacto;;;;;;
Alianzas y Patrocinios;Marketing;SGD;SGP Negocio > Marketing > Alianzas y Patrocinios;3;0;No;Táctico;Gestionar alianzas estratégicas, acuerdos institucionales y patrocinios que potencien la visibilidad y posicionamiento de la marca Banco Nación.;Específica;Diseñar y formalizar alianzas estratégicas con actores públicos y privados.;Acuerdos y Cartas de Intención Firmadas;25;;;;;
Alianzas y Patrocinios;Marketing;SGD;SGP Negocio > Marketing > Alianzas y Patrocinios;3;0;No;Táctico;Gestionar alianzas estratégicas, acuerdos institucionales y patrocinios que potencien la visibilidad y posicionamiento de la marca Banco Nación.;Específica;Coordinar acciones de visibilidad y comunicación institucional asociadas a patrocinios.;Eventos y Acciones de Difusión Ejecutadas;25;;;;;
Alianzas y Patrocinios;Marketing;SGD;SGP Negocio > Marketing > Alianzas y Patrocinios;3;0;No;Táctico;Gestionar alianzas estratégicas, acuerdos institucionales y patrocinios que potencien la visibilidad y posicionamiento de la marca Banco Nación.;Específica;Medir impacto de alianzas y patrocinios en términos reputacionales y comerciales.;Informe de Impacto y Recomendaciones;25;;;;;
Branding y Comunicaciones;Marketing;SGD;SGP Negocio > Marketing > Branding y Comunicaciones;3;0;No;Táctico;Diseñar y coordinar la identidad de marca y la comunicación institucional del Banco, asegurando coherencia, impacto positivo y alineación estratégica.;Genérica;Coordinar y gestionar procesos críticos del área, alineando esfuerzos con los objetivos estratégicos del Banco.;Piezas de Comunicación Institucional;;;;;;
Branding y Comunicaciones;Marketing;SGD;SGP Negocio > Marketing > Branding y Comunicaciones;3;0;No;Táctico;Diseñar y coordinar la identidad de marca y la comunicación institucional del Banco, asegurando coherencia, impacto positivo y alineación estratégica.;Específica;Ejecutar campañas, coordinar con prensa y mantener manual de marca actualizado.;Campañas Institucionales Ejecutadas;25;;;;;
Branding y Comunicaciones;Marketing;SGD;SGP Negocio > Marketing > Branding y Comunicaciones;3;0;No;Táctico;Diseñar y coordinar la identidad de marca y la comunicación institucional del Banco, asegurando coherencia, impacto positivo y alineación estratégica.;Genérica;Coordinar y gestionar procesos críticos del área, alineando esfuerzos con los objetivos estratégicos del Banco.;Lineamientos de Marca y Campañas de Comunicación;;;;;;
Branding y Comunicaciones;Marketing;SGD;SGP Negocio > Marketing > Branding y Comunicaciones;3;0;No;Táctico;Diseñar y coordinar la identidad de marca y la comunicación institucional del Banco, asegurando coherencia, impacto positivo y alineación estratégica.;Específica;Desarrollar lineamientos y manuales de marca y velar por su aplicación coherente.;Manual de Identidad Visual;25;;;;;
Branding y Comunicaciones;Marketing;SGD;SGP Negocio > Marketing > Branding y Comunicaciones;3;0;No;Táctico;Diseñar y coordinar la identidad de marca y la comunicación institucional del Banco, asegurando coherencia, impacto positivo y alineación estratégica.;Específica;Diseñar y ejecutar campañas institucionales y de posicionamiento.;Campañas de Posicionamiento;25;;;;;
Branding y Comunicaciones;Marketing;SGD;SGP Negocio > Marketing > Branding y Comunicaciones;3;0;No;Táctico;Diseñar y coordinar la identidad de marca y la comunicación institucional del Banco, asegurando coherencia, impacto positivo y alineación estratégica.;Específica;Supervisar proveedores de diseño, prensa y materiales institucionales.;Proveedores Coordinados y Entregables Aprobados;25;;;;;
Digital Marketing & Performance;Marketing;SGD;SGP Negocio > Marketing > Digital Marketing & Performance;3;0;No;Táctico;Planificar, ejecutar y optimizar campañas digitales de alto impacto, orientadas a la conversión, visibilidad de marca y engagement con los públicos objetivos.;Genérica;Coordinar y gestionar procesos críticos del área, alineando esfuerzos con los objetivos estratégicos del Banco.;Informe de Resultados de Campañas Digitales;;;;;;
Digital Marketing & Performance;Marketing;SGD;SGP Negocio > Marketing > Digital Marketing & Performance;3;0;No;Táctico;Planificar, ejecutar y optimizar campañas digitales de alto impacto, orientadas a la conversión, visibilidad de marca y engagement con los públicos objetivos.;Específica;Diseñar estrategia digital 360°, monitorear KPIs y corregir desvíos.;Optimización Continua de Campañas;25;;;;;
Digital Marketing & Performance;Marketing;SGD;SGP Negocio > Marketing > Digital Marketing & Performance;3;0;No;Táctico;Planificar, ejecutar y optimizar campañas digitales de alto impacto, orientadas a la conversión, visibilidad de marca y engagement con los públicos objetivos.;Genérica;Coordinar y gestionar procesos críticos del área, alineando esfuerzos con los objetivos estratégicos del Banco.;Campañas Digitales Ejecutadas y Dashboards de Performance;;;;;;
Digital Marketing & Performance;Marketing;SGD;SGP Negocio > Marketing > Digital Marketing & Performance;3;0;No;Táctico;Planificar, ejecutar y optimizar campañas digitales de alto impacto, orientadas a la conversión, visibilidad de marca y engagement con los públicos objetivos.;Específica;Planificar y ejecutar campañas en canales digitales con foco en performance.;Calendario de Campañas y Piezas Aprobadas;25;;;;;
Digital Marketing & Performance;Marketing;SGD;SGP Negocio > Marketing > Digital Marketing & Performance;3;0;No;Táctico;Planificar, ejecutar y optimizar campañas digitales de alto impacto, orientadas a la conversión, visibilidad de marca y engagement con los públicos objetivos.;Específica;Optimizar creatividades, audiencias y estrategia de pauta según resultados.;Matriz de Optimización de Campañas;25;;;;;
Digital Marketing & Performance;Marketing;SGD;SGP Negocio > Marketing > Digital Marketing & Performance;3;0;No;Táctico;Planificar, ejecutar y optimizar campañas digitales de alto impacto, orientadas a la conversión, visibilidad de marca y engagement con los públicos objetivos.;Específica;Medir, analizar y reportar resultados de campañas por canal y audiencia.;Tablero de Performance Digital;25;;;;;
Desarrollo;Medios De Pago;SGD;SGP Negocio > Medios de Pago > Desarrollo;3;0;No;Táctico;Diseñar y evolucionar las soluciones tecnológicas asociadas a medios de pago, asegurando innovación, escalabilidad y cumplimiento normativo.;Genérica;Diseñar nuevas funcionalidades, coordinar backlog con tecnología, testear soluciones.;Funcionalidades Liberadas por Iteración;;;;;;
Desarrollo;Medios De Pago;SGD;SGP Negocio > Medios de Pago > Desarrollo;3;0;No;Táctico;Diseñar y evolucionar las soluciones tecnológicas asociadas a medios de pago, asegurando innovación, escalabilidad y cumplimiento normativo.;Específica;Liderar iniciativas de desarrollo con foco en QR, contactless y nuevas tendencias.;Iniciativas de Innovación Digital;25;;;;;
Desarrollo;Medios De Pago;SGD;SGP Negocio > Medios de Pago > Desarrollo;3;0;No;Táctico;Diseñar y evolucionar las soluciones tecnológicas asociadas a medios de pago, asegurando innovación, escalabilidad y cumplimiento normativo.;Genérica;Liderar proyectos de desarrollo de nuevos medios de pago. Relevar necesidades. Diseñar funcionalidades. Acompañar la implementación técnica. Documentar los productos resultantes.;Proyectos de Desarrollo de Medios de Pago;;;;;;
Desarrollo;Medios De Pago;SGD;SGP Negocio > Medios de Pago > Desarrollo;3;0;No;Táctico;Diseñar y evolucionar las soluciones tecnológicas asociadas a medios de pago, asegurando innovación, escalabilidad y cumplimiento normativo.;Específica;Relevar y documentar nuevas funcionalidades requeridas por el negocio.;Documentos de Requerimientos Funcionales;25;;;;;
Desarrollo;Medios De Pago;SGD;SGP Negocio > Medios de Pago > Desarrollo;3;0;No;Táctico;Diseñar y evolucionar las soluciones tecnológicas asociadas a medios de pago, asegurando innovación, escalabilidad y cumplimiento normativo.;Específica;Acompañar el proceso de desarrollo tecnológico de nuevas funcionalidades.;Funcionalidades Implementadas;25;;;;;
Desarrollo;Medios De Pago;SGD;SGP Negocio > Medios de Pago > Desarrollo;3;0;No;Táctico;Diseñar y evolucionar las soluciones tecnológicas asociadas a medios de pago, asegurando innovación, escalabilidad y cumplimiento normativo.;Específica;Coordinar pruebas funcionales y validaciones de nuevas funcionalidades.;Resultados de QA Funcional;25;;;;;
Desarrollo;Medios De Pago;SGD;SGP Negocio > Medios de Pago > Desarrollo;3;0;No;Táctico;Diseñar y evolucionar las soluciones tecnológicas asociadas a medios de pago, asegurando innovación, escalabilidad y cumplimiento normativo.;Indicador;Número de funcionalidades liberadas por sprint/iteración;;;;;;;
Desarrollo;Medios De Pago;SGD;SGP Negocio > Medios de Pago > Desarrollo;3;0;No;Táctico;Diseñar y evolucionar las soluciones tecnológicas asociadas a medios de pago, asegurando innovación, escalabilidad y cumplimiento normativo.;Indicador;Tiempo promedio de desarrollo de nuevas funcionalidades;;;;;;;
Desarrollo;Medios De Pago;SGD;SGP Negocio > Medios de Pago > Desarrollo;3;0;No;Táctico;Diseñar y evolucionar las soluciones tecnológicas asociadas a medios de pago, asegurando innovación, escalabilidad y cumplimiento normativo.;Indicador;Tasa de éxito de implementación de proyectos de medios de pago;;;;;;;
Desarrollo;Medios De Pago;SGD;SGP Negocio > Medios de Pago > Desarrollo;3;0;No;Táctico;Diseñar y evolucionar las soluciones tecnológicas asociadas a medios de pago, asegurando innovación, escalabilidad y cumplimiento normativo.;Indicador;Porcentaje de cumplimiento de requerimientos funcionales;;;;;;;
Desarrollo;Medios De Pago;SGD;SGP Negocio > Medios de Pago > Desarrollo;3;0;No;Táctico;Diseñar y evolucionar las soluciones tecnológicas asociadas a medios de pago, asegurando innovación, escalabilidad y cumplimiento normativo.;Indicador;Tiempo promedio de resolución de bugs críticos;;;;;;;
Desarrollo;Medios De Pago;SGD;SGP Negocio > Medios de Pago > Desarrollo;3;0;No;Táctico;Diseñar y evolucionar las soluciones tecnológicas asociadas a medios de pago, asegurando innovación, escalabilidad y cumplimiento normativo.;Indicador;Número de iniciativas de innovación digital implementadas;;;;;;;
Desarrollo;Medios De Pago;SGD;SGP Negocio > Medios de Pago > Desarrollo;3;0;No;Táctico;Diseñar y evolucionar las soluciones tecnológicas asociadas a medios de pago, asegurando innovación, escalabilidad y cumplimiento normativo.;Indicador;Tasa de adopción de nuevas funcionalidades por usuarios;;;;;;;
Desarrollo;Medios De Pago;SGD;SGP Negocio > Medios de Pago > Desarrollo;3;0;No;Táctico;Diseñar y evolucionar las soluciones tecnológicas asociadas a medios de pago, asegurando innovación, escalabilidad y cumplimiento normativo.;Indicador;Porcentaje de proyectos entregados dentro del cronograma;;;;;;;
Desarrollo;Medios De Pago;SGD;SGP Negocio > Medios de Pago > Desarrollo;3;0;No;Táctico;Diseñar y evolucionar las soluciones tecnológicas asociadas a medios de pago, asegurando innovación, escalabilidad y cumplimiento normativo.;Indicador;Indicador de prueba para verificar actualización;;;;;;;
Mantenimiento y Features;Medios De Pago;SGD;SGP Negocio > Medios de Pago > Mantenimiento y Features;3;0;No;Táctico;Garantizar la continuidad operativa y evolución de los sistemas de medios de pago mediante mejoras correctivas, evolutivas y preventivas.;Genérica;Coordinar y gestionar procesos críticos del área, alineando esfuerzos con los objetivos estratégicos del Banco.;Backlog Técnico y Manuales Actualizados;;;;;;
Mantenimiento y Features;Medios De Pago;SGD;SGP Negocio > Medios de Pago > Mantenimiento y Features;3;0;No;Táctico;Garantizar la continuidad operativa y evolución de los sistemas de medios de pago mediante mejoras correctivas, evolutivas y preventivas.;Específica;Supervisar e implementar mecanismos de control y seguimiento que aseguren el cumplimiento de políticas internas.;Incidentes Reducidos y Roadmap Técnico;25;;;;;
Mantenimiento y Features;Medios De Pago;SGD;SGP Negocio > Medios de Pago > Mantenimiento y Features;3;0;No;Táctico;Garantizar la continuidad operativa y evolución de los sistemas de medios de pago mediante mejoras correctivas, evolutivas y preventivas.;Genérica;Supervisar e implementar mecanismos de control y seguimiento que aseguren el cumplimiento de políticas internas.;Funcionalidades Actuales y Releases Correctivos;;;;;;
Mantenimiento y Features;Medios De Pago;SGD;SGP Negocio > Medios de Pago > Mantenimiento y Features;3;0;No;Táctico;Garantizar la continuidad operativa y evolución de los sistemas de medios de pago mediante mejoras correctivas, evolutivas y preventivas.;Específica;Detectar, analizar y priorizar fallas e incidencias en plataformas de medios de pago.;Registro y Resolución de Incidentes;25;;;;;
Mantenimiento y Features;Medios De Pago;SGD;SGP Negocio > Medios de Pago > Mantenimiento y Features;3;0;No;Táctico;Garantizar la continuidad operativa y evolución de los sistemas de medios de pago mediante mejoras correctivas, evolutivas y preventivas.;Específica;Coordinar y gestionar procesos críticos del área, alineando esfuerzos con los objetivos estratégicos del Banco.;Releases Coordinados y Documentados;25;;;;;
Mantenimiento y Features;Medios De Pago;SGD;SGP Negocio > Medios de Pago > Mantenimiento y Features;3;0;No;Táctico;Garantizar la continuidad operativa y evolución de los sistemas de medios de pago mediante mejoras correctivas, evolutivas y preventivas.;Específica;Coordinar y gestionar procesos críticos del área, alineando esfuerzos con los objetivos estratégicos del Banco.;Backlog de Features y Priorización Aprobada;25;;;;;
Mantenimiento y Features;Medios De Pago;SGD;SGP Negocio > Medios de Pago > Mantenimiento y Features;3;0;No;Táctico;Garantizar la continuidad operativa y evolución de los sistemas de medios de pago mediante mejoras correctivas, evolutivas y preventivas.;Indicador;% de funcionamiento operativo sin incidentes;Backlog Técnico y Manuales Actualizados;;;;;;
Mantenimiento y Features;Medios De Pago;SGD;SGP Negocio > Medios de Pago > Mantenimiento y Features;3;0;No;Táctico;Garantizar la continuidad operativa y evolución de los sistemas de medios de pago mediante mejoras correctivas, evolutivas y preventivas.;Indicador;Nº de fallas operativas / rechazos por millón de transacciones;Backlog Técnico y Manuales Actualizados;;;;;;
Mantenimiento y Features;Medios De Pago;SGD;SGP Negocio > Medios de Pago > Mantenimiento y Features;3;0;No;Táctico;Garantizar la continuidad operativa y evolución de los sistemas de medios de pago mediante mejoras correctivas, evolutivas y preventivas.;Indicador;Tiempo medio de resolución de incidentes operativos;Backlog Técnico y Manuales Actualizados;;;;;;
Mantenimiento y Features;Medios De Pago;SGD;SGP Negocio > Medios de Pago > Mantenimiento y Features;3;0;No;Táctico;Garantizar la continuidad operativa y evolución de los sistemas de medios de pago mediante mejoras correctivas, evolutivas y preventivas.;Indicador;Nº de versiones funcionales mantenidas y actualizadas;Backlog Técnico y Manuales Actualizados;;;;;;
Mantenimiento y Features;Medios De Pago;SGD;SGP Negocio > Medios de Pago > Mantenimiento y Features;3;0;No;Táctico;Garantizar la continuidad operativa y evolución de los sistemas de medios de pago mediante mejoras correctivas, evolutivas y preventivas.;Indicador;% SLA cumplido por proveedores / redes / procesadoras;Backlog Técnico y Manuales Actualizados;;;;;;
Mantenimiento y Features;Medios De Pago;SGD;SGP Negocio > Medios de Pago > Mantenimiento y Features;3;0;No;Táctico;Garantizar la continuidad operativa y evolución de los sistemas de medios de pago mediante mejoras correctivas, evolutivas y preventivas.;Indicador;;Backlog Técnico y Manuales Actualizados;;;;;;
CAC;Canales;SGD;SGP Negocio > Canales > CAC;3;0;No;Táctico;Brindar soporte y atención a los clientes a través de canales no presenciales, resolviendo consultas, canalizando reclamos y contribuyendo a una experiencia eficiente, empática y resolutiva.;Genérica;Atender consultas e inquietudes de clientes. Derivar casos a áreas correspondientes. Monitorear niveles de atención y calidad. Proponer mejoras al servicio ofrecido.;Informe de Gestión del Centro de Atención al Cliente;;;;;;
CAC;Canales;SGD;SGP Negocio > Canales > CAC;3;0;No;Táctico;Brindar soporte y atención a los clientes a través de canales no presenciales, resolviendo consultas, canalizando reclamos y contribuyendo a una experiencia eficiente, empática y resolutiva.;Específica;Coordinar y gestionar procesos críticos del área, alineando esfuerzos con los objetivos estratégicos del Banco.;Contactos Atendidos y Derivados;40;;;;;
CAC;Canales;SGD;SGP Negocio > Canales > CAC;3;0;No;Táctico;Brindar soporte y atención a los clientes a través de canales no presenciales, resolviendo consultas, canalizando reclamos y contribuyendo a una experiencia eficiente, empática y resolutiva.;Específica;Monitorear indicadores de servicio, respuesta y satisfacción.;Reporte de Indicadores del CAC;30;;;;;
CAC;Canales;SGD;SGP Negocio > Canales > CAC;3;0;No;Táctico;Brindar soporte y atención a los clientes a través de canales no presenciales, resolviendo consultas, canalizando reclamos y contribuyendo a una experiencia eficiente, empática y resolutiva.;Específica;Detectar oportunidades de mejora en la atención y proponer soluciones.;Planes de Mejora del Servicio;30;;;;;
CAC;Canales;SGD;SGP Negocio > Canales > CAC;3;0;No;Táctico;Brindar soporte y atención a los clientes a través de canales no presenciales, resolviendo consultas, canalizando reclamos y contribuyendo a una experiencia eficiente, empática y resolutiva.;Indicador;Nivel de servicio (NS): % llamadas atendidas en tiempo objetivo;Informe de Gestión del Centro de Atención al Cliente;;;;;;
CAC;Canales;SGD;SGP Negocio > Canales > CAC;3;0;No;Táctico;Brindar soporte y atención a los clientes a través de canales no presenciales, resolviendo consultas, canalizando reclamos y contribuyendo a una experiencia eficiente, empática y resolutiva.;Indicador;TMO (Tiempo Medio de Operación) y TME (Tiempo Medio de Espera);Informe de Gestión del Centro de Atención al Cliente;;;;;;
CAC;Canales;SGD;SGP Negocio > Canales > CAC;3;0;No;Táctico;Brindar soporte y atención a los clientes a través de canales no presenciales, resolviendo consultas, canalizando reclamos y contribuyendo a una experiencia eficiente, empática y resolutiva.;Indicador;Tasa de abandono de llamadas;Informe de Gestión del Centro de Atención al Cliente;;;;;;
CAC;Canales;SGD;SGP Negocio > Canales > CAC;3;0;No;Táctico;Brindar soporte y atención a los clientes a través de canales no presenciales, resolviendo consultas, canalizando reclamos y contribuyendo a una experiencia eficiente, empática y resolutiva.;Indicador;Resolución en primer contacto;Informe de Gestión del Centro de Atención al Cliente;;;;;;
CAC;Canales;SGD;SGP Negocio > Canales > CAC;3;0;No;Táctico;Brindar soporte y atención a los clientes a través de canales no presenciales, resolviendo consultas, canalizando reclamos y contribuyendo a una experiencia eficiente, empática y resolutiva.;Indicador;NPS o satisfacción post-llamada;Informe de Gestión del Centro de Atención al Cliente;;;;;;
CAC;Canales;SGD;SGP Negocio > Canales > CAC;3;0;No;Táctico;Brindar soporte y atención a los clientes a través de canales no presenciales, resolviendo consultas, canalizando reclamos y contribuyendo a una experiencia eficiente, empática y resolutiva.;Indicador;Productividad por agente y por hora;Informe de Gestión del Centro de Atención al Cliente;;;;;;
CAC;Canales;SGD;SGP Negocio > Canales > CAC;3;0;No;Táctico;Brindar soporte y atención a los clientes a través de canales no presenciales, resolviendo consultas, canalizando reclamos y contribuyendo a una experiencia eficiente, empática y resolutiva.;Indicador;% llamadas derivadas vs. resueltas en CAC;Informe de Gestión del Centro de Atención al Cliente;;;;;;
Seguros;Productos;SGD;SGP Negocio > Productos > Seguros;3;0;No;Táctico;Diseñar, administrar y promover la oferta de productos de seguros del banco, garantizando su alineación con la regulación vigente, la demanda de los segmentos y la estrategia comercial de la entidad.;Genérica;Supervisar e implementar mecanismos de control y seguimiento que aseguren el cumplimiento de políticas internas.;Catálogo de Seguros Activos y Reportes de Gestión;;;;;;
Seguros;Productos;SGD;SGP Negocio > Productos > Seguros;3;0;No;Táctico;Diseñar, administrar y promover la oferta de productos de seguros del banco, garantizando su alineación con la regulación vigente, la demanda de los segmentos y la estrategia comercial de la entidad.;Específica;Diseñar productos de seguros asociados a productos financieros y servicios del banco.;Catálogo de Productos de Seguros;30;;;;;
Seguros;Productos;SGD;SGP Negocio > Productos > Seguros;3;0;No;Táctico;Diseñar, administrar y promover la oferta de productos de seguros del banco, garantizando su alineación con la regulación vigente, la demanda de los segmentos y la estrategia comercial de la entidad.;Específica;Evaluar resultados de las campañas de seguros, rentabilidad y siniestralidad.;Informe de Gestión de Seguros;35;;;;;
Seguros;Productos;SGD;SGP Negocio > Productos > Seguros;3;0;No;Táctico;Diseñar, administrar y promover la oferta de productos de seguros del banco, garantizando su alineación con la regulación vigente, la demanda de los segmentos y la estrategia comercial de la entidad.;Específica;Coordinar acciones comerciales con aseguradoras y áreas internas.;Campañas Coordinadas y Material Promocional;35;;;;;
Seguros;Productos;SGD;SGP Negocio > Productos > Seguros;3;0;No;Táctico;Diseñar, administrar y promover la oferta de productos de seguros del banco, garantizando su alineación con la regulación vigente, la demanda de los segmentos y la estrategia comercial de la entidad.;Indicador;Nº de pólizas emitidas / activas por tipo de seguro;Catálogo de Seguros Activos y Reportes de Gestión;;;;;;
Seguros;Productos;SGD;SGP Negocio > Productos > Seguros;3;0;No;Táctico;Diseñar, administrar y promover la oferta de productos de seguros del banco, garantizando su alineación con la regulación vigente, la demanda de los segmentos y la estrategia comercial de la entidad.;Indicador;Penetración de seguros por segmento / canal;Catálogo de Seguros Activos y Reportes de Gestión;;;;;;
Seguros;Productos;SGD;SGP Negocio > Productos > Seguros;3;0;No;Táctico;Diseñar, administrar y promover la oferta de productos de seguros del banco, garantizando su alineación con la regulación vigente, la demanda de los segmentos y la estrategia comercial de la entidad.;Indicador;Ingresos netos por comisiones de seguros;Catálogo de Seguros Activos y Reportes de Gestión;;;;;;
Seguros;Productos;SGD;SGP Negocio > Productos > Seguros;3;0;No;Táctico;Diseñar, administrar y promover la oferta de productos de seguros del banco, garantizando su alineación con la regulación vigente, la demanda de los segmentos y la estrategia comercial de la entidad.;Indicador;Tasa de cancelación / siniestralidad / reclamos;Catálogo de Seguros Activos y Reportes de Gestión;;;;;;
Seguros;Productos;SGD;SGP Negocio > Productos > Seguros;3;0;No;Táctico;Diseñar, administrar y promover la oferta de productos de seguros del banco, garantizando su alineación con la regulación vigente, la demanda de los segmentos y la estrategia comercial de la entidad.;Indicador;NPS del cliente asegurado / percepción de valor;Catálogo de Seguros Activos y Reportes de Gestión;;;;;;
Seguros;Productos;SGD;SGP Negocio > Productos > Seguros;3;0;No;Táctico;Diseñar, administrar y promover la oferta de productos de seguros del banco, garantizando su alineación con la regulación vigente, la demanda de los segmentos y la estrategia comercial de la entidad.;Indicador;% de contratación vía canales digitales;Catálogo de Seguros Activos y Reportes de Gestión;;;;;;
Seguros;Productos;SGD;SGP Negocio > Productos > Seguros;3;0;No;Táctico;Diseñar, administrar y promover la oferta de productos de seguros del banco, garantizando su alineación con la regulación vigente, la demanda de los segmentos y la estrategia comercial de la entidad.;Indicador;% seguros vendidos como parte de bundles;Catálogo de Seguros Activos y Reportes de Gestión;;;;;;
Recaudaciones;Medios De Pago;SGD;SGP Negocio > Medios de Pago > Recaudaciones;3;0;No;Táctico;Administrar los servicios de recaudación ofrecidos por el banco, asegurando su eficiencia operativa, capilaridad, adecuación normativa y alineación con las necesidades de clientes institucionales y corporativos.;Genérica;Supervisar e implementar mecanismos de control y seguimiento que aseguren el cumplimiento de políticas internas.;Convenios de Recaudación Activos y Reportes de Gestión;;;;;;
Recaudaciones;Medios De Pago;SGD;SGP Negocio > Medios de Pago > Recaudaciones;3;0;No;Táctico;Administrar los servicios de recaudación ofrecidos por el banco, asegurando su eficiencia operativa, capilaridad, adecuación normativa y alineación con las necesidades de clientes institucionales y corporativos.;Específica;Coordinar y gestionar procesos críticos del área, alineando esfuerzos con los objetivos estratégicos del Banco.;Matriz de Convenios Activos;35;;;;;
Recaudaciones;Medios De Pago;SGD;SGP Negocio > Medios de Pago > Recaudaciones;3;0;No;Táctico;Administrar los servicios de recaudación ofrecidos por el banco, asegurando su eficiencia operativa, capilaridad, adecuación normativa y alineación con las necesidades de clientes institucionales y corporativos.;Específica;Monitorear volúmenes de recaudación, cumplimiento operativo y desvíos.;Tablero de Control de Recaudaciones;35;;;;;
Recaudaciones;Medios De Pago;SGD;SGP Negocio > Medios de Pago > Recaudaciones;3;0;No;Táctico;Administrar los servicios de recaudación ofrecidos por el banco, asegurando su eficiencia operativa, capilaridad, adecuación normativa y alineación con las necesidades de clientes institucionales y corporativos.;Específica;Coordinar acciones de integración tecnológica con entes recaudadores.;Interfaces Operativas Implementadas;30;;;;;
Recaudaciones;Medios De Pago;SGD;SGP Negocio > Medios de Pago > Recaudaciones;3;0;No;Táctico;Administrar los servicios de recaudación ofrecidos por el banco, asegurando su eficiencia operativa, capilaridad, adecuación normativa y alineación con las necesidades de clientes institucionales y corporativos.;Indicador;Volumen total de recaudación procesada por mes;;;;;;;
Recaudaciones;Medios De Pago;SGD;SGP Negocio > Medios de Pago > Recaudaciones;3;0;No;Táctico;Administrar los servicios de recaudación ofrecidos por el banco, asegurando su eficiencia operativa, capilaridad, adecuación normativa y alineación con las necesidades de clientes institucionales y corporativos.;Indicador;Número de convenios activos con entes recaudadores;;;;;;;
Recaudaciones;Medios De Pago;SGD;SGP Negocio > Medios de Pago > Recaudaciones;3;0;No;Táctico;Administrar los servicios de recaudación ofrecidos por el banco, asegurando su eficiencia operativa, capilaridad, adecuación normativa y alineación con las necesidades de clientes institucionales y corporativos.;Indicador;Tasa de éxito en el procesamiento de transacciones;;;;;;;
Recaudaciones;Medios De Pago;SGD;SGP Negocio > Medios de Pago > Recaudaciones;3;0;No;Táctico;Administrar los servicios de recaudación ofrecidos por el banco, asegurando su eficiencia operativa, capilaridad, adecuación normativa y alineación con las necesidades de clientes institucionales y corporativos.;Indicador;Tiempo promedio de resolución de incidencias operativas;;;;;;;
Recaudaciones;Medios De Pago;SGD;SGP Negocio > Medios de Pago > Recaudaciones;3;0;No;Táctico;Administrar los servicios de recaudación ofrecidos por el banco, asegurando su eficiencia operativa, capilaridad, adecuación normativa y alineación con las necesidades de clientes institucionales y corporativos.;Indicador;Porcentaje de cumplimiento de SLA con entes recaudadores;;;;;;;
Recaudaciones;Medios De Pago;SGD;SGP Negocio > Medios de Pago > Recaudaciones;3;0;No;Táctico;Administrar los servicios de recaudación ofrecidos por el banco, asegurando su eficiencia operativa, capilaridad, adecuación normativa y alineación con las necesidades de clientes institucionales y corporativos.;Indicador;Número de interfaces tecnológicas operativas;;;;;;;
Recaudaciones;Medios De Pago;SGD;SGP Negocio > Medios de Pago > Recaudaciones;3;0;No;Táctico;Administrar los servicios de recaudación ofrecidos por el banco, asegurando su eficiencia operativa, capilaridad, adecuación normativa y alineación con las necesidades de clientes institucionales y corporativos.;Indicador;Tasa de adopción de nuevos servicios de recaudación;;;;;;;
Recaudaciones;Medios De Pago;SGD;SGP Negocio > Medios de Pago > Recaudaciones;3;0;No;Táctico;Administrar los servicios de recaudación ofrecidos por el banco, asegurando su eficiencia operativa, capilaridad, adecuación normativa y alineación con las necesidades de clientes institucionales y corporativos.;Indicador;Satisfacción del cliente con los servicios de recaudación;;;;;;;
Adquirienca;Medios De Pago;SGD;SGP Negocio > Medios de Pago > Adquirencia;3;0;No;Táctico;Desarrollar, gestionar y expandir la red de comercios adheridos al ecosistema de adquirencia del banco, promoviendo su cobertura territorial y digital, mejorando la competitividad del servicio, y maximizando el valor generado para comercios y clientes finales, en articulación con la estrategia de medios de pago.;Específica;Elaborar propuestas de expansión territorial y digital para el crecimiento de la red de adquirencia.;Propuesta de Cobertura y Crecimiento;25;;;;;
Adquirienca;Medios De Pago;SGD;SGP Negocio > Medios de Pago > Adquirencia;3;0;No;Táctico;Desarrollar, gestionar y expandir la red de comercios adheridos al ecosistema de adquirencia del banco, promoviendo su cobertura territorial y digital, mejorando la competitividad del servicio, y maximizando el valor generado para comercios y clientes finales, en articulación con la estrategia de medios de pago.;Específica;Monitorear indicadores de performance, retención y rentabilidad de los comercios activos.;Reporte de Performance de Adquirencia;25;;;;;
Adquirienca;Medios De Pago;SGD;SGP Negocio > Medios de Pago > Adquirencia;3;0;No;Táctico;Desarrollar, gestionar y expandir la red de comercios adheridos al ecosistema de adquirencia del banco, promoviendo su cobertura territorial y digital, mejorando la competitividad del servicio, y maximizando el valor generado para comercios y clientes finales, en articulación con la estrategia de medios de pago.;Específica;Coordinar campañas de captación, activación y fidelización de comercios, articulando con áreas de marketing y tecnología.;Acciones Comerciales y Campañas Ejecutadas;50;;;;;
Adquirienca;Medios De Pago;SGD;SGP Negocio > Medios de Pago > Adquirencia;3;0;No;Táctico;Desarrollar, gestionar y expandir la red de comercios adheridos al ecosistema de adquirencia del banco, promoviendo su cobertura territorial y digital, mejorando la competitividad del servicio, y maximizando el valor generado para comercios y clientes finales, en articulación con la estrategia de medios de pago.;Genérica;Coordinar el alta de nuevos comercios, evaluar la performance comercial y la fidelización de la red. Identificar oportunidades de expansión territorial y digital.;Red de Comercios Activa y Segmentada;33,3;;;;;
Adquirienca;Medios De Pago;SGD;SGP Negocio > Medios de Pago > Adquirencia;3;0;No;Táctico;Desarrollar, gestionar y expandir la red de comercios adheridos al ecosistema de adquirencia del banco, promoviendo su cobertura territorial y digital, mejorando la competitividad del servicio, y maximizando el valor generado para comercios y clientes finales, en articulación con la estrategia de medios de pago.;Indicador;Número de comercios activos en la red de adquirencia;;;;;;;
Adquirienca;Medios De Pago;SGD;SGP Negocio > Medios de Pago > Adquirencia;3;0;No;Táctico;Desarrollar, gestionar y expandir la red de comercios adheridos al ecosistema de adquirencia del banco, promoviendo su cobertura territorial y digital, mejorando la competitividad del servicio, y maximizando el valor generado para comercios y clientes finales, en articulación con la estrategia de medios de pago.;Indicador;Tasa de crecimiento de la red de comercios por mes;;;;;;;
Adquirienca;Medios De Pago;SGD;SGP Negocio > Medios de Pago > Adquirencia;3;0;No;Táctico;Desarrollar, gestionar y expandir la red de comercios adheridos al ecosistema de adquirencia del banco, promoviendo su cobertura territorial y digital, mejorando la competitividad del servicio, y maximizando el valor generado para comercios y clientes finales, en articulación con la estrategia de medios de pago.;Indicador;Volumen de transacciones procesadas por comercio;;;;;;;
Adquirienca;Medios De Pago;SGD;SGP Negocio > Medios de Pago > Adquirencia;3;0;No;Táctico;Desarrollar, gestionar y expandir la red de comercios adheridos al ecosistema de adquirencia del banco, promoviendo su cobertura territorial y digital, mejorando la competitividad del servicio, y maximizando el valor generado para comercios y clientes finales, en articulación con la estrategia de medios de pago.;Indicador;Tasa de retención de comercios en la red;;;;;;;
Adquirienca;Medios De Pago;SGD;SGP Negocio > Medios de Pago > Adquirencia;3;0;No;Táctico;Desarrollar, gestionar y expandir la red de comercios adheridos al ecosistema de adquirencia del banco, promoviendo su cobertura territorial y digital, mejorando la competitividad del servicio, y maximizando el valor generado para comercios y clientes finales, en articulación con la estrategia de medios de pago.;Indicador;Cobertura territorial de la red de adquirencia;;;;;;;
Adquirienca;Medios De Pago;SGD;SGP Negocio > Medios de Pago > Adquirencia;3;0;No;Táctico;Desarrollar, gestionar y expandir la red de comercios adheridos al ecosistema de adquirencia del banco, promoviendo su cobertura territorial y digital, mejorando la competitividad del servicio, y maximizando el valor generado para comercios y clientes finales, en articulación con la estrategia de medios de pago.;Indicador;Porcentaje de comercios digitalizados;;;;;;;
Adquirienca;Medios De Pago;SGD;SGP Negocio > Medios de Pago > Adquirencia;3;0;No;Táctico;Desarrollar, gestionar y expandir la red de comercios adheridos al ecosistema de adquirencia del banco, promoviendo su cobertura territorial y digital, mejorando la competitividad del servicio, y maximizando el valor generado para comercios y clientes finales, en articulación con la estrategia de medios de pago.;Indicador;Tiempo promedio de activación de nuevos comercios;;;;;;;
Adquirienca;Medios De Pago;SGD;SGP Negocio > Medios de Pago > Adquirencia;3;0;No;Táctico;Desarrollar, gestionar y expandir la red de comercios adheridos al ecosistema de adquirencia del banco, promoviendo su cobertura territorial y digital, mejorando la competitividad del servicio, y maximizando el valor generado para comercios y clientes finales, en articulación con la estrategia de medios de pago.;Indicador;Satisfacción del comercio con los servicios de adquirencia;;;;;;;
Customer Insights & Analytics;Marketing;SGD;SGP Negocio > Marketing > Customer Insights & Analytics;3;0;No;Analítico;Recolectar, procesar y analizar información sobre el comportamiento de los clientes y su experiencia, generando insights que orienten la estrategia comercial, las acciones de marketing, fidelización y diseño de propuesta de valor centrada en el cliente.;Específica;Diseñar y ejecutar estudios de satisfacción y fidelización (NPS, CES, CSAT), analizando percepciones multicanal.;Estudios de Satisfacción y Fidelidad;100.0;;;;;
Customer Insights & Analytics;Marketing;SGD;SGP Negocio > Marketing > Customer Insights & Analytics;3;0;No;Analítico;Recolectar, procesar y analizar información sobre el comportamiento de los clientes y su experiencia, generando insights que orienten la estrategia comercial, las acciones de marketing, fidelización y diseño de propuesta de valor centrada en el cliente.;Genérica;Relevar patrones de comportamiento, construir modelos de segmentación y consolidar tableros analíticos de experiencia cliente (CX).;Dashboard de Insights y Propuestas de Valor;50;;;;;
Customer Insights & Analitics;Marketing;SGD;SGP Negocio > Marketing > Customer Insights & Analytics;3;0;No;Analítico;Recolectar, procesar y analizar información sobre el comportamiento de los clientes y su experiencia, generando insights que orienten la estrategia comercial, las acciones de marketing, fidelización y diseño de propuesta de valor centrada en el cliente.;Específica;Analizar feedback de clientes y usuarios en canales digitales y presenciales, identificando oportunidades de mejora.;Reporte de Oportunidades de Mejora CX;50.0;;;;;
Customer Insights & Analitics;Marketing;SGD;SGP Negocio > Marketing > Customer Insights & Analytics;3;0;No;Analítico;Recolectar, procesar y analizar información sobre el comportamiento de los clientes y su experiencia, generando insights que orienten la estrategia comercial, las acciones de marketing, fidelización y diseño de propuesta de valor centrada en el cliente.;Específica;Construir perfiles de clientes a partir de hábitos de uso, necesidades y valor, para orientar decisiones comerciales.;Segmentación de Clientes y Perfiles de Valor;50.0;;;;;
Segmento Personas;SGP Clientes;SG;SGP Negocio > Segmento Personas;2;4;Sí;Táctico-Estratégico;Liderar la estrategia del negocio de Personas, garantizando la definición y alineación de las propuestas de valor para los distintos segmentos, productos, canales y servicios. Asegurar la articulación efectiva de las unidades bajo su responsabilidad, promoviendo una gestión orientada al cliente, basada en datos, ágil, eficiente e innovadora, alineada con los objetivos estratégicos institucionales. Maximizar el valor al cliente, la rentabilidad sostenible, y la competitividad de la oferta de productos y servicios en los segmentos de Banca Personas.;Específica;Definir e implementar la propuesta de valor del Segmento Personas.;Propuesta de Valor Segmento Personas;20;;;;;
Segmento Personas;SGP Clientes;SG;SGP Negocio > Segmento Personas;2;4;Sí;Táctico-Estratégico;Liderar la estrategia del negocio de Personas, garantizando la definición y alineación de las propuestas de valor para los distintos segmentos, productos, canales y servicios. Asegurar la articulación efectiva de las unidades bajo su responsabilidad, promoviendo una gestión orientada al cliente, basada en datos, ágil, eficiente e innovadora, alineada con los objetivos estratégicos institucionales. Maximizar el valor al cliente, la rentabilidad sostenible, y la competitividad de la oferta de productos y servicios en los segmentos de Banca Personas.;Específica;Ejecutar y coordinar el desarrollo y seguimiento del plan de negocios para el segmento.;Plan de Negocios del Segmento Personas;20;;;;;
Segmento Personas;SGP Clientes;SG;SGP Negocio > Segmento Personas;2;4;Sí;Táctico-Estratégico;Liderar la estrategia del negocio de Personas, garantizando la definición y alineación de las propuestas de valor para los distintos segmentos, productos, canales y servicios. Asegurar la articulación efectiva de las unidades bajo su responsabilidad, promoviendo una gestión orientada al cliente, basada en datos, ágil, eficiente e innovadora, alineada con los objetivos estratégicos institucionales. Maximizar el valor al cliente, la rentabilidad sostenible, y la competitividad de la oferta de productos y servicios en los segmentos de Banca Personas.;Específica;Supervisar ejecución de las áreas bajo su órbita y evaluar impacto comercial. Monitorear la performance del segmento y coordinar acciones de mejora.;Performance y Ajustes;20;;;;;
Segmento Personas;SGP Clientes;SG;SGP Negocio > Segmento Personas;2;4;Sí;Táctico-Estratégico;Liderar la estrategia del negocio de Personas, garantizando la definición y alineación de las propuestas de valor para los distintos segmentos, productos, canales y servicios. Asegurar la articulación efectiva de las unidades bajo su responsabilidad, promoviendo una gestión orientada al cliente, basada en datos, ágil, eficiente e innovadora, alineada con los objetivos estratégicos institucionales. Maximizar el valor al cliente, la rentabilidad sostenible, y la competitividad de la oferta de productos y servicios en los segmentos de Banca Personas.;Específica;Proponer mejoras en la oferta de valor y la experiencia de los clientes del segmento.;Propuestas de Mejora en la Propuesta de Valor;20;;;;;
Segmento Personas;SGP Clientes;SG;SGP Negocio > Segmento Personas;2;4;Sí;Estratégico;Liderar la estrategia del negocio de Personas, garantizando la definición y alineación de las propuestas de valor para los distintos segmentos, productos, canales y servicios. Asegurar la articulación efectiva de las unidades bajo su responsabilidad, promoviendo una gestión orientada al cliente, basada en datos, ágil, eficiente e innovadora, alineada con los objetivos estratégicos institucionales. Maximizar el valor al cliente, la rentabilidad sostenible, y la competitividad de la oferta de productos y servicios en los segmentos de Banca Personas.;Específica;Monitorear resultados comerciales, comunicar e impulsar acciones de mejora continua.;Informes de Seguimiento Estratégico;20;;;;;
Segmento Personas;SGP Clientes;SG;SGP Negocio > Segmento Personas;2;4;Sí;Táctico-Estratégico;Liderar la estrategia del negocio de Personas, garantizando la definición y alineación de las propuestas de valor para los distintos segmentos, productos, canales y servicios. Asegurar la articulación efectiva de las unidades bajo su responsabilidad, promoviendo una gestión orientada al cliente, basada en datos, ágil, eficiente e innovadora, alineada con los objetivos estratégicos institucionales. Maximizar el valor al cliente, la rentabilidad sostenible, y la competitividad de la oferta de productos y servicios en los segmentos de Banca Personas.;Genérica;Definir y liderar la ejecución de la estrategia del negocio asegurando la alineación integral bajo una visión de Cliente en el centro. Responsable del P&L del Segmento Personas.;Ejecución Plan de Negocio;;;;;;
Segmento Personas;SGP Clientes;SG;SGP Negocio > Segmento Personas;2;4;Sí;Táctico-Estratégico;Liderar la estrategia del negocio de Personas, garantizando la definición y alineación de las propuestas de valor para los distintos segmentos, productos, canales y servicios. Asegurar la articulación efectiva de las unidades bajo su responsabilidad, promoviendo una gestión orientada al cliente, basada en datos, ágil, eficiente e innovadora, alineada con los objetivos estratégicos institucionales. Maximizar el valor al cliente, la rentabilidad sostenible, y la competitividad de la oferta de productos y servicios en los segmentos de Banca Personas.;Genérica;Diseñar, implementar y coordinar la estrategia para el Segmento Personas, articulando las acciones de las unidades a cargo. Asegurar el cumplimiento de los objetivos comerciales, de rentabilidad y posicionamiento del banco. Monitorear el desempeño de productos, canales y servicios destinados al segmento y proponer mejoras.;Lineamientos estratégicos del Segmento Personas;;;;;;
Segmento Personas;SGP Clientes;SG;SGP Negocio > Segmento Personas;2;4;Sí;Táctico-Estratégico;Liderar la estrategia del negocio de Personas, garantizando la definición y alineación de las propuestas de valor para los distintos segmentos, productos, canales y servicios. Asegurar la articulación efectiva de las unidades bajo su responsabilidad, promoviendo una gestión orientada al cliente, basada en datos, ágil, eficiente e innovadora, alineada con los objetivos estratégicos institucionales. Maximizar el valor al cliente, la rentabilidad sostenible, y la competitividad de la oferta de productos y servicios en los segmentos de Banca Personas.;Genérica;Definición de Políticas y Directrices. Proponer políticas, lineamientos y prioridades para la gestión integral del negocio de Personas, en coordinación con otras áreas del Banco.;Políticas y Pautas Estratégicas;20;;;;;
Segmento Personas;SGP Clientes;SG;SGP Negocio > Segmento Personas;2;4;Sí;Táctico-Estratégico;Liderar la estrategia del negocio de Personas, garantizando la definición y alineación de las propuestas de valor para los distintos segmentos, productos, canales y servicios. Asegurar la articulación efectiva de las unidades bajo su responsabilidad, promoviendo una gestión orientada al cliente, basada en datos, ágil, eficiente e innovadora, alineada con los objetivos estratégicos institucionales. Maximizar el valor al cliente, la rentabilidad sostenible, y la competitividad de la oferta de productos y servicios en los segmentos de Banca Personas.;Genérica;Planificación Estratégica y Presupuestaria. Proponer y coordinar el Plan de Acción y Presupuesto de Banca Personas, asegurando su alineación con los objetivos corporativos y su ejecución efectiva.;Plan de Acción y Presupuesto del Área;20;;;;;
Segmento Personas;SGP Clientes;SG;SGP Negocio > Segmento Personas;2;4;Sí;Táctico-Estratégico;Liderar la estrategia del negocio de Personas, garantizando la definición y alineación de las propuestas de valor para los distintos segmentos, productos, canales y servicios. Asegurar la articulación efectiva de las unidades bajo su responsabilidad, promoviendo una gestión orientada al cliente, basada en datos, ágil, eficiente e innovadora, alineada con los objetivos estratégicos institucionales. Maximizar el valor al cliente, la rentabilidad sostenible, y la competitividad de la oferta de productos y servicios en los segmentos de Banca Personas.;Genérica;Evaluar los recursos del área y capacity definiendo expectativas de performance, gestionando el monitoreo del desarrollo y de la productividad.;Administración Eficiente de los Recursos;20;;;;;
Segmento Personas;SGP Clientes;SG;SGP Negocio > Segmento Personas;2;4;Sí;Táctico-Estratégico;Liderar la estrategia del negocio de Personas, garantizando la definición y alineación de las propuestas de valor para los distintos segmentos, productos, canales y servicios. Asegurar la articulación efectiva de las unidades bajo su responsabilidad, promoviendo una gestión orientada al cliente, basada en datos, ágil, eficiente e innovadora, alineada con los objetivos estratégicos institucionales. Maximizar el valor al cliente, la rentabilidad sostenible, y la competitividad de la oferta de productos y servicios en los segmentos de Banca Personas.;Genérica;Transformación y mejora continua. Promover la innovación, transformación digital, uso intensivo de datos y mejora continua en los procesos y modelos de negocio.;Proyectos de transformación y Soluciones de problemas;20;;;;;
Segmento Personas;SGP Clientes;SG;SGP Negocio > Segmento Personas;2;4;Sí;Táctico-Estratégico;Liderar la estrategia del negocio de Personas, garantizando la definición y alineación de las propuestas de valor para los distintos segmentos, productos, canales y servicios. Asegurar la articulación efectiva de las unidades bajo su responsabilidad, promoviendo una gestión orientada al cliente, basada en datos, ágil, eficiente e innovadora, alineada con los objetivos estratégicos institucionales. Maximizar el valor al cliente, la rentabilidad sostenible, y la competitividad de la oferta de productos y servicios en los segmentos de Banca Personas.;Indicador;Penetración de productos por subsegmento;Propuesta de Valor Segmento Personas;20;;;;;
Segmento Personas;SGP Clientes;SG;SGP Negocio > Segmento Personas;2;4;Sí;Táctico-Estratégico;Liderar la estrategia del negocio de Personas, garantizando la definición y alineación de las propuestas de valor para los distintos segmentos, productos, canales y servicios. Asegurar la articulación efectiva de las unidades bajo su responsabilidad, promoviendo una gestión orientada al cliente, basada en datos, ágil, eficiente e innovadora, alineada con los objetivos estratégicos institucionales. Maximizar el valor al cliente, la rentabilidad sostenible, y la competitividad de la oferta de productos y servicios en los segmentos de Banca Personas.;Indicador;Vinculación promedio (productos por cliente);Propuesta de Valor Segmento Personas;20;;;;;
Segmento Personas;SGP Clientes;SG;SGP Negocio > Segmento Personas;2;4;Sí;Táctico-Estratégico;Liderar la estrategia del negocio de Personas, garantizando la definición y alineación de las propuestas de valor para los distintos segmentos, productos, canales y servicios. Asegurar la articulación efectiva de las unidades bajo su responsabilidad, promoviendo una gestión orientada al cliente, basada en datos, ágil, eficiente e innovadora, alineada con los objetivos estratégicos institucionales. Maximizar el valor al cliente, la rentabilidad sostenible, y la competitividad de la oferta de productos y servicios en los segmentos de Banca Personas.;Indicador;Rentabilidad por subsegmento (margen neto / ROA / ROE);Propuesta de Valor Segmento Personas;20;;;;;
Segmento Personas;SGP Clientes;SG;SGP Negocio > Segmento Personas;2;4;Sí;Táctico-Estratégico;Liderar la estrategia del negocio de Personas, garantizando la definición y alineación de las propuestas de valor para los distintos segmentos, productos, canales y servicios. Asegurar la articulación efectiva de las unidades bajo su responsabilidad, promoviendo una gestión orientada al cliente, basada en datos, ágil, eficiente e innovadora, alineada con los objetivos estratégicos institucionales. Maximizar el valor al cliente, la rentabilidad sostenible, y la competitividad de la oferta de productos y servicios en los segmentos de Banca Personas.;Indicador;NPS del segmento personas;Propuesta de Valor Segmento Personas;20;;;;;
Segmento Personas;SGP Clientes;SG;SGP Negocio > Segmento Personas;2;4;Sí;Táctico-Estratégico;Liderar la estrategia del negocio de Personas, garantizando la definición y alineación de las propuestas de valor para los distintos segmentos, productos, canales y servicios. Asegurar la articulación efectiva de las unidades bajo su responsabilidad, promoviendo una gestión orientada al cliente, basada en datos, ágil, eficiente e innovadora, alineada con los objetivos estratégicos institucionales. Maximizar el valor al cliente, la rentabilidad sostenible, y la competitividad de la oferta de productos y servicios en los segmentos de Banca Personas.;Indicador;Tasa de migración entre perfiles (ej. joven → activo → consolidado);Propuesta de Valor Segmento Personas;20;;;;;
Segmento Personas;SGP Clientes;SG;SGP Negocio > Segmento Personas;2;4;Sí;Táctico-Estratégico;Liderar la estrategia del negocio de Personas, garantizando la definición y alineación de las propuestas de valor para los distintos segmentos, productos, canales y servicios. Asegurar la articulación efectiva de las unidades bajo su responsabilidad, promoviendo una gestión orientada al cliente, basada en datos, ágil, eficiente e innovadora, alineada con los objetivos estratégicos institucionales. Maximizar el valor al cliente, la rentabilidad sostenible, y la competitividad de la oferta de productos y servicios en los segmentos de Banca Personas.;Indicador;% digitalización y uso de canales digitales;Propuesta de Valor Segmento Personas;20;;;;;
Segmento Personas;SGP Clientes;SG;SGP Negocio > Segmento Personas;2;4;Sí;Táctico-Estratégico;Liderar la estrategia del negocio de Personas, garantizando la definición y alineación de las propuestas de valor para los distintos segmentos, productos, canales y servicios. Asegurar la articulación efectiva de las unidades bajo su responsabilidad, promoviendo una gestión orientada al cliente, basada en datos, ágil, eficiente e innovadora, alineada con los objetivos estratégicos institucionales. Maximizar el valor al cliente, la rentabilidad sostenible, y la competitividad de la oferta de productos y servicios en los segmentos de Banca Personas.;Indicador;Tasa de abandono y recuperación;Propuesta de Valor Segmento Personas;20;;;;;
Segmento Empresas;SGP Clientes;SG;SGP Negocio > Segmento Empresas;2;4;Sí;Táctico-Estratégico;Liderar la estrategia del negocio de Empresas, garantizando la definición y alineación de las propuestas de valor para los distintos segmentos, productos, canales y servicios. Asegurar la articulación efectiva de las unidades bajo su responsabilidad, promoviendo una gestión orientada al cliente, basada en datos, ágil, eficiente e innovadora, alineada con los objetivos estratégicos institucionales. Maximizar el valor al cliente, la rentabilidad sostenible, y la competitividad de la oferta de productos y servicios en los segmentos de Banca Empresas.;Específica;Desarrollar y coordinar la implementación de la propuesta de valor para Empresas.;Propuesta de Valor Segmento Empresas;20;;;;;
Segmento Empresas;SGP Clientes;SG;SGP Negocio > Segmento Empresas;2;4;Sí;Táctico-Estratégico;Liderar la estrategia del negocio de Empresas, garantizando la definición y alineación de las propuestas de valor para los distintos segmentos, productos, canales y servicios. Asegurar la articulación efectiva de las unidades bajo su responsabilidad, promoviendo una gestión orientada al cliente, basada en datos, ágil, eficiente e innovadora, alineada con los objetivos estratégicos institucionales. Maximizar el valor al cliente, la rentabilidad sostenible, y la competitividad de la oferta de productos y servicios en los segmentos de Banca Empresas.;Específica;Elaborar y ejecutar el plan de negocios para el segmento Empresas.;Plan de Negocios del Segmento Empresas;20;;;;;
Segmento Empresas;SGP Clientes;SG;SGP Negocio > Segmento Empresas;2;4;Sí;Táctico-Estratégico;Liderar la estrategia del negocio de Empresas, garantizando la definición y alineación de las propuestas de valor para los distintos segmentos, productos, canales y servicios. Asegurar la articulación efectiva de las unidades bajo su responsabilidad, promoviendo una gestión orientada al cliente, basada en datos, ágil, eficiente e innovadora, alineada con los objetivos estratégicos institucionales. Maximizar el valor al cliente, la rentabilidad sostenible, y la competitividad de la oferta de productos y servicios en los segmentos de Banca Empresas.;Específica;Supervisar ejecución de las áreas bajo su órbita y evaluar impacto comercial. Supervisar la performance del negocio de Empresas y coordinar acciones de mejora.;Performance y Ajustes;20;;;;;
Segmento Empresas;SGP Clientes;SG;SGP Negocio > Segmento Empresas;2;4;Sí;Táctico-Estratégico;Liderar la estrategia del negocio de Empresas, garantizando la definición y alineación de las propuestas de valor para los distintos segmentos, productos, canales y servicios. Asegurar la articulación efectiva de las unidades bajo su responsabilidad, promoviendo una gestión orientada al cliente, basada en datos, ágil, eficiente e innovadora, alineada con los objetivos estratégicos institucionales. Maximizar el valor al cliente, la rentabilidad sostenible, y la competitividad de la oferta de productos y servicios en los segmentos de Banca Empresas.;Específica;Proponer y gestionar mejoras en la oferta de valor y la experiencia de los clientes del segmento. Gestionar propuestas de mejora y productos diferenciados.;Propuestas de mejora de la Propuesta de Valor;20;;;;;
Segmento Empresas;SGP Clientes;SG;SGP Negocio > Segmento Empresas;2;4;Sí;Estratégico;Liderar la estrategia del negocio de Empresas, garantizando la definición y alineación de las propuestas de valor para los distintos segmentos, productos, canales y servicios. Asegurar la articulación efectiva de las unidades bajo su responsabilidad, promoviendo una gestión orientada al cliente, basada en datos, ágil, eficiente e innovadora, alineada con los objetivos estratégicos institucionales. Maximizar el valor al cliente, la rentabilidad sostenible, y la competitividad de la oferta de productos y servicios en los segmentos de Banca Empresas.;Específica;Monitorear resultados comerciales, comunicar e impulsar acciones de mejora continua.;Informes de Seguimiento Estratégico;20;;;;;
Segmento Empresas;SGP Clientes;SG;SGP Negocio > Segmento Empresas;2;4;Sí;Táctico-Estratégico;Liderar la estrategia del negocio de Empresas, garantizando la definición y alineación de las propuestas de valor para los distintos segmentos, productos, canales y servicios. Asegurar la articulación efectiva de las unidades bajo su responsabilidad, promoviendo una gestión orientada al cliente, basada en datos, ágil, eficiente e innovadora, alineada con los objetivos estratégicos institucionales. Maximizar el valor al cliente, la rentabilidad sostenible, y la competitividad de la oferta de productos y servicios en los segmentos de Banca Empresas.;Genérica;Definir y liderar la ejecución de la estrategia del negocio asegurando la alineación integral bajo una visión de Cliente en el centro. Responsable del P&L del Segmento Empresas.;Ejecución Plan de Negocio;;;;;;
Segmento Empresas;SGP Clientes;SG;SGP Negocio > Segmento Empresas;2;4;Sí;Táctico-Estratégico;Liderar la estrategia del negocio de Empresas, garantizando la definición y alineación de las propuestas de valor para los distintos segmentos, productos, canales y servicios. Asegurar la articulación efectiva de las unidades bajo su responsabilidad, promoviendo una gestión orientada al cliente, basada en datos, ágil, eficiente e innovadora, alineada con los objetivos estratégicos institucionales. Maximizar el valor al cliente, la rentabilidad sostenible, y la competitividad de la oferta de productos y servicios en los segmentos de Banca Empresas.;Genérica;Diseñar, implementar y coordinar la estrategia para el Segmento Empresas, articulando las acciones de las unidades a cargo. Asegurar el cumplimiento de los objetivos comerciales, de rentabilidad y posicionamiento del banco. Monitorear el desempeño de productos, canales y servicios destinados al segmento y proponer mejoras.;Lineamientos estratégicos del Segmento Empresas;;;;;;
Segmento Empresas;SGP Clientes;SG;SGP Negocio > Segmento Empresas;2;4;Sí;Táctico-Estratégico;Liderar la estrategia del negocio de Empresas, garantizando la definición y alineación de las propuestas de valor para los distintos segmentos, productos, canales y servicios. Asegurar la articulación efectiva de las unidades bajo su responsabilidad, promoviendo una gestión orientada al cliente, basada en datos, ágil, eficiente e innovadora, alineada con los objetivos estratégicos institucionales. Maximizar el valor al cliente, la rentabilidad sostenible, y la competitividad de la oferta de productos y servicios en los segmentos de Banca Empresas.;Genérica;Definición de Políticas y Directrices. Proponer políticas, lineamientos y prioridades para la gestión integral del negocio de Empresas, en coordinación con otras áreas del Banco.;Políticas y Pautas Estratégicas;;;;;;
Segmento Empresas;SGP Clientes;SG;SGP Negocio > Segmento Empresas;2;4;Sí;Táctico-Estratégico;Liderar la estrategia del negocio de Empresas, garantizando la definición y alineación de las propuestas de valor para los distintos segmentos, productos, canales y servicios. Asegurar la articulación efectiva de las unidades bajo su responsabilidad, promoviendo una gestión orientada al cliente, basada en datos, ágil, eficiente e innovadora, alineada con los objetivos estratégicos institucionales. Maximizar el valor al cliente, la rentabilidad sostenible, y la competitividad de la oferta de productos y servicios en los segmentos de Banca Empresas.;Genérica;Planificación Estratégica y Presupuestaria. Proponer y coordinar el Plan de Acción y Presupuesto de Banca Empresas, asegurando su alineación con los objetivos corporativos y su ejecución efectiva.;Plan de Acción y Presupuesto del Área;;;;;;
Segmento Empresas;SGP Clientes;SG;SGP Negocio > Segmento Empresas;2;4;Sí;Táctico-Estratégico;Liderar la estrategia del negocio de Empresas, garantizando la definición y alineación de las propuestas de valor para los distintos segmentos, productos, canales y servicios. Asegurar la articulación efectiva de las unidades bajo su responsabilidad, promoviendo una gestión orientada al cliente, basada en datos, ágil, eficiente e innovadora, alineada con los objetivos estratégicos institucionales. Maximizar el valor al cliente, la rentabilidad sostenible, y la competitividad de la oferta de productos y servicios en los segmentos de Banca Empresas.;Genérica;Evaluar los recursos del área y capacity definiendo expectativas de performance, gestionando el monitoreo del desarrollo y de la productividad.;Administración Eficiente de los Recursos;;;;;;
Segmento Empresas;SGP Clientes;SG;SGP Negocio > Segmento Empresas;2;4;Sí;Táctico-Estratégico;Liderar la estrategia del negocio de Empresas, garantizando la definición y alineación de las propuestas de valor para los distintos segmentos, productos, canales y servicios. Asegurar la articulación efectiva de las unidades bajo su responsabilidad, promoviendo una gestión orientada al cliente, basada en datos, ágil, eficiente e innovadora, alineada con los objetivos estratégicos institucionales. Maximizar el valor al cliente, la rentabilidad sostenible, y la competitividad de la oferta de productos y servicios en los segmentos de Banca Empresas.;Genérica;Transformación y mejora continua. Promover la innovación, transformación digital, uso intensivo de datos y mejora continua en los procesos y modelos de negocio.;Proyectos de transformación y Soluciones de problemas;;;;;;
Segmento Empresas;SGP Clientes;SG;SGP Negocio > Segmento Empresas;2;4;Sí;Táctico-Estratégico;Liderar la estrategia del negocio de Empresas, garantizando la definición y alineación de las propuestas de valor para los distintos segmentos, productos, canales y servicios. Asegurar la articulación efectiva de las unidades bajo su responsabilidad, promoviendo una gestión orientada al cliente, basada en datos, ágil, eficiente e innovadora, alineada con los objetivos estratégicos institucionales. Maximizar el valor al cliente, la rentabilidad sostenible, y la competitividad de la oferta de productos y servicios en los segmentos de Banca Empresas.;Indicador;Participación de cada subsegmento en la cartera activa;Propuesta de Valor Segmento Empresas;20;;;;;
Segmento Empresas;SGP Clientes;SG;SGP Negocio > Segmento Empresas;2;4;Sí;Táctico-Estratégico;Liderar la estrategia del negocio de Empresas, garantizando la definición y alineación de las propuestas de valor para los distintos segmentos, productos, canales y servicios. Asegurar la articulación efectiva de las unidades bajo su responsabilidad, promoviendo una gestión orientada al cliente, basada en datos, ágil, eficiente e innovadora, alineada con los objetivos estratégicos institucionales. Maximizar el valor al cliente, la rentabilidad sostenible, y la competitividad de la oferta de productos y servicios en los segmentos de Banca Empresas.;Indicador;Rentabilidad (margen / ROA / ROE) por tipo de empresa;Propuesta de Valor Segmento Empresas;20;;;;;
Segmento Empresas;SGP Clientes;SG;SGP Negocio > Segmento Empresas;2;4;Sí;Táctico-Estratégico;Liderar la estrategia del negocio de Empresas, garantizando la definición y alineación de las propuestas de valor para los distintos segmentos, productos, canales y servicios. Asegurar la articulación efectiva de las unidades bajo su responsabilidad, promoviendo una gestión orientada al cliente, basada en datos, ágil, eficiente e innovadora, alineada con los objetivos estratégicos institucionales. Maximizar el valor al cliente, la rentabilidad sostenible, y la competitividad de la oferta de productos y servicios en los segmentos de Banca Empresas.;Indicador;Penetración de productos por cliente empresa;Propuesta de Valor Segmento Empresas;20;;;;;
Segmento Empresas;SGP Clientes;SG;SGP Negocio > Segmento Empresas;2;4;Sí;Táctico-Estratégico;Liderar la estrategia del negocio de Empresas, garantizando la definición y alineación de las propuestas de valor para los distintos segmentos, productos, canales y servicios. Asegurar la articulación efectiva de las unidades bajo su responsabilidad, promoviendo una gestión orientada al cliente, basada en datos, ágil, eficiente e innovadora, alineada con los objetivos estratégicos institucionales. Maximizar el valor al cliente, la rentabilidad sostenible, y la competitividad de la oferta de productos y servicios en los segmentos de Banca Empresas.;Indicador;NPS y tasa de satisfacción por canal de atención;Propuesta de Valor Segmento Empresas;20;;;;;
Segmento Empresas;SGP Clientes;SG;SGP Negocio > Segmento Empresas;2;4;Sí;Táctico-Estratégico;Liderar la estrategia del negocio de Empresas, garantizando la definición y alineación de las propuestas de valor para los distintos segmentos, productos, canales y servicios. Asegurar la articulación efectiva de las unidades bajo su responsabilidad, promoviendo una gestión orientada al cliente, basada en datos, ágil, eficiente e innovadora, alineada con los objetivos estratégicos institucionales. Maximizar el valor al cliente, la rentabilidad sostenible, y la competitividad de la oferta de productos y servicios en los segmentos de Banca Empresas.;Indicador;% empresas con atención personalizada / autogestión digital;Propuesta de Valor Segmento Empresas;20;;;;;
Segmento Empresas;SGP Clientes;SG;SGP Negocio > Segmento Empresas;2;4;Sí;Táctico-Estratégico;Liderar la estrategia del negocio de Empresas, garantizando la definición y alineación de las propuestas de valor para los distintos segmentos, productos, canales y servicios. Asegurar la articulación efectiva de las unidades bajo su responsabilidad, promoviendo una gestión orientada al cliente, basada en datos, ágil, eficiente e innovadora, alineada con los objetivos estratégicos institucionales. Maximizar el valor al cliente, la rentabilidad sostenible, y la competitividad de la oferta de productos y servicios en los segmentos de Banca Empresas.;Indicador;Ratio vinculación (ingresos + egresos + crédito + seguros + pagos);Propuesta de Valor Segmento Empresas;20;;;;;
Segmento Empresas;SGP Clientes;SG;SGP Negocio > Segmento Empresas;2;4;Sí;Táctico-Estratégico;Liderar la estrategia del negocio de Empresas, garantizando la definición y alineación de las propuestas de valor para los distintos segmentos, productos, canales y servicios. Asegurar la articulación efectiva de las unidades bajo su responsabilidad, promoviendo una gestión orientada al cliente, basada en datos, ágil, eficiente e innovadora, alineada con los objetivos estratégicos institucionales. Maximizar el valor al cliente, la rentabilidad sostenible, y la competitividad de la oferta de productos y servicios en los segmentos de Banca Empresas.;Indicador;% empresas vinculadas a programas públicos o financiamiento especial;Propuesta de Valor Segmento Empresas;20;;;;;
Segmento Empresas;SGP Clientes;SG;SGP Negocio > Segmento Empresas;2;4;Sí;Táctico-Estratégico;Liderar la estrategia del negocio de Empresas, garantizando la definición y alineación de las propuestas de valor para los distintos segmentos, productos, canales y servicios. Asegurar la articulación efectiva de las unidades bajo su responsabilidad, promoviendo una gestión orientada al cliente, basada en datos, ágil, eficiente e innovadora, alineada con los objetivos estratégicos institucionales. Maximizar el valor al cliente, la rentabilidad sostenible, y la competitividad de la oferta de productos y servicios en los segmentos de Banca Empresas.;Indicador;Volumen de operaciones de comercio exterior (USD y cantidad);Propuesta de Valor Segmento Empresas;20;;;;;
Segmento Empresas;SGP Clientes;SG;SGP Negocio > Segmento Empresas;2;4;Sí;Táctico-Estratégico;Liderar la estrategia del negocio de Empresas, garantizando la definición y alineación de las propuestas de valor para los distintos segmentos, productos, canales y servicios. Asegurar la articulación efectiva de las unidades bajo su responsabilidad, promoviendo una gestión orientada al cliente, basada en datos, ágil, eficiente e innovadora, alineada con los objetivos estratégicos institucionales. Maximizar el valor al cliente, la rentabilidad sostenible, y la competitividad de la oferta de productos y servicios en los segmentos de Banca Empresas.;Indicador;Tiempo medio de procesamiento por tipo de operación;Propuesta de Valor Segmento Empresas;20;;;;;
Segmento Empresas;SGP Clientes;SG;SGP Negocio > Segmento Empresas;2;4;Sí;Táctico-Estratégico;Liderar la estrategia del negocio de Empresas, garantizando la definición y alineación de las propuestas de valor para los distintos segmentos, productos, canales y servicios. Asegurar la articulación efectiva de las unidades bajo su responsabilidad, promoviendo una gestión orientada al cliente, basada en datos, ágil, eficiente e innovadora, alineada con los objetivos estratégicos institucionales. Maximizar el valor al cliente, la rentabilidad sostenible, y la competitividad de la oferta de productos y servicios en los segmentos de Banca Empresas.;Indicador;Participación en financiamiento al comercio exterior (en el sistema);Propuesta de Valor Segmento Empresas;20;;;;;
Segmento Empresas;SGP Clientes;SG;SGP Negocio > Segmento Empresas;2;4;Sí;Táctico-Estratégico;Liderar la estrategia del negocio de Empresas, garantizando la definición y alineación de las propuestas de valor para los distintos segmentos, productos, canales y servicios. Asegurar la articulación efectiva de las unidades bajo su responsabilidad, promoviendo una gestión orientada al cliente, basada en datos, ágil, eficiente e innovadora, alineada con los objetivos estratégicos institucionales. Maximizar el valor al cliente, la rentabilidad sostenible, y la competitividad de la oferta de productos y servicios en los segmentos de Banca Empresas.;Indicador;Cobertura y uso de corresponsales activos;Propuesta de Valor Segmento Empresas;20;;;;;
Segmento Empresas;SGP Clientes;SG;SGP Negocio > Segmento Empresas;2;4;Sí;Táctico-Estratégico;Liderar la estrategia del negocio de Empresas, garantizando la definición y alineación de las propuestas de valor para los distintos segmentos, productos, canales y servicios. Asegurar la articulación efectiva de las unidades bajo su responsabilidad, promoviendo una gestión orientada al cliente, basada en datos, ágil, eficiente e innovadora, alineada con los objetivos estratégicos institucionales. Maximizar el valor al cliente, la rentabilidad sostenible, y la competitividad de la oferta de productos y servicios en los segmentos de Banca Empresas.;Indicador;NPS de clientes empresas internacionales;Propuesta de Valor Segmento Empresas;20;;;;;
Segmento Empresas;SGP Clientes;SG;SGP Negocio > Segmento Empresas;2;4;Sí;Táctico-Estratégico;Liderar la estrategia del negocio de Empresas, garantizando la definición y alineación de las propuestas de valor para los distintos segmentos, productos, canales y servicios. Asegurar la articulación efectiva de las unidades bajo su responsabilidad, promoviendo una gestión orientada al cliente, basada en datos, ágil, eficiente e innovadora, alineada con los objetivos estratégicos institucionales. Maximizar el valor al cliente, la rentabilidad sostenible, y la competitividad de la oferta de productos y servicios en los segmentos de Banca Empresas.;Indicador;Cumplimiento normativo (AML/CFT y BCRA);Propuesta de Valor Segmento Empresas;20;;;;;
Segmento Empresas;SGP Clientes;SG;SGP Negocio > Segmento Empresas;2;4;Sí;Táctico-Estratégico;Liderar la estrategia del negocio de Empresas, garantizando la definición y alineación de las propuestas de valor para los distintos segmentos, productos, canales y servicios. Asegurar la articulación efectiva de las unidades bajo su responsabilidad, promoviendo una gestión orientada al cliente, basada en datos, ágil, eficiente e innovadora, alineada con los objetivos estratégicos institucionales. Maximizar el valor al cliente, la rentabilidad sostenible, y la competitividad de la oferta de productos y servicios en los segmentos de Banca Empresas.;Indicador;Rentabilidad por oficina en el exterior;Propuesta de Valor Segmento Empresas;20;;;;;
Productos;SGP Clientes;GD;SGP Negocio > Productos;2;4;Sí;Táctico;Liderar el desarrollo, evolución y gestión del portafolio de productos financieros del Banco, asegurando que respondan a las necesidades actuales y futuras de los clientes, bajo criterios de experiencia, competitividad, innovación, rentabilidad y sostenibilidad. La Gerencia de Producto es responsable de articular con áreas técnicas, comerciales, regulatorias y tecnológicas para diseñar soluciones integrales que generen valor para el cliente y contribuyan al cumplimiento de los objetivos estratégicos del Banco.;Genérica;Planificación estratégica de Producto. Definir, en coordinación con la alta dirección, la estrategia de desarrollo, posicionamiento y evolución del portafolio de productos del Banco.;Plan estratégico del portafolio de productos;;;;;;
Productos;SGP Clientes;GD;SGP Negocio > Productos;2;4;Sí;Táctico;Liderar el desarrollo, evolución y gestión del portafolio de productos financieros del Banco, asegurando que respondan a las necesidades actuales y futuras de los clientes, bajo criterios de experiencia, competitividad, innovación, rentabilidad y sostenibilidad. La Gerencia de Producto es responsable de articular con áreas técnicas, comerciales, regulatorias y tecnológicas para diseñar soluciones integrales que generen valor para el cliente y contribuyan al cumplimiento de los objetivos estratégicos del Banco.;Genérica;Gestión integral del Ciclo de Vida del Producto. Administrar cada producto o solución financiera desde su diseño hasta su discontinuación, garantizando su vigencia, utilidad y rentabilidad. Coordinar el desarrollo de productos activos, pasivos, inversiones y seguros. Gestionar la evolución del portafolio, identificar oportunidades de mejora y colaborar con las áreas comerciales para su implementación.;Roadmap de productos y matriz de gestión;;;;;;
Productos;SGP Clientes;GD;SGP Negocio > Productos;2;4;Sí;Táctico;Liderar el desarrollo, evolución y gestión del portafolio de productos financieros del Banco, asegurando que respondan a las necesidades actuales y futuras de los clientes, bajo criterios de experiencia, competitividad, innovación, rentabilidad y sostenibilidad. La Gerencia de Producto es responsable de articular con áreas técnicas, comerciales, regulatorias y tecnológicas para diseñar soluciones integrales que generen valor para el cliente y contribuyan al cumplimiento de los objetivos estratégicos del Banco.;Genérica;Monitoreo de performance y rentabilidad. Evaluar y controlar la performance comercial, operativa, financiera y de riesgos de cada producto, proponiendo acciones de mejora continua.;KPIs del producto, reportes de performance y rentabilidad;;;;;;
Productos;SGP Clientes;GD;SGP Negocio > Productos;2;4;Sí;Táctico;Liderar el desarrollo, evolución y gestión del portafolio de productos financieros del Banco, asegurando que respondan a las necesidades actuales y futuras de los clientes, bajo criterios de experiencia, competitividad, innovación, rentabilidad y sostenibilidad. La Gerencia de Producto es responsable de articular con áreas técnicas, comerciales, regulatorias y tecnológicas para diseñar soluciones integrales que generen valor para el cliente y contribuyan al cumplimiento de los objetivos estratégicos del Banco.;Genérica;Coordinación transversal de procesos. Asegurar la articulación efectiva entre segmentos, canales, operaciones, tecnología, riesgos, legal y compliance para la implementación y evolución de los productos.;Planes de trabajo transversales por producto o solución;20;;;;;
Productos;SGP Clientes;GD;SGP Negocio > Productos;2;4;Sí;Táctico;Liderar el desarrollo, evolución y gestión del portafolio de productos financieros del Banco, asegurando que respondan a las necesidades actuales y futuras de los clientes, bajo criterios de experiencia, competitividad, innovación, rentabilidad y sostenibilidad. La Gerencia de Producto es responsable de articular con áreas técnicas, comerciales, regulatorias y tecnológicas para diseñar soluciones integrales que generen valor para el cliente y contribuyan al cumplimiento de los objetivos estratégicos del Banco.;Genérica;Gestión de la innovación. Detectar oportunidades de innovación en productos, bundles, modelos digitales y estrategias de monetización, integrando tendencias del mercado financiero local y global.;Proyectos de innovación, prototipos y MVPs;20;;;;;
Productos;SGP Clientes;GD;SGP Negocio > Productos;2;4;Sí;Táctico;Liderar el desarrollo, evolución y gestión del portafolio de productos financieros del Banco, asegurando que respondan a las necesidades actuales y futuras de los clientes, bajo criterios de experiencia, competitividad, innovación, rentabilidad y sostenibilidad. La Gerencia de Producto es responsable de articular con áreas técnicas, comerciales, regulatorias y tecnológicas para diseñar soluciones integrales que generen valor para el cliente y contribuyan al cumplimiento de los objetivos estratégicos del Banco.;Específica;Desarrollar líneas de préstamos personales, hipotecarios, prendarios, consumo, y líneas para empresas, garantizando accesibilidad, control de riesgo y sostenibilidad.;Productos Activos y Crédito;20;;;;;
Productos;SGP Clientes;GD;SGP Negocio > Productos;2;4;Sí;Táctico;Liderar el desarrollo, evolución y gestión del portafolio de productos financieros del Banco, asegurando que respondan a las necesidades actuales y futuras de los clientes, bajo criterios de experiencia, competitividad, innovación, rentabilidad y sostenibilidad. La Gerencia de Producto es responsable de articular con áreas técnicas, comerciales, regulatorias y tecnológicas para diseñar soluciones integrales que generen valor para el cliente y contribuyan al cumplimiento de los objetivos estratégicos del Banco.;Específica;Diseñar y optimizar cuentas, cajas de ahorro, cuentas sueldo y plazos fijos, con foco en accesibilidad, retención y funding estratégico.;Pasivos transaccionales y de captación;20;;;;;
Productos;SGP Clientes;GD;SGP Negocio > Productos;2;4;Sí;Táctico;Liderar el desarrollo, evolución y gestión del portafolio de productos financieros del Banco, asegurando que respondan a las necesidades actuales y futuras de los clientes, bajo criterios de experiencia, competitividad, innovación, rentabilidad y sostenibilidad. La Gerencia de Producto es responsable de articular con áreas técnicas, comerciales, regulatorias y tecnológicas para diseñar soluciones integrales que generen valor para el cliente y contribuyan al cumplimiento de los objetivos estratégicos del Banco.;Específica;Diseñar, coordinar y gestionar productos de inversión para personas y empresas (plazos fijos especiales, fondos comunes, títulos, bonos), incluyendo relación con ALyCs y Sociedades Gerentes.;Inversiones;15;;;;;
Productos;SGP Clientes;GD;SGP Negocio > Productos;2;4;Sí;Táctico;Liderar el desarrollo, evolución y gestión del portafolio de productos financieros del Banco, asegurando que respondan a las necesidades actuales y futuras de los clientes, bajo criterios de experiencia, competitividad, innovación, rentabilidad y sostenibilidad. La Gerencia de Producto es responsable de articular con áreas técnicas, comerciales, regulatorias y tecnológicas para diseñar soluciones integrales que generen valor para el cliente y contribuyan al cumplimiento de los objetivos estratégicos del Banco.;Específica;Impulsar la comercialización de seguros patrimoniales, personales y de vida en asociación con aseguradoras, definiendo estrategia de oferta, pricing, bundles y canales.;Seguros;15;;;;;
Productos;SGP Clientes;GD;SGP Negocio > Productos;2;4;Sí;Táctico;Liderar el desarrollo, evolución y gestión del portafolio de productos financieros del Banco, asegurando que respondan a las necesidades actuales y futuras de los clientes, bajo criterios de experiencia, competitividad, innovación, rentabilidad y sostenibilidad. La Gerencia de Producto es responsable de articular con áreas técnicas, comerciales, regulatorias y tecnológicas para diseñar soluciones integrales que generen valor para el cliente y contribuyan al cumplimiento de los objetivos estratégicos del Banco.;Específica;Incorporar insights de clientes, resultados de campañas, benchmark de mercado y métricas de uso en el diseño y evolución de productos.;Voz del cliente e inteligencia de producto;10;;;;;
Productos;SGP Clientes;GD;SGP Negocio > Productos;2;4;Sí;Táctico;Liderar el desarrollo, evolución y gestión del portafolio de productos financieros del Banco, asegurando que respondan a las necesidades actuales y futuras de los clientes, bajo criterios de experiencia, competitividad, innovación, rentabilidad y sostenibilidad. La Gerencia de Producto es responsable de articular con áreas técnicas, comerciales, regulatorias y tecnológicas para diseñar soluciones integrales que generen valor para el cliente y contribuyan al cumplimiento de los objetivos estratégicos del Banco.;Específica;Asegurar la transformación continua de los productos hacia versiones más simples, digitales, escalables y centradas en la experiencia del cliente.;Evolución funcional y digital del producto;10;;;;;
Productos;SGP Clientes;GD;SGP Negocio > Productos;2;4;Sí;Táctico;Liderar el desarrollo, evolución y gestión del portafolio de productos financieros del Banco, asegurando que respondan a las necesidades actuales y futuras de los clientes, bajo criterios de experiencia, competitividad, innovación, rentabilidad y sostenibilidad. La Gerencia de Producto es responsable de articular con áreas técnicas, comerciales, regulatorias y tecnológicas para diseñar soluciones integrales que generen valor para el cliente y contribuyan al cumplimiento de los objetivos estratégicos del Banco.;Específica;Diseñar, colaborar y gestionar combinaciones de productos adaptadas a cada segmento (ej. cuenta + tarjeta + préstamo + seguro), orientadas a aumentar la vinculación, satisfacción y rentabilidad.;Paquetes y soluciones integradas;5;;;;;
Productos;SGP Clientes;GD;SGP Negocio > Productos;2;4;Sí;Táctico;Liderar el desarrollo, evolución y gestión del portafolio de productos financieros del Banco, asegurando que respondan a las necesidades actuales y futuras de los clientes, bajo criterios de experiencia, competitividad, innovación, rentabilidad y sostenibilidad. La Gerencia de Producto es responsable de articular con áreas técnicas, comerciales, regulatorias y tecnológicas para diseñar soluciones integrales que generen valor para el cliente y contribuyan al cumplimiento de los objetivos estratégicos del Banco.;Específica;Garantizar que todos los productos cumplan con la normativa vigente del BCRA, CNV, SSN, UIF u otras, incluyendo el adecuado control del riesgo operativo y reputacional.;Cumplimiento normativo y riesgo producto;5;;;;;
Medios De Pago;SGP Clientes;GD;SGP Negocio > Medios de Pago;2;4;Sí;Táctico;Diseñar, desarrollar, gestionar y evolucionar el ecosistema de medios de pago del Banco, promoviendo su adopción, rentabilidad, interoperabilidad y contribución a la bancarización, inclusión financiera y digitalización de los clientes, con foco en la experiencia de usuario, la eficiencia operativa y la sostenibilidad. La Gerencia de Medios de Pago es responsable de articular con áreas técnicas, comerciales, regulatorias y tecnológicas para diseñar soluciones integrales que generen valor para el cliente y contribuyan al cumplimiento de los objetivos estratégicos del Banco.;Específica;Gestionar las capacidades para la emisión, administración, uso, límites, pricing, campañas y evolución funcional de las tarjetas, en coordinación con procesadoras, marcas y segmentos.;Tarjetas de débito, crédito y prepagas;15;;;;;
Medios De Pago;SGP Clientes;GD;SGP Negocio > Medios de Pago;2;4;Sí;Táctico;Diseñar, desarrollar, gestionar y evolucionar el ecosistema de medios de pago del Banco, promoviendo su adopción, rentabilidad, interoperabilidad y contribución a la bancarización, inclusión financiera y digitalización de los clientes, con foco en la experiencia de usuario, la eficiencia operativa y la sostenibilidad. La Gerencia de Medios de Pago es responsable de articular con áreas técnicas, comerciales, regulatorias y tecnológicas para diseñar soluciones integrales que generen valor para el cliente y contribuyan al cumplimiento de los objetivos estratégicos del Banco.;Específica;Desarrollar y operar soluciones de pago digital (P2P, C2B, P2M, QR, DEBIN, pagos inmediatos), asegurando eficiencia, usabilidad y cumplimiento regulatorio.;Pagos digitales y transferencias;15;;;;;
Medios De Pago;SGP Clientes;GD;SGP Negocio > Medios de Pago;2;4;Sí;Táctico;Diseñar, desarrollar, gestionar y evolucionar el ecosistema de medios de pago del Banco, promoviendo su adopción, rentabilidad, interoperabilidad y contribución a la bancarización, inclusión financiera y digitalización de los clientes, con foco en la experiencia de usuario, la eficiencia operativa y la sostenibilidad. La Gerencia de Medios de Pago es responsable de articular con áreas técnicas, comerciales, regulatorias y tecnológicas para diseñar soluciones integrales que generen valor para el cliente y contribuyan al cumplimiento de los objetivos estratégicos del Banco.;Específica;Administrar y optimizar los servicios de cobranzas, pagos masivos, débitos automáticos y servicios de recaudación para empresas, entidades públicas y privados.;Soluciones de Cobranzas y Recaudaciones;15;;;;;
Medios De Pago;SGP Clientes;GD;SGP Negocio > Medios de Pago;2;4;Sí;Táctico;Diseñar, desarrollar, gestionar y evolucionar el ecosistema de medios de pago del Banco, promoviendo su adopción, rentabilidad, interoperabilidad y contribución a la bancarización, inclusión financiera y digitalización de los clientes, con foco en la experiencia de usuario, la eficiencia operativa y la sostenibilidad. La Gerencia de Medios de Pago es responsable de articular con áreas técnicas, comerciales, regulatorias y tecnológicas para diseñar soluciones integrales que generen valor para el cliente y contribuyan al cumplimiento de los objetivos estratégicos del Banco.;Específica;Supervisar el modelo de adquirencia, relación con redes, terminales físicas y digitales, y estrategias de inclusión de comercios y monetización de transacciones.;Adquirencia y terminales (POS/QR);15;;;;;
Medios De Pago;SGP Clientes;GD;SGP Negocio > Medios de Pago;2;4;Sí;Estratégico;Diseñar, desarrollar, gestionar y evolucionar el ecosistema de medios de pago del Banco, promoviendo su adopción, rentabilidad, interoperabilidad y contribución a la bancarización, inclusión financiera y digitalización de los clientes, con foco en la experiencia de usuario, la eficiencia operativa y la sostenibilidad. La Gerencia de Medios de Pago es responsable de articular con áreas técnicas, comerciales, regulatorias y tecnológicas para diseñar soluciones integrales que generen valor para el cliente y contribuyan al cumplimiento de los objetivos estratégicos del Banco.;Específica;Articular relaciones con fintechs, plataformas de pago, procesadoras y partners estratégicos para ampliar la propuesta de valor del ecosistema de pagos.;Gestión de alianzas y partners del ecosistema;15;;;;;
Medios De Pago;SGP Clientes;GD;SGP Negocio > Medios de Pago;2;4;Sí;Táctico;Diseñar, desarrollar, gestionar y evolucionar el ecosistema de medios de pago del Banco, promoviendo su adopción, rentabilidad, interoperabilidad y contribución a la bancarización, inclusión financiera y digitalización de los clientes, con foco en la experiencia de usuario, la eficiencia operativa y la sostenibilidad. La Gerencia de Medios de Pago es responsable de articular con áreas técnicas, comerciales, regulatorias y tecnológicas para diseñar soluciones integrales que generen valor para el cliente y contribuyan al cumplimiento de los objetivos estratégicos del Banco.;Específica;Garantizar la operación segura, confiable y en cumplimiento con los requerimientos del BCRA, la UIF, normativas PCI-DSS y demás estándares de ciberseguridad.;Seguridad, riesgos y cumplimiento normativo;15;;;;;
Medios De Pago;SGP Clientes;GD;SGP Negocio > Medios de Pago;2;4;Sí;Táctico;Diseñar, desarrollar, gestionar y evolucionar el ecosistema de medios de pago del Banco, promoviendo su adopción, rentabilidad, interoperabilidad y contribución a la bancarización, inclusión financiera y digitalización de los clientes, con foco en la experiencia de usuario, la eficiencia operativa y la sostenibilidad. La Gerencia de Medios de Pago es responsable de articular con áreas técnicas, comerciales, regulatorias y tecnológicas para diseñar soluciones integrales que generen valor para el cliente y contribuyan al cumplimiento de los objetivos estratégicos del Banco.;Específica;Monitorear tendencias locales e internacionales, promoviendo iniciativas de innovación (tokenización, biometría, contactless, billeteras abiertas, etc.).;Innovación y benchmarking;10;;;;;
Medios De Pago;SGP Clientes;GD;SGP Negocio > Medios de Pago;2;4;Sí;Táctico;Diseñar, desarrollar, gestionar y evolucionar el ecosistema de medios de pago del Banco, promoviendo su adopción, rentabilidad, interoperabilidad y contribución a la bancarización, inclusión financiera y digitalización de los clientes, con foco en la experiencia de usuario, la eficiencia operativa y la sostenibilidad. La Gerencia de Medios de Pago es responsable de articular con áreas técnicas, comerciales, regulatorias y tecnológicas para diseñar soluciones integrales que generen valor para el cliente y contribuyan al cumplimiento de los objetivos estratégicos del Banco.;Genérica;Estrategia integral de Medios de Pago. Definir e implementar la estrategia de desarrollo del ecosistema de pagos del Banco (tarjetas, transferencias, cobros, pagos, billeteras, adquirencia, QR, etc.), alineado con la visión institucional.;Plan estratégico de Medios de Pago;;;;;;
Medios De Pago;SGP Clientes;GD;SGP Negocio > Medios de Pago;2;4;Sí;Táctico;Diseñar, desarrollar, gestionar y evolucionar el ecosistema de medios de pago del Banco, promoviendo su adopción, rentabilidad, interoperabilidad y contribución a la bancarización, inclusión financiera y digitalización de los clientes, con foco en la experiencia de usuario, la eficiencia operativa y la sostenibilidad. La Gerencia de Medios de Pago es responsable de articular con áreas técnicas, comerciales, regulatorias y tecnológicas para diseñar soluciones integrales que generen valor para el cliente y contribuyan al cumplimiento de los objetivos estratégicos del Banco.;Genérica;Gestión integral del Ciclo de Vida del Producto. Administrar la evolución, posicionamiento, pricing, rentabilidad y vigencia de los medios de pago, desde su diseño hasta su renovación o discontinuación.;Roadmap de productos y matriz de gestión;;;;;;
Medios De Pago;SGP Clientes;GD;SGP Negocio > Medios de Pago;2;4;Sí;Táctico;Diseñar, desarrollar, gestionar y evolucionar el ecosistema de medios de pago del Banco, promoviendo su adopción, rentabilidad, interoperabilidad y contribución a la bancarización, inclusión financiera y digitalización de los clientes, con foco en la experiencia de usuario, la eficiencia operativa y la sostenibilidad. La Gerencia de Medios de Pago es responsable de articular con áreas técnicas, comerciales, regulatorias y tecnológicas para diseñar soluciones integrales que generen valor para el cliente y contribuyan al cumplimiento de los objetivos estratégicos del Banco.;Genérica;Monitoreo de performance, rentabilidad y mejora continua. Analizar el uso, costos, ingresos, riesgos y evolución de cada medio de pago, proponiendo mejoras funcionales, comerciales o operativas.;KPIs, informes de uso, rentabilidad, riesgos;;;;;;
Medios De Pago;SGP Clientes;GD;SGP Negocio > Medios de Pago;2;4;Sí;Táctico;Diseñar, desarrollar, gestionar y evolucionar el ecosistema de medios de pago del Banco, promoviendo su adopción, rentabilidad, interoperabilidad y contribución a la bancarización, inclusión financiera y digitalización de los clientes, con foco en la experiencia de usuario, la eficiencia operativa y la sostenibilidad. La Gerencia de Medios de Pago es responsable de articular con áreas técnicas, comerciales, regulatorias y tecnológicas para diseñar soluciones integrales que generen valor para el cliente y contribuyan al cumplimiento de los objetivos estratégicos del Banco.;Genérica;Transformación digital e interoperabilidad. Impulsar la digitalización del ecosistema de pagos, garantizando compatibilidad con estándares regulatorios y tecnológicos, incluyendo DEBIN, QR interoperable, P2P, etc.;Proyectos de digitalización e interoperabilidad;;;;;;
Medios De Pago;SGP Clientes;GD;SGP Negocio > Medios de Pago;2;4;Sí;Táctico;Diseñar, desarrollar, gestionar y evolucionar el ecosistema de medios de pago del Banco, promoviendo su adopción, rentabilidad, interoperabilidad y contribución a la bancarización, inclusión financiera y digitalización de los clientes, con foco en la experiencia de usuario, la eficiencia operativa y la sostenibilidad. La Gerencia de Medios de Pago es responsable de articular con áreas técnicas, comerciales, regulatorias y tecnológicas para diseñar soluciones integrales que generen valor para el cliente y contribuyan al cumplimiento de los objetivos estratégicos del Banco.;Genérica;Coordinación transversal de procesos. Asegurar la articulación efectiva entre segmentos, canales, operaciones, tecnología, riesgos, legal y compliance para la implementación y evolución de los productos.;Planes de trabajo transversales por producto o solución;;;;;;
Medios De Pago;SGP Clientes;GD;SGP Negocio > Medios de Pago;2;4;Sí;Táctico;Diseñar, desarrollar, gestionar y evolucionar el ecosistema de medios de pago del Banco, promoviendo su adopción, rentabilidad, interoperabilidad y contribución a la bancarización, inclusión financiera y digitalización de los clientes, con foco en la experiencia de usuario, la eficiencia operativa y la sostenibilidad. La Gerencia de Medios de Pago es responsable de articular con áreas técnicas, comerciales, regulatorias y tecnológicas para diseñar soluciones integrales que generen valor para el cliente y contribuyan al cumplimiento de los objetivos estratégicos del Banco.;Genérica;Relación con Procesadoras, Marcas y Redes. Coordinar operativa y estratégicamente las relaciones con redes (Banelco, Link), procesadoras (Prisma, Fiserv, Modo, Interbanking, Coelsa), marcas (Visa, Mastercard), Adquirentes, fintechs y actores clave del ecosistema.;Acuerdos, condiciones operativas y estrategias conjuntas;20;;;;;
Medios De Pago;SGP Clientes;GD;SGP Negocio > Medios de Pago;2;4;Sí;Táctico;Diseñar, desarrollar, gestionar y evolucionar el ecosistema de medios de pago del Banco, promoviendo su adopción, rentabilidad, interoperabilidad y contribución a la bancarización, inclusión financiera y digitalización de los clientes, con foco en la experiencia de usuario, la eficiencia operativa y la sostenibilidad. La Gerencia de Medios de Pago es responsable de articular con áreas técnicas, comerciales, regulatorias y tecnológicas para diseñar soluciones integrales que generen valor para el cliente y contribuyan al cumplimiento de los objetivos estratégicos del Banco.;Indicador;Transacciones mensuales por tipo de instrumento (débito, crédito, QR, etc.);Tarjetas de débito, crédito y prepagas;15;;;;;
Medios De Pago;SGP Clientes;GD;SGP Negocio > Medios de Pago;2;4;Sí;Táctico;Diseñar, desarrollar, gestionar y evolucionar el ecosistema de medios de pago del Banco, promoviendo su adopción, rentabilidad, interoperabilidad y contribución a la bancarización, inclusión financiera y digitalización de los clientes, con foco en la experiencia de usuario, la eficiencia operativa y la sostenibilidad. La Gerencia de Medios de Pago es responsable de articular con áreas técnicas, comerciales, regulatorias y tecnológicas para diseñar soluciones integrales que generen valor para el cliente y contribuyan al cumplimiento de los objetivos estratégicos del Banco.;Indicador;Tasa de adopción digital (vs. presencial);Tarjetas de débito, crédito y prepagas;15;;;;;
Medios De Pago;SGP Clientes;GD;SGP Negocio > Medios de Pago;2;4;Sí;Táctico;Diseñar, desarrollar, gestionar y evolucionar el ecosistema de medios de pago del Banco, promoviendo su adopción, rentabilidad, interoperabilidad y contribución a la bancarización, inclusión financiera y digitalización de los clientes, con foco en la experiencia de usuario, la eficiencia operativa y la sostenibilidad. La Gerencia de Medios de Pago es responsable de articular con áreas técnicas, comerciales, regulatorias y tecnológicas para diseñar soluciones integrales que generen valor para el cliente y contribuyan al cumplimiento de los objetivos estratégicos del Banco.;Indicador;% transacciones aprobadas / tasa de rechazo;Tarjetas de débito, crédito y prepagas;15;;;;;
Medios De Pago;SGP Clientes;GD;SGP Negocio > Medios de Pago;2;4;Sí;Táctico;Diseñar, desarrollar, gestionar y evolucionar el ecosistema de medios de pago del Banco, promoviendo su adopción, rentabilidad, interoperabilidad y contribución a la bancarización, inclusión financiera y digitalización de los clientes, con foco en la experiencia de usuario, la eficiencia operativa y la sostenibilidad. La Gerencia de Medios de Pago es responsable de articular con áreas técnicas, comerciales, regulatorias y tecnológicas para diseñar soluciones integrales que generen valor para el cliente y contribuyan al cumplimiento de los objetivos estratégicos del Banco.;Indicador;Ingresos netos por medio (interchange, fees, adquirencia);Tarjetas de débito, crédito y prepagas;15;;;;;
Medios De Pago;SGP Clientes;GD;SGP Negocio > Medios de Pago;2;4;Sí;Táctico;Diseñar, desarrollar, gestionar y evolucionar el ecosistema de medios de pago del Banco, promoviendo su adopción, rentabilidad, interoperabilidad y contribución a la bancarización, inclusión financiera y digitalización de los clientes, con foco en la experiencia de usuario, la eficiencia operativa y la sostenibilidad. La Gerencia de Medios de Pago es responsable de articular con áreas técnicas, comerciales, regulatorias y tecnológicas para diseñar soluciones integrales que generen valor para el cliente y contribuyan al cumplimiento de los objetivos estratégicos del Banco.;Indicador;Costo unitario por transacción;Tarjetas de débito, crédito y prepagas;15;;;;;
Medios De Pago;SGP Clientes;GD;SGP Negocio > Medios de Pago;2;4;Sí;Táctico;Diseñar, desarrollar, gestionar y evolucionar el ecosistema de medios de pago del Banco, promoviendo su adopción, rentabilidad, interoperabilidad y contribución a la bancarización, inclusión financiera y digitalización de los clientes, con foco en la experiencia de usuario, la eficiencia operativa y la sostenibilidad. La Gerencia de Medios de Pago es responsable de articular con áreas técnicas, comerciales, regulatorias y tecnológicas para diseñar soluciones integrales que generen valor para el cliente y contribuyan al cumplimiento de los objetivos estratégicos del Banco.;Indicador;Reclamos y fraudes por cada 10.000 operaciones;Tarjetas de débito, crédito y prepagas;15;;;;;
Medios De Pago;SGP Clientes;GD;SGP Negocio > Medios de Pago;2;4;Sí;Táctico;Diseñar, desarrollar, gestionar y evolucionar el ecosistema de medios de pago del Banco, promoviendo su adopción, rentabilidad, interoperabilidad y contribución a la bancarización, inclusión financiera y digitalización de los clientes, con foco en la experiencia de usuario, la eficiencia operativa y la sostenibilidad. La Gerencia de Medios de Pago es responsable de articular con áreas técnicas, comerciales, regulatorias y tecnológicas para diseñar soluciones integrales que generen valor para el cliente y contribuyan al cumplimiento de los objetivos estratégicos del Banco.;Indicador;Participación del canal en originación de productos;Tarjetas de débito, crédito y prepagas;15;;;;;
Canales;SGP Clientes;SG;SGP Negocio > Canales;2;5;Sí;Táctico-Estratégico;Conducir la estrategia integral del relacionamiento con los clientes del banco, asegurando la alineación de los segmentos, productos, canales, servicios y experiencia, para promover una gestión centrada en el cliente, rentable, simple, digital y eficiente.;Genérica;Definir y coordinar la estrategia multicanal del banco. Supervisar el desempeño de los canales físicos y digitales. Impulsar la innovación en la atención al cliente. Promover la integración entre canales y la mejora continua de procesos y servicios relacionados.;Lineamientos Estratégicos Multicanal;;;;;;
Canales;SGP Clientes;SG;SGP Negocio > Canales;2;5;Sí;Táctico-Estratégico;Conducir la estrategia integral del relacionamiento con los clientes del banco, asegurando la alineación de los segmentos, productos, canales, servicios y experiencia, para promover una gestión centrada en el cliente, rentable, simple, digital y eficiente.;Específica;Diseñar e implementar la estrategia de atención multicanal del banco.;Estrategia Multicanal Ejecutada;25;;;;;
Canales;SGP Clientes;SG;SGP Negocio > Canales;2;5;Sí;Táctico-Estratégico;Conducir la estrategia integral del relacionamiento con los clientes del banco, asegurando la alineación de los segmentos, productos, canales, servicios y experiencia, para promover una gestión centrada en el cliente, rentable, simple, digital y eficiente.;Específica;Supervisar la performance de los canales físicos y digitales.;Informe de Performance de Canales;25;;;;;
Canales;SGP Clientes;SG;SGP Negocio > Canales;2;5;Sí;Táctico-Estratégico;Conducir la estrategia integral del relacionamiento con los clientes del banco, asegurando la alineación de los segmentos, productos, canales, servicios y experiencia, para promover una gestión centrada en el cliente, rentable, simple, digital y eficiente.;Específica;Impulsar la innovación tecnológica aplicada a los canales de atención.;Iniciativas de Innovación en Canales;20;;;;;
Canales;SGP Clientes;SG;SGP Negocio > Canales;2;5;Sí;Táctico-Estratégico;Conducir la estrategia integral del relacionamiento con los clientes del banco, asegurando la alineación de los segmentos, productos, canales, servicios y experiencia, para promover una gestión centrada en el cliente, rentable, simple, digital y eficiente.;Específica;Promover mejoras continuas en los procesos de atención y experiencia del cliente.;Propuestas de Mejora de Procesos de Atención;20;;;;;
Canales;SGP Clientes;SG;SGP Negocio > Canales;2;5;Sí;Táctico-Estratégico;Conducir la estrategia integral del relacionamiento con los clientes del banco, asegurando la alineación de los segmentos, productos, canales, servicios y experiencia, para promover una gestión centrada en el cliente, rentable, simple, digital y eficiente.;Específica;Coordinar y gestionar procesos críticos del área, alineando esfuerzos con los objetivos estratégicos del Banco.;Modelo de Integración Multicanal;10;;;;;
Banca Internacional;SGP Clientes;GD;SGP Negocio > Banca Internacional;2;0;No;Táctico;Conducir la estrategia integral del relacionamiento con los clientes del banco, asegurando la alineación de los segmentos, productos, canales, servicios y experiencia, para promover una gestión centrada en el cliente, rentable, simple, digital y eficiente.;Genérica;Coordinar y gestionar procesos críticos del área, alineando esfuerzos con los objetivos estratégicos del Banco.;Estrategia Institucional de Banca Internacional;;;;;;
Banca Internacional;SGP Clientes;GD;SGP Negocio > Banca Internacional;2;0;No;Táctico;Conducir la estrategia integral del relacionamiento con los clientes del banco, asegurando la alineación de los segmentos, productos, canales, servicios y experiencia, para promover una gestión centrada en el cliente, rentable, simple, digital y eficiente.;Específica;Diseñar y coordinar la estrategia de relaciones internacionales del banco.;Plan de Relaciones Internacionales;20;;;;;
Banca Internacional;SGP Clientes;GD;SGP Negocio > Banca Internacional;2;0;No;Táctico;Conducir la estrategia integral del relacionamiento con los clientes del banco, asegurando la alineación de los segmentos, productos, canales, servicios y experiencia, para promover una gestión centrada en el cliente, rentable, simple, digital y eficiente.;Específica;Promover convenios y acuerdos con organismos multilaterales y redes bancarias.;Convenios Internacionales;25;;;;;
Banca Internacional;SGP Clientes;GD;SGP Negocio > Banca Internacional;2;0;No;Táctico;Conducir la estrategia integral del relacionamiento con los clientes del banco, asegurando la alineación de los segmentos, productos, canales, servicios y experiencia, para promover una gestión centrada en el cliente, rentable, simple, digital y eficiente.;Específica;Coordinar la oferta de productos y servicios para comercio exterior.;Productos de Comercio Exterior;30;;;;;
Banca Internacional;SGP Clientes;GD;SGP Negocio > Banca Internacional;2;0;No;Táctico;Conducir la estrategia integral del relacionamiento con los clientes del banco, asegurando la alineación de los segmentos, productos, canales, servicios y experiencia, para promover una gestión centrada en el cliente, rentable, simple, digital y eficiente.;Específica;Coordinar y gestionar procesos críticos del área, alineando esfuerzos con los objetivos estratégicos del Banco.;Relaciones Operativas con Bancos Corresponsales;25;;;;;
Marketing;SGP Clientes;GD;SGP Negocio > Marketing;2;4;Sí;Táctico;Conducir la estrategia integral del relacionamiento con los clientes del banco, asegurando la alineación de los segmentos, productos, canales, servicios y experiencia, para promover una gestión centrada en el cliente, rentable, simple, digital y eficiente.;Genérica;Supervisar e implementar mecanismos de control y seguimiento que aseguren el cumplimiento de políticas internas.;Plan de Marketing y Posicionamiento Institucional;;;;;;
Marketing;SGP Clientes;GD;SGP Negocio > Marketing;2;4;Sí;Táctico;Conducir la estrategia integral del relacionamiento con los clientes del banco, asegurando la alineación de los segmentos, productos, canales, servicios y experiencia, para promover una gestión centrada en el cliente, rentable, simple, digital y eficiente.;Específica;Diseñar campañas institucionales y promocionales multicanal.;Campañas Institucionales Ejecutadas;20;;;;;
Marketing;SGP Clientes;GD;SGP Negocio > Marketing;2;4;Sí;Táctico;Conducir la estrategia integral del relacionamiento con los clientes del banco, asegurando la alineación de los segmentos, productos, canales, servicios y experiencia, para promover una gestión centrada en el cliente, rentable, simple, digital y eficiente.;Específica;Coordinar la ejecución del plan de medios y pauta publicitaria.;Plan de Medios Ejecutado;20;;;;;
Marketing;SGP Clientes;GD;SGP Negocio > Marketing;2;4;Sí;Táctico;Conducir la estrategia integral del relacionamiento con los clientes del banco, asegurando la alineación de los segmentos, productos, canales, servicios y experiencia, para promover una gestión centrada en el cliente, rentable, simple, digital y eficiente.;Específica;Coordinar y gestionar procesos críticos del área, alineando esfuerzos con los objetivos estratégicos del Banco.;Manual de Marca y Aplicaciones;20;;;;;
Marketing;SGP Clientes;GD;SGP Negocio > Marketing;2;4;Sí;Táctico;Conducir la estrategia integral del relacionamiento con los clientes del banco, asegurando la alineación de los segmentos, productos, canales, servicios y experiencia, para promover una gestión centrada en el cliente, rentable, simple, digital y eficiente.;Específica;Elaborar contenidos y coordinar acciones de comunicación interna y externa.;Contenidos de Comunicación Institucional;20;;;;;
Marketing;SGP Clientes;GD;SGP Negocio > Marketing;2;4;Sí;Estratégico;Conducir la estrategia integral del relacionamiento con los clientes del banco, asegurando la alineación de los segmentos, productos, canales, servicios y experiencia, para promover una gestión centrada en el cliente, rentable, simple, digital y eficiente.;Genérica;Coordinar acciones con las áreas de branding, comunicación, alianzas y performance.;Plan de Marketing Integral;;;;;;
Marketing;SGP Clientes;GD;SGP Negocio > Marketing;2;4;Sí;Estratégico;Conducir la estrategia integral del relacionamiento con los clientes del banco, asegurando la alineación de los segmentos, productos, canales, servicios y experiencia, para promover una gestión centrada en el cliente, rentable, simple, digital y eficiente.;Específica;Monitorear resultados, adecuar estrategias y supervisar acciones de impacto reputacional.;Informe de Desempeño y Reputación de Marca;20;;;;;
Marketing;SGP Clientes;GD;SGP Negocio > Marketing;2;4;Sí;Táctico;Conducir la estrategia integral del relacionamiento con los clientes del banco, asegurando la alineación de los segmentos, productos, canales, servicios y experiencia, para promover una gestión centrada en el cliente, rentable, simple, digital y eficiente.;Indicador;Alcance y engagement de campañas por canal y producto;Plan de Marketing y Posicionamiento Institucional;;;;;;
Marketing;SGP Clientes;GD;SGP Negocio > Marketing;2;4;Sí;Táctico;Conducir la estrategia integral del relacionamiento con los clientes del banco, asegurando la alineación de los segmentos, productos, canales, servicios y experiencia, para promover una gestión centrada en el cliente, rentable, simple, digital y eficiente.;Indicador;Tasa de conversión (awareness → lead → activación);Plan de Marketing y Posicionamiento Institucional;;;;;;
Marketing;SGP Clientes;GD;SGP Negocio > Marketing;2;4;Sí;Táctico;Conducir la estrategia integral del relacionamiento con los clientes del banco, asegurando la alineación de los segmentos, productos, canales, servicios y experiencia, para promover una gestión centrada en el cliente, rentable, simple, digital y eficiente.;Indicador;Costo por lead / por conversión;Plan de Marketing y Posicionamiento Institucional;;;;;;
Marketing;SGP Clientes;GD;SGP Negocio > Marketing;2;4;Sí;Táctico;Conducir la estrategia integral del relacionamiento con los clientes del banco, asegurando la alineación de los segmentos, productos, canales, servicios y experiencia, para promover una gestión centrada en el cliente, rentable, simple, digital y eficiente.;Indicador;Tasa de uso de materiales de marketing por fuerza comercial;Plan de Marketing y Posicionamiento Institucional;;;;;;
Marketing;SGP Clientes;GD;SGP Negocio > Marketing;2;4;Sí;Táctico;Conducir la estrategia integral del relacionamiento con los clientes del banco, asegurando la alineación de los segmentos, productos, canales, servicios y experiencia, para promover una gestión centrada en el cliente, rentable, simple, digital y eficiente.;Indicador;NPS general e institucional;Plan de Marketing y Posicionamiento Institucional;;;;;;
Marketing;SGP Clientes;GD;SGP Negocio > Marketing;2;4;Sí;Táctico;Conducir la estrategia integral del relacionamiento con los clientes del banco, asegurando la alineación de los segmentos, productos, canales, servicios y experiencia, para promover una gestión centrada en el cliente, rentable, simple, digital y eficiente.;Indicador;Posicionamiento de marca frente a competidores (tracking);Plan de Marketing y Posicionamiento Institucional;;;;;;
Marketing;SGP Clientes;GD;SGP Negocio > Marketing;2;4;Sí;Táctico;Conducir la estrategia integral del relacionamiento con los clientes del banco, asegurando la alineación de los segmentos, productos, canales, servicios y experiencia, para promover una gestión centrada en el cliente, rentable, simple, digital y eficiente.;Indicador;ROI de campañas (ingresos atribuibles / costos);Plan de Marketing y Posicionamiento Institucional;;;;;;
Coordinación Del Negocio Y Datos;SGP Clientes;SGD;SGP Negocio > Coordinación del Negocio y Datos;2;5;Sí;Táctico;Conducir la estrategia integral del relacionamiento con los clientes del banco, asegurando la alineación de los segmentos, productos, canales, servicios y experiencia, para promover una gestión centrada en el cliente, rentable, simple, digital y eficiente.;Genérica;Coordinar y gestionar procesos críticos del área, alineando esfuerzos con los objetivos estratégicos del Banco.;Modelo de Coordinación y Gestión de Datos;;;;;;
Coordinación Del Negocio Y Datos;SGP Clientes;SGD;SGP Negocio > Coordinación del Negocio y Datos;2;5;Sí;Táctico;Conducir la estrategia integral del relacionamiento con los clientes del banco, asegurando la alineación de los segmentos, productos, canales, servicios y experiencia, para promover una gestión centrada en el cliente, rentable, simple, digital y eficiente.;Específica;Coordinar la gestión operativa transversal del negocio.;Modelo Operativo Coordinado;25;;;;;
Coordinación Del Negocio Y Datos;SGP Clientes;SGD;SGP Negocio > Coordinación del Negocio y Datos;2;5;Sí;Táctico;Conducir la estrategia integral del relacionamiento con los clientes del banco, asegurando la alineación de los segmentos, productos, canales, servicios y experiencia, para promover una gestión centrada en el cliente, rentable, simple, digital y eficiente.;Específica;Coordinar y gestionar procesos críticos del área, alineando esfuerzos con los objetivos estratégicos del Banco.;Agenda Estratégica de Datos de Negocio;25;;;;;
Coordinación Del Negocio Y Datos;SGP Clientes;SGD;SGP Negocio > Coordinación del Negocio y Datos;2;5;Sí;Táctico;Conducir la estrategia integral del relacionamiento con los clientes del banco, asegurando la alineación de los segmentos, productos, canales, servicios y experiencia, para promover una gestión centrada en el cliente, rentable, simple, digital y eficiente.;Específica;Supervisar e implementar mecanismos de control y seguimiento que aseguren el cumplimiento de políticas internas.;Estándares de Calidad y Gobierno de Datos;25;;;;;
Coordinación Del Negocio Y Datos;SGP Clientes;SGD;SGP Negocio > Coordinación del Negocio y Datos;2;5;Sí;Táctico;Conducir la estrategia integral del relacionamiento con los clientes del banco, asegurando la alineación de los segmentos, productos, canales, servicios y experiencia, para promover una gestión centrada en el cliente, rentable, simple, digital y eficiente.;Específica;Coordinar y gestionar procesos críticos del área, alineando esfuerzos con los objetivos estratégicos del Banco.;Proyectos de Analítica Avanzada;25;;;;;
Coordinación Del Negocio Y Datos;SGP Clientes;SGD;SGP Negocio > Coordinación del Negocio y Datos;2;5;Sí;Táctico;Conducir la estrategia integral del relacionamiento con los clientes del banco, asegurando la alineación de los segmentos, productos, canales, servicios y experiencia, para promover una gestión centrada en el cliente, rentable, simple, digital y eficiente.;Genérica;Supervisar planificación táctica, modelos de datos, gobernanza de información y su alineación con las necesidades del negocio.;Modelo Integrado de Coordinación y Datos;;;;;;
Coordinación Del Negocio Y Datos;SGP Clientes;SGD;SGP Negocio > Coordinación del Negocio y Datos;2;5;Sí;Táctico;Conducir la estrategia integral del relacionamiento con los clientes del banco, asegurando la alineación de los segmentos, productos, canales, servicios y experiencia, para promover una gestión centrada en el cliente, rentable, simple, digital y eficiente.;Indicador;% cumplimiento de OKRs / planes trimestrales;Modelo de Coordinación y Gestión de Datos;;;;;;
Coordinación Del Negocio Y Datos;SGP Clientes;SGD;SGP Negocio > Coordinación del Negocio y Datos;2;5;Sí;Táctico;Conducir la estrategia integral del relacionamiento con los clientes del banco, asegurando la alineación de los segmentos, productos, canales, servicios y experiencia, para promover una gestión centrada en el cliente, rentable, simple, digital y eficiente.;Indicador;Tiempo medio de generación y actualización de reportes críticos;Modelo de Coordinación y Gestión de Datos;;;;;;
Coordinación Del Negocio Y Datos;SGP Clientes;SGD;SGP Negocio > Coordinación del Negocio y Datos;2;5;Sí;Táctico;Conducir la estrategia integral del relacionamiento con los clientes del banco, asegurando la alineación de los segmentos, productos, canales, servicios y experiencia, para promover una gestión centrada en el cliente, rentable, simple, digital y eficiente.;Indicador;Tasa de adopción de dashboards por usuarios internos;Modelo de Coordinación y Gestión de Datos;;;;;;
Coordinación Del Negocio Y Datos;SGP Clientes;SGD;SGP Negocio > Coordinación del Negocio y Datos;2;5;Sí;Táctico;Conducir la estrategia integral del relacionamiento con los clientes del banco, asegurando la alineación de los segmentos, productos, canales, servicios y experiencia, para promover una gestión centrada en el cliente, rentable, simple, digital y eficiente.;Indicador;Nº de iniciativas estratégicas activas / finalizadas / retrasadas;Modelo de Coordinación y Gestión de Datos;;;;;;
Coordinación Del Negocio Y Datos;SGP Clientes;SGD;SGP Negocio > Coordinación del Negocio y Datos;2;5;Sí;Táctico;Conducir la estrategia integral del relacionamiento con los clientes del banco, asegurando la alineación de los segmentos, productos, canales, servicios y experiencia, para promover una gestión centrada en el cliente, rentable, simple, digital y eficiente.;Indicador;Impacto de las iniciativas (clientes impactados, mejoras en NPS, etc.);Modelo de Coordinación y Gestión de Datos;;;;;;
Coordinación Del Negocio Y Datos;SGP Clientes;SGD;SGP Negocio > Coordinación del Negocio y Datos;2;5;Sí;Táctico;Conducir la estrategia integral del relacionamiento con los clientes del banco, asegurando la alineación de los segmentos, productos, canales, servicios y experiencia, para promover una gestión centrada en el cliente, rentable, simple, digital y eficiente.;Indicador;Nivel de automatización de reportes (manual vs. autoservicio BI);Modelo de Coordinación y Gestión de Datos;;;;;;
Coordinación Del Negocio Y Datos;SGP Clientes;SGD;SGP Negocio > Coordinación del Negocio y Datos;2;5;Sí;Táctico;Conducir la estrategia integral del relacionamiento con los clientes del banco, asegurando la alineación de los segmentos, productos, canales, servicios y experiencia, para promover una gestión centrada en el cliente, rentable, simple, digital y eficiente.;Indicador;% operaciones por canal (presencial vs. digital);Modelo de Coordinación y Gestión de Datos;;;;;;
Coordinación Del Negocio Y Datos;SGP Clientes;SGD;SGP Negocio > Coordinación del Negocio y Datos;2;5;Sí;Táctico;Conducir la estrategia integral del relacionamiento con los clientes del banco, asegurando la alineación de los segmentos, productos, canales, servicios y experiencia, para promover una gestión centrada en el cliente, rentable, simple, digital y eficiente.;Indicador;Tiempos promedio de atención por canal;Modelo de Coordinación y Gestión de Datos;;;;;;
Coordinación Del Negocio Y Datos;SGP Clientes;SGD;SGP Negocio > Coordinación del Negocio y Datos;2;5;Sí;Táctico;Conducir la estrategia integral del relacionamiento con los clientes del banco, asegurando la alineación de los segmentos, productos, canales, servicios y experiencia, para promover una gestión centrada en el cliente, rentable, simple, digital y eficiente.;Indicador;Tasa de resolución en primera llamada;Modelo de Coordinación y Gestión de Datos;;;;;;
Coordinación Del Negocio Y Datos;SGP Clientes;SGD;SGP Negocio > Coordinación del Negocio y Datos;2;5;Sí;Táctico;Conducir la estrategia integral del relacionamiento con los clientes del banco, asegurando la alineación de los segmentos, productos, canales, servicios y experiencia, para promover una gestión centrada en el cliente, rentable, simple, digital y eficiente.;Indicador;NPS por canal de atención;Modelo de Coordinación y Gestión de Datos;;;;;;
Coordinación Del Negocio Y Datos;SGP Clientes;SGD;SGP Negocio > Coordinación del Negocio y Datos;2;5;Sí;Táctico;Conducir la estrategia integral del relacionamiento con los clientes del banco, asegurando la alineación de los segmentos, productos, canales, servicios y experiencia, para promover una gestión centrada en el cliente, rentable, simple, digital y eficiente.;Indicador;% de uso de canales digitales vs. tradicionales;Modelo de Coordinación y Gestión de Datos;;;;;;
Coordinación Del Negocio Y Datos;SGP Clientes;SGD;SGP Negocio > Coordinación del Negocio y Datos;2;5;Sí;Táctico;Conducir la estrategia integral del relacionamiento con los clientes del banco, asegurando la alineación de los segmentos, productos, canales, servicios y experiencia, para promover una gestión centrada en el cliente, rentable, simple, digital y eficiente.;Indicador;Tiempo de respuesta en canales digitales;Modelo de Coordinación y Gestión de Datos;;;;;;
Coordinación Del Negocio Y Datos;SGP Clientes;SGD;SGP Negocio > Coordinación del Negocio y Datos;2;5;Sí;Táctico;Conducir la estrategia integral del relacionamiento con los clientes del banco, asegurando la alineación de los segmentos, productos, canales, servicios y experiencia, para promover una gestión centrada en el cliente, rentable, simple, digital y eficiente.;Indicador;Tasa de satisfacción por tipo de operación;Modelo de Coordinación y Gestión de Datos;;;;;;
Operaciones;SGP Clientes;SGP;SGP Clientes;2;0;Sí;Estratégico;Operaciones;Genérica;Operaciones;Operaciones;;;;;;
Operaciones;SGP Clientes;SGP;SGP Clientes;2;0;Sí;Estratégico;Operaciones;Indicador;Tiempo medio de procesamiento por tipo de operación;Operaciones;;;;;;
Operaciones;SGP Clientes;SGP;SGP Clientes;2;0;Sí;Estratégico;Operaciones;Indicador;Tasa de errores por tipo de operación;Operaciones;;;;;;
Operaciones;SGP Clientes;SGP;SGP Clientes;2;0;Sí;Estratégico;Operaciones;Indicador;% de operaciones automatizadas vs. manuales;Operaciones;;;;;;
Operaciones;SGP Clientes;SGP;SGP Clientes;2;0;Sí;Estratégico;Operaciones;Indicador;Tiempo de respuesta en operaciones críticas;Operaciones;;;;;;
Operaciones;SGP Clientes;SGP;SGP Clientes;2;0;Sí;Estratégico;Operaciones;Indicador;NPS de clientes por tipo de operación;Operaciones;;;;;;
Operaciones;SGP Clientes;SGP;SGP Clientes;2;0;Sí;Estratégico;Operaciones;Indicador;Costo unitario por operación;Operaciones;;;;;;
Operaciones;SGP Clientes;SGP;SGP Clientes;2;0;Sí;Estratégico;Operaciones;Indicador;Tasa de cumplimiento de SLA;Operaciones;;;;;;
SGP Clientes;;SGP;SGP Clientes;1;8;Sí;Estratégico;Liderar la estrategia integral del negocio del banco, garantizando la definición y alineación de las propuestas de valor para los distintos segmentos, productos, canales y servicios. Asegurar la articulación efectiva de las unidades bajo su responsabilidad, promoviendo una gestión orientada al cliente, basada en datos, ágil, eficiente e innovadora, alineada con los objetivos estratégicos institucionales. Conducir integralmente la estrategia, gestión y supervisión de las unidades de negocio del Banco, asegurando alineación con la visión institucional, maximizando el valor al cliente, la rentabilidad sostenible, y la competitividad de la oferta de productos y servicios en los segmentos de Banca Personas, Empresas e Internacional.;Genérica;Definir y liderar la estrategia del negocio asegurando la alineación integral bajo una visión de Cliente en el centro de los equipos de Segmentos, Canales, Productos, Medios de Pago y Marketing.;Plan de Negocio;;;;;;
SGP Clientes;;SGP;SGP Clientes;1;8;Sí;Estratégico;Liderar la estrategia integral del negocio del banco, garantizando la definición y alineación de las propuestas de valor para los distintos segmentos, productos, canales y servicios. Asegurar la articulación efectiva de las unidades bajo su responsabilidad, promoviendo una gestión orientada al cliente, basada en datos, ágil, eficiente e innovadora, alineada con los objetivos estratégicos institucionales. Conducir integralmente la estrategia, gestión y supervisión de las unidades de negocio del Banco, asegurando alineación con la visión institucional, maximizando el valor al cliente, la rentabilidad sostenible, y la competitividad de la oferta de productos y servicios en los segmentos de Banca Personas, Empresas e Internacional.;Genérica;Definir e institucionalizar lineamientos estratégicos para la gestión comercial, asegurando coherencia entre unidades descentralizadas.;Lineamientos Estratégicos Transversales;;;;;;
SGP Clientes;;SGP;SGP Clientes;1;8;Sí;Estratégico;Liderar la estrategia integral del negocio del banco, garantizando la definición y alineación de las propuestas de valor para los distintos segmentos, productos, canales y servicios. Asegurar la articulación efectiva de las unidades bajo su responsabilidad, promoviendo una gestión orientada al cliente, basada en datos, ágil, eficiente e innovadora, alineada con los objetivos estratégicos institucionales. Conducir integralmente la estrategia, gestión y supervisión de las unidades de negocio del Banco, asegurando alineación con la visión institucional, maximizando el valor al cliente, la rentabilidad sostenible, y la competitividad de la oferta de productos y servicios en los segmentos de Banca Personas, Empresas e Internacional.;Genérica;Definición de Políticas y Directrices. Proponer políticas, lineamientos y prioridades para la gestión integral del negocio, en coordinación con otras áreas del Banco.;Políticas y Pautas Estratégicas;;;;;;
SGP Clientes;;SGP;SGP Clientes;1;8;Sí;Estratégico;Liderar la estrategia integral del negocio del banco, garantizando la definición y alineación de las propuestas de valor para los distintos segmentos, productos, canales y servicios. Asegurar la articulación efectiva de las unidades bajo su responsabilidad, promoviendo una gestión orientada al cliente, basada en datos, ágil, eficiente e innovadora, alineada con los objetivos estratégicos institucionales. Conducir integralmente la estrategia, gestión y supervisión de las unidades de negocio del Banco, asegurando alineación con la visión institucional, maximizando el valor al cliente, la rentabilidad sostenible, y la competitividad de la oferta de productos y servicios en los segmentos de Banca Personas, Empresas e Internacional.;Genérica;Planificación Estratégica y Presupuestaria. Proponer y coordinar el Plan de Acción y Presupuesto del Área de Negocios, asegurando su alineación con los objetivos corporativos y su ejecución efectiva.;Plan de Acción y Presupuesto del Área;;;;;;
SGP Clientes;;SGP;SGP Clientes;1;8;Sí;Estratégico;Liderar la estrategia integral del negocio del banco, garantizando la definición y alineación de las propuestas de valor para los distintos segmentos, productos, canales y servicios. Asegurar la articulación efectiva de las unidades bajo su responsabilidad, promoviendo una gestión orientada al cliente, basada en datos, ágil, eficiente e innovadora, alineada con los objetivos estratégicos institucionales. Conducir integralmente la estrategia, gestión y supervisión de las unidades de negocio del Banco, asegurando alineación con la visión institucional, maximizando el valor al cliente, la rentabilidad sostenible, y la competitividad de la oferta de productos y servicios en los segmentos de Banca Personas, Empresas e Internacional.;Genérica;Conducir instancias de gobernanza para toma de decisiones estratégicas integradas entre las áreas de negocio y de soporte.;Dirección y gobierno del Negocio;;;;;;
SGP Clientes;;SGP;SGP Clientes;1;8;Sí;Estratégico;Liderar la estrategia integral del negocio del banco, garantizando la definición y alineación de las propuestas de valor para los distintos segmentos, productos, canales y servicios. Asegurar la articulación efectiva de las unidades bajo su responsabilidad, promoviendo una gestión orientada al cliente, basada en datos, ágil, eficiente e innovadora, alineada con los objetivos estratégicos institucionales. Conducir integralmente la estrategia, gestión y supervisión de las unidades de negocio del Banco, asegurando alineación con la visión institucional, maximizando el valor al cliente, la rentabilidad sostenible, y la competitividad de la oferta de productos y servicios en los segmentos de Banca Personas, Empresas e Internacional.;Genérica;Evaluar los recursos del área y capacity definiendo expectativas de performance, gestionando el monitoreo del desarrollo y de la productividad.;Administración Eficiente de los Recursos;maximizando la eficiencia;;;;;
SGP Clientes;;SGP;SGP Clientes;1;8;Sí;Estratégico;Liderar la estrategia integral del negocio del banco, garantizando la definición y alineación de las propuestas de valor para los distintos segmentos, productos, canales y servicios. Asegurar la articulación efectiva de las unidades bajo su responsabilidad, promoviendo una gestión orientada al cliente, basada en datos, ágil, eficiente e innovadora, alineada con los objetivos estratégicos institucionales. Conducir integralmente la estrategia, gestión y supervisión de las unidades de negocio del Banco, asegurando alineación con la visión institucional, maximizando el valor al cliente, la rentabilidad sostenible, y la competitividad de la oferta de productos y servicios en los segmentos de Banca Personas, Empresas e Internacional.;Genérica;Transformación y mejora continua. Promover la innovación, transformación digital, uso intensivo de datos y mejora continua en los procesos y modelos de negocio. Diseñar políticas, procedimientos y mecanismos de control que garanticen condiciones óptimas para el cumplimiento de la misión del área y la solución ágil de problemas.;Proyectos de transformación, Reportes de impacto, procedimientos, Controles y Soluciones de problemas;;;;;;
SGP Clientes;;SGP;SGP Clientes;1;8;Sí;Estratégico;Liderar la estrategia integral del negocio del banco, garantizando la definición y alineación de las propuestas de valor para los distintos segmentos, productos, canales y servicios. Asegurar la articulación efectiva de las unidades bajo su responsabilidad, promoviendo una gestión orientada al cliente, basada en datos, ágil, eficiente e innovadora, alineada con los objetivos estratégicos institucionales. Conducir integralmente la estrategia, gestión y supervisión de las unidades de negocio del Banco, asegurando alineación con la visión institucional, maximizando el valor al cliente, la rentabilidad sostenible, y la competitividad de la oferta de productos y servicios en los segmentos de Banca Personas, Empresas e Internacional.;Específica;Liderar la definición y evolución de propuestas de valor diferenciadas para los segmentos estratégicos del Banco, asegurando propuestas de valor diferenciadas, inclusivas, rentables y sostenibles.;Estrategia de Clientes y Segmentos (Segmentación y Propuesta de Valor).;20;;;;;
SGP Clientes;;SGP;SGP Clientes;1;8;Sí;Estratégico;Liderar la estrategia integral del negocio del banco, garantizando la definición y alineación de las propuestas de valor para los distintos segmentos, productos, canales y servicios. Asegurar la articulación efectiva de las unidades bajo su responsabilidad, promoviendo una gestión orientada al cliente, basada en datos, ágil, eficiente e innovadora, alineada con los objetivos estratégicos institucionales. Conducir integralmente la estrategia, gestión y supervisión de las unidades de negocio del Banco, asegurando alineación con la visión institucional, maximizando el valor al cliente, la rentabilidad sostenible, y la competitividad de la oferta de productos y servicios en los segmentos de Banca Personas, Empresas e Internacional.;Específica;Conducir el diseño y ejecución de modelos comerciales multicanal que integren eficientemente la presencia física y digital del Banco, maximizando la cobertura y la experiencia cliente.;Modelo de relacionamiento y canales.;20;;;;;
SGP Clientes;;SGP;SGP Clientes;1;8;Sí;Estratégico;Liderar la estrategia integral del negocio del banco, garantizando la definición y alineación de las propuestas de valor para los distintos segmentos, productos, canales y servicios. Asegurar la articulación efectiva de las unidades bajo su responsabilidad, promoviendo una gestión orientada al cliente, basada en datos, ágil, eficiente e innovadora, alineada con los objetivos estratégicos institucionales. Conducir integralmente la estrategia, gestión y supervisión de las unidades de negocio del Banco, asegurando alineación con la visión institucional, maximizando el valor al cliente, la rentabilidad sostenible, y la competitividad de la oferta de productos y servicios en los segmentos de Banca Personas, Empresas e Internacional.;Específica;Supervisar y optimizar el portafolio de productos activos, pasivos, de medios de pago y servicios asociados, garantizando su adecuación al mercado y su rentabilidad esperada. Coordinar el diseño y evolución de productos y servicios que respondan a necesidades reales de los clientes, integrando atributos de valor, simplicidad, digitalización y sostenibilidad.;Portafolio de soluciones centradas en el cliente.;20;;;;;
SGP Clientes;;SGP;SGP Clientes;1;8;Sí;Estratégico;Liderar la estrategia integral del negocio del banco, garantizando la definición y alineación de las propuestas de valor para los distintos segmentos, productos, canales y servicios. Asegurar la articulación efectiva de las unidades bajo su responsabilidad, promoviendo una gestión orientada al cliente, basada en datos, ágil, eficiente e innovadora, alineada con los objetivos estratégicos institucionales. Conducir integralmente la estrategia, gestión y supervisión de las unidades de negocio del Banco, asegurando alineación con la visión institucional, maximizando el valor al cliente, la rentabilidad sostenible, y la competitividad de la oferta de productos y servicios en los segmentos de Banca Personas, Empresas e Internacional.;Específica;Establecer políticas y mecanismos para gestionar la relación integral con los clientes, maximizando su valor de vida útil mediante estrategias de fidelización, segmentación y personalización.;Relación, experiencia y ciclo de vida del cliente.;10;;;;;
SGP Clientes;;SGP;SGP Clientes;1;8;Sí;Estratégico;Liderar la estrategia integral del negocio del banco, garantizando la definición y alineación de las propuestas de valor para los distintos segmentos, productos, canales y servicios. Asegurar la articulación efectiva de las unidades bajo su responsabilidad, promoviendo una gestión orientada al cliente, basada en datos, ágil, eficiente e innovadora, alineada con los objetivos estratégicos institucionales. Conducir integralmente la estrategia, gestión y supervisión de las unidades de negocio del Banco, asegurando alineación con la visión institucional, maximizando el valor al cliente, la rentabilidad sostenible, y la competitividad de la oferta de productos y servicios en los segmentos de Banca Personas, Empresas e Internacional.;Específica;Liderar el posicionamiento del Banco como marca cercana, confiable e inclusiva, diseñando campañas y comunicaciones que fortalezcan la relación con los diferentes públicos objetivo.;Estrategia de marketing y comunicación.;10;;;;;
SGP Clientes;;SGP;SGP Clientes;1;8;Sí;Estratégico;Liderar la estrategia integral del negocio del banco, garantizando la definición y alineación de las propuestas de valor para los distintos segmentos, productos, canales y servicios. Asegurar la articulación efectiva de las unidades bajo su responsabilidad, promoviendo una gestión orientada al cliente, basada en datos, ágil, eficiente e innovadora, alineada con los objetivos estratégicos institucionales. Conducir integralmente la estrategia, gestión y supervisión de las unidades de negocio del Banco, asegurando alineación con la visión institucional, maximizando el valor al cliente, la rentabilidad sostenible, y la competitividad de la oferta de productos y servicios en los segmentos de Banca Personas, Empresas e Internacional.;Específica;Promover la toma de decisiones basada en datos, inteligencia comercial e indicadores clave de desempeño, con foco en la mejora continua de la performance de negocio.;Gestión basada en Datos y Performance.;10;;;;;
SGP Clientes;;SGP;SGP Clientes;1;8;Sí;Estratégico;Liderar la estrategia integral del negocio del banco, garantizando la definición y alineación de las propuestas de valor para los distintos segmentos, productos, canales y servicios. Asegurar la articulación efectiva de las unidades bajo su responsabilidad, promoviendo una gestión orientada al cliente, basada en datos, ágil, eficiente e innovadora, alineada con los objetivos estratégicos institucionales. Conducir integralmente la estrategia, gestión y supervisión de las unidades de negocio del Banco, asegurando alineación con la visión institucional, maximizando el valor al cliente, la rentabilidad sostenible, y la competitividad de la oferta de productos y servicios en los segmentos de Banca Personas, Empresas e Internacional.;Específica;Impulsar la evolución del modelo de negocios, productos y servicios, mediante iniciativas de innovación, transformación digital y adecuación a tendencias del sistema financiero.;Innovación, Transformación y Competitividad.;10;;;;;
Gestión Operativa De Sucursales;Canales;GD;SGP Negocio > Canales > Gestión Operativa de Sucursales;3;0;No;Táctico;Asegurar el funcionamiento eficiente de la red de sucursales, garantizando cumplimiento de protocolos, uso de herramientas, coordinación operativa y soporte a las necesidades de atención.;Indicador;Porcentaje de cumplimiento de protocolos operativos por sucursal;;;;;;;
Gestión Operativa De Sucursales;Canales;GD;SGP Negocio > Canales > Gestión Operativa de Sucursales;3;0;No;Táctico;Asegurar el funcionamiento eficiente de la red de sucursales, garantizando cumplimiento de protocolos, uso de herramientas, coordinación operativa y soporte a las necesidades de atención.;Indicador;Tiempo promedio de resolución de incidencias operativas;;;;;;;
Gestión Operativa De Sucursales;Canales;GD;SGP Negocio > Canales > Gestión Operativa de Sucursales;3;0;No;Táctico;Asegurar el funcionamiento eficiente de la red de sucursales, garantizando cumplimiento de protocolos, uso de herramientas, coordinación operativa y soporte a las necesidades de atención.;Indicador;Número de sucursales operativas vs. planificadas;;;;;;;
Gestión Operativa De Sucursales;Canales;GD;SGP Negocio > Canales > Gestión Operativa de Sucursales;3;0;No;Táctico;Asegurar el funcionamiento eficiente de la red de sucursales, garantizando cumplimiento de protocolos, uso de herramientas, coordinación operativa y soporte a las necesidades de atención.;Indicador;Tasa de adopción de herramientas operativas por sucursal;;;;;;;
Gestión Operativa De Sucursales;Canales;GD;SGP Negocio > Canales > Gestión Operativa de Sucursales;3;0;No;Táctico;Asegurar el funcionamiento eficiente de la red de sucursales, garantizando cumplimiento de protocolos, uso de herramientas, coordinación operativa y soporte a las necesidades de atención.;Indicador;Satisfacción del personal de sucursales con los procesos;;;;;;;
Gestión Operativa De Sucursales;Canales;GD;SGP Negocio > Canales > Gestión Operativa de Sucursales;3;0;No;Táctico;Asegurar el funcionamiento eficiente de la red de sucursales, garantizando cumplimiento de protocolos, uso de herramientas, coordinación operativa y soporte a las necesidades de atención.;Indicador;Porcentaje de cumplimiento de estándares de calidad operativa;;;;;;;
Gestión Operativa De Sucursales;Canales;GD;SGP Negocio > Canales > Gestión Operativa de Sucursales;3;0;No;Táctico;Asegurar el funcionamiento eficiente de la red de sucursales, garantizando cumplimiento de protocolos, uso de herramientas, coordinación operativa y soporte a las necesidades de atención.;Indicador;Tiempo promedio de implementación de mejoras operativas;;;;;;;
Gestión Operativa De Sucursales;Canales;GD;SGP Negocio > Canales > Gestión Operativa de Sucursales;3;0;No;Táctico;Asegurar el funcionamiento eficiente de la red de sucursales, garantizando cumplimiento de protocolos, uso de herramientas, coordinación operativa y soporte a las necesidades de atención.;Indicador;Número de incidencias críticas resueltas por mes;;;;;;;
Banca Internacional;SGP Clientes;GD;SGP Negocio > Banca Internacional;2;0;No;Táctico;Conducir la estrategia integral del relacionamiento con los clientes del banco, asegurando la alineación de los segmentos, productos, canales, servicios y experiencia, para promover una gestión centrada en el cliente, rentable, simple, digital y eficiente.;Indicador;Volumen total de transacciones internacionales procesadas;;;;;;;
Banca Internacional;SGP Clientes;GD;SGP Negocio > Banca Internacional;2;0;No;Táctico;Conducir la estrategia integral del relacionamiento con los clientes del banco, asegurando la alineación de los segmentos, productos, canales, servicios y experiencia, para promover una gestión centrada en el cliente, rentable, simple, digital y eficiente.;Indicador;Número de convenios activos con bancos corresponsales;;;;;;;
Banca Internacional;SGP Clientes;GD;SGP Negocio > Banca Internacional;2;0;No;Táctico;Conducir la estrategia integral del relacionamiento con los clientes del banco, asegurando la alineación de los segmentos, productos, canales, servicios y experiencia, para promover una gestión centrada en el cliente, rentable, simple, digital y eficiente.;Indicador;Tasa de éxito en la apertura de líneas de crédito internacionales;;;;;;;
Banca Internacional;SGP Clientes;GD;SGP Negocio > Banca Internacional;2;0;No;Táctico;Conducir la estrategia integral del relacionamiento con los clientes del banco, asegurando la alineación de los segmentos, productos, canales, servicios y experiencia, para promover una gestión centrada en el cliente, rentable, simple, digital y eficiente.;Indicador;Tiempo promedio de procesamiento de operaciones de comercio exterior;;;;;;;
Banca Internacional;SGP Clientes;GD;SGP Negocio > Banca Internacional;2;0;No;Táctico;Conducir la estrategia integral del relacionamiento con los clientes del banco, asegurando la alineación de los segmentos, productos, canales, servicios y experiencia, para promover una gestión centrada en el cliente, rentable, simple, digital y eficiente.;Indicador;Porcentaje de cumplimiento de regulaciones internacionales;;;;;;;
Banca Internacional;SGP Clientes;GD;SGP Negocio > Banca Internacional;2;0;No;Táctico;Conducir la estrategia integral del relacionamiento con los clientes del banco, asegurando la alineación de los segmentos, productos, canales, servicios y experiencia, para promover una gestión centrada en el cliente, rentable, simple, digital y eficiente.;Indicador;Número de nuevos productos de comercio exterior lanzados;;;;;;;
Banca Internacional;SGP Clientes;GD;SGP Negocio > Banca Internacional;2;0;No;Táctico;Conducir la estrategia integral del relacionamiento con los clientes del banco, asegurando la alineación de los segmentos, productos, canales, servicios y experiencia, para promover una gestión centrada en el cliente, rentable, simple, digital y eficiente.;Indicador;Satisfacción del cliente con servicios internacionales;;;;;;;
Banca Internacional;SGP Clientes;GD;SGP Negocio > Banca Internacional;2;0;No;Táctico;Conducir la estrategia integral del relacionamiento con los clientes del banco, asegurando la alineación de los segmentos, productos, canales, servicios y experiencia, para promover una gestión centrada en el cliente, rentable, simple, digital y eficiente.;Indicador;ROI de las operaciones de banca internacional;;;;;;;
Coordinación Del Negocio;Coordinación Del Negocio Y Datos;JPD;SGP Negocio > Coordinación del Negocio y Datos > Coordinación del Negocio;3;0;No;Táctico;Coordinar la planificación y gestión operativa del negocio a partir del monitoreo de planes, indicadores y actividades comerciales de las unidades bajo la SG de Negocios.;Indicador;Porcentaje de cumplimiento del plan comercial por unidad;;;;;;;
Coordinación Del Negocio;Coordinación Del Negocio Y Datos;JPD;SGP Negocio > Coordinación del Negocio y Datos > Coordinación del Negocio;3;0;No;Táctico;Coordinar la planificación y gestión operativa del negocio a partir del monitoreo de planes, indicadores y actividades comerciales de las unidades bajo la SG de Negocios.;Indicador;Tiempo promedio de respuesta a desvíos detectados;;;;;;;
Coordinación Del Negocio;Coordinación Del Negocio Y Datos;JPD;SGP Negocio > Coordinación del Negocio y Datos > Coordinación del Negocio;3;0;No;Táctico;Coordinar la planificación y gestión operativa del negocio a partir del monitoreo de planes, indicadores y actividades comerciales de las unidades bajo la SG de Negocios.;Indicador;Número de planes de acción correctiva implementados;;;;;;;
Coordinación Del Negocio;Coordinación Del Negocio Y Datos;JPD;SGP Negocio > Coordinación del Negocio y Datos > Coordinación del Negocio;3;0;No;Táctico;Coordinar la planificación y gestión operativa del negocio a partir del monitoreo de planes, indicadores y actividades comerciales de las unidades bajo la SG de Negocios.;Indicador;Tasa de resolución de incidencias comerciales;;;;;;;
Coordinación Del Negocio;Coordinación Del Negocio Y Datos;JPD;SGP Negocio > Coordinación del Negocio y Datos > Coordinación del Negocio;3;0;No;Táctico;Coordinar la planificación y gestión operativa del negocio a partir del monitoreo de planes, indicadores y actividades comerciales de las unidades bajo la SG de Negocios.;Indicador;Satisfacción de las unidades con la coordinación;;;;;;;
Coordinación Del Negocio;Coordinación Del Negocio Y Datos;JPD;SGP Negocio > Coordinación del Negocio y Datos > Coordinación del Negocio;3;0;No;Táctico;Coordinar la planificación y gestión operativa del negocio a partir del monitoreo de planes, indicadores y actividades comerciales de las unidades bajo la SG de Negocios.;Indicador;Porcentaje de indicadores en rango objetivo;;;;;;;
Coordinación Del Negocio;Coordinación Del Negocio Y Datos;JPD;SGP Negocio > Coordinación del Negocio y Datos > Coordinación del Negocio;3;0;No;Táctico;Coordinar la planificación y gestión operativa del negocio a partir del monitoreo de planes, indicadores y actividades comerciales de las unidades bajo la SG de Negocios.;Indicador;Tiempo promedio de implementación de ajustes tácticos;;;;;;;
Coordinación Del Negocio;Coordinación Del Negocio Y Datos;JPD;SGP Negocio > Coordinación del Negocio y Datos > Coordinación del Negocio;3;0;No;Táctico;Coordinar la planificación y gestión operativa del negocio a partir del monitoreo de planes, indicadores y actividades comerciales de las unidades bajo la SG de Negocios.;Indicador;ROI de las acciones de mejora coordinadas;;;;;;;
Data Personas;Coordinación Del Negocio Y Datos;JPD;SGP Negocio > Coordinación del Negocio y Datos > Data Personas;3;0;No;Táctico;Asegurar la calidad, disponibilidad y consistencia de los datos del segmento Personas, facilitando su aprovechamiento para la toma de decisiones comerciales, operativas y estratégicas.;Indicador;Porcentaje de datos de personas validados y actualizados;;;;;;;
Data Personas;Coordinación Del Negocio Y Datos;JPD;SGP Negocio > Coordinación del Negocio y Datos > Data Personas;3;0;No;Táctico;Asegurar la calidad, disponibilidad y consistencia de los datos del segmento Personas, facilitando su aprovechamiento para la toma de decisiones comerciales, operativas y estratégicas.;Indicador;Tiempo promedio de procesamiento de datos de personas;;;;;;;
Data Personas;Coordinación Del Negocio Y Datos;JPD;SGP Negocio > Coordinación del Negocio y Datos > Data Personas;3;0;No;Táctico;Asegurar la calidad, disponibilidad y consistencia de los datos del segmento Personas, facilitando su aprovechamiento para la toma de decisiones comerciales, operativas y estratégicas.;Indicador;Número de fuentes de datos de personas integradas;;;;;;;
Data Personas;Coordinación Del Negocio Y Datos;JPD;SGP Negocio > Coordinación del Negocio y Datos > Data Personas;3;0;No;Táctico;Asegurar la calidad, disponibilidad y consistencia de los datos del segmento Personas, facilitando su aprovechamiento para la toma de decisiones comerciales, operativas y estratégicas.;Indicador;Tasa de calidad de datos de personas (completitud y precisión);;;;;;;
Data Personas;Coordinación Del Negocio Y Datos;JPD;SGP Negocio > Coordinación del Negocio y Datos > Data Personas;3;0;No;Táctico;Asegurar la calidad, disponibilidad y consistencia de los datos del segmento Personas, facilitando su aprovechamiento para la toma de decisiones comerciales, operativas y estratégicas.;Indicador;Satisfacción de usuarios con la calidad de datos de personas;;;;;;;
Data Personas;Coordinación Del Negocio Y Datos;JPD;SGP Negocio > Coordinación del Negocio y Datos > Data Personas;3;0;No;Táctico;Asegurar la calidad, disponibilidad y consistencia de los datos del segmento Personas, facilitando su aprovechamiento para la toma de decisiones comerciales, operativas y estratégicas.;Indicador;Porcentaje de cumplimiento de SLA de entrega de datos;;;;;;;
Data Personas;Coordinación Del Negocio Y Datos;JPD;SGP Negocio > Coordinación del Negocio y Datos > Data Personas;3;0;No;Táctico;Asegurar la calidad, disponibilidad y consistencia de los datos del segmento Personas, facilitando su aprovechamiento para la toma de decisiones comerciales, operativas y estratégicas.;Indicador;Tiempo promedio de resolución de incidencias de datos;;;;;;;
Data Personas;Coordinación Del Negocio Y Datos;JPD;SGP Negocio > Coordinación del Negocio y Datos > Data Personas;3;0;No;Táctico;Asegurar la calidad, disponibilidad y consistencia de los datos del segmento Personas, facilitando su aprovechamiento para la toma de decisiones comerciales, operativas y estratégicas.;Indicador;ROI de las mejoras en calidad de datos de personas;;;;;;;
Data Empresas;Coordinación Del Negocio Y Datos;JPD;SGP Negocio > Coordinación del Negocio y Datos > Data Empresas;3;0;No;Táctico;Gestionar la arquitectura, calidad y explotación de los datos del segmento Empresas, garantizando su alineación con las necesidades de análisis, control y decisión del negocio.;Indicador;Porcentaje de datos de empresas validados y actualizados;;;;;;;
Data Empresas;Coordinación Del Negocio Y Datos;JPD;SGP Negocio > Coordinación del Negocio y Datos > Data Empresas;3;0;No;Táctico;Gestionar la arquitectura, calidad y explotación de los datos del segmento Empresas, garantizando su alineación con las necesidades de análisis, control y decisión del negocio.;Indicador;Tiempo promedio de procesamiento de datos de empresas;;;;;;;
Data Empresas;Coordinación Del Negocio Y Datos;JPD;SGP Negocio > Coordinación del Negocio y Datos > Data Empresas;3;0;No;Táctico;Gestionar la arquitectura, calidad y explotación de los datos del segmento Empresas, garantizando su alineación con las necesidades de análisis, control y decisión del negocio.;Indicador;Número de fuentes de datos de empresas integradas;;;;;;;
Data Empresas;Coordinación Del Negocio Y Datos;JPD;SGP Negocio > Coordinación del Negocio y Datos > Data Empresas;3;0;No;Táctico;Gestionar la arquitectura, calidad y explotación de los datos del segmento Empresas, garantizando su alineación con las necesidades de análisis, control y decisión del negocio.;Indicador;Tasa de calidad de datos de empresas (completitud y precisión);;;;;;;
Data Empresas;Coordinación Del Negocio Y Datos;JPD;SGP Negocio > Coordinación del Negocio y Datos > Data Empresas;3;0;No;Táctico;Gestionar la arquitectura, calidad y explotación de los datos del segmento Empresas, garantizando su alineación con las necesidades de análisis, control y decisión del negocio.;Indicador;Satisfacción de usuarios con la calidad de datos de empresas;;;;;;;
Data Empresas;Coordinación Del Negocio Y Datos;JPD;SGP Negocio > Coordinación del Negocio y Datos > Data Empresas;3;0;No;Táctico;Gestionar la arquitectura, calidad y explotación de los datos del segmento Empresas, garantizando su alineación con las necesidades de análisis, control y decisión del negocio.;Indicador;Porcentaje de cumplimiento de SLA de entrega de datos empresariales;;;;;;;
Data Empresas;Coordinación Del Negocio Y Datos;JPD;SGP Negocio > Coordinación del Negocio y Datos > Data Empresas;3;0;No;Táctico;Gestionar la arquitectura, calidad y explotación de los datos del segmento Empresas, garantizando su alineación con las necesidades de análisis, control y decisión del negocio.;Indicador;Tiempo promedio de resolución de incidencias de datos empresariales;;;;;;;
Data Empresas;Coordinación Del Negocio Y Datos;JPD;SGP Negocio > Coordinación del Negocio y Datos > Data Empresas;3;0;No;Táctico;Gestionar la arquitectura, calidad y explotación de los datos del segmento Empresas, garantizando su alineación con las necesidades de análisis, control y decisión del negocio.;Indicador;ROI de las mejoras en calidad de datos de empresas;;;;;;;
Data Canales;Coordinación Del Negocio Y Datos;JPD;SGP Negocio > Coordinación del Negocio y Datos > Data Canales;3;0;No;Táctico;Asegurar el registro, calidad y análisis de datos provenientes de los distintos canales del banco, promoviendo su uso para monitoreo de desempeño, planeamiento y mejora continua.;Indicador;Porcentaje de datos de canales validados y actualizados;;;;;;;
Data Canales;Coordinación Del Negocio Y Datos;JPD;SGP Negocio > Coordinación del Negocio y Datos > Data Canales;3;0;No;Táctico;Asegurar el registro, calidad y análisis de datos provenientes de los distintos canales del banco, promoviendo su uso para monitoreo de desempeño, planeamiento y mejora continua.;Indicador;Tiempo promedio de procesamiento de datos de canales;;;;;;;
Data Canales;Coordinación Del Negocio Y Datos;JPD;SGP Negocio > Coordinación del Negocio y Datos > Data Canales;3;0;No;Táctico;Asegurar el registro, calidad y análisis de datos provenientes de los distintos canales del banco, promoviendo su uso para monitoreo de desempeño, planeamiento y mejora continua.;Indicador;Número de fuentes de datos de canales integradas;;;;;;;
Data Canales;Coordinación Del Negocio Y Datos;JPD;SGP Negocio > Coordinación del Negocio y Datos > Data Canales;3;0;No;Táctico;Asegurar el registro, calidad y análisis de datos provenientes de los distintos canales del banco, promoviendo su uso para monitoreo de desempeño, planeamiento y mejora continua.;Indicador;Tasa de calidad de datos de canales (completitud y precisión);;;;;;;
Data Canales;Coordinación Del Negocio Y Datos;JPD;SGP Negocio > Coordinación del Negocio y Datos > Data Canales;3;0;No;Táctico;Asegurar el registro, calidad y análisis de datos provenientes de los distintos canales del banco, promoviendo su uso para monitoreo de desempeño, planeamiento y mejora continua.;Indicador;Satisfacción de usuarios con la calidad de datos de canales;;;;;;;
Data Canales;Coordinación Del Negocio Y Datos;JPD;SGP Negocio > Coordinación del Negocio y Datos > Data Canales;3;0;No;Táctico;Asegurar el registro, calidad y análisis de datos provenientes de los distintos canales del banco, promoviendo su uso para monitoreo de desempeño, planeamiento y mejora continua.;Indicador;Porcentaje de cumplimiento de SLA de entrega de datos de canales;;;;;;;
Data Canales;Coordinación Del Negocio Y Datos;JPD;SGP Negocio > Coordinación del Negocio y Datos > Data Canales;3;0;No;Táctico;Asegurar el registro, calidad y análisis de datos provenientes de los distintos canales del banco, promoviendo su uso para monitoreo de desempeño, planeamiento y mejora continua.;Indicador;Tiempo promedio de resolución de incidencias de datos de canales;;;;;;;
Data Canales;Coordinación Del Negocio Y Datos;JPD;SGP Negocio > Coordinación del Negocio y Datos > Data Canales;3;0;No;Táctico;Asegurar el registro, calidad y análisis de datos provenientes de los distintos canales del banco, promoviendo su uso para monitoreo de desempeño, planeamiento y mejora continua.;Indicador;ROI de las mejoras en calidad de datos de canales;;;;;;;
Data Productos, Medios de Pago y Otros;Coordinación Del Negocio Y Datos;JPD;SGP Negocio > Coordinación del Negocio y Datos > Data Productos, Medios de Pago y Otros;3;0;No;Táctico;Diseñar, consolidar y mantener estructuras de datos confiables y alineadas a la operación y toma de decisiones sobre productos, medios de pago y áreas funcionales no segmentadas.;Indicador;Porcentaje de datos de productos validados y actualizados;;;;;;;
Data Productos, Medios de Pago y Otros;Coordinación Del Negocio Y Datos;JPD;SGP Negocio > Coordinación del Negocio y Datos > Data Productos, Medios de Pago y Otros;3;0;No;Táctico;Diseñar, consolidar y mantener estructuras de datos confiables y alineadas a la operación y toma de decisiones sobre productos, medios de pago y áreas funcionales no segmentadas.;Indicador;Tiempo promedio de procesamiento de datos de productos;;;;;;;
Data Productos, Medios de Pago y Otros;Coordinación Del Negocio Y Datos;JPD;SGP Negocio > Coordinación del Negocio y Datos > Data Productos, Medios de Pago y Otros;3;0;No;Táctico;Diseñar, consolidar y mantener estructuras de datos confiables y alineadas a la operación y toma de decisiones sobre productos, medios de pago y áreas funcionales no segmentadas.;Indicador;Número de fuentes de datos de productos integradas;;;;;;;
Data Productos, Medios de Pago y Otros;Coordinación Del Negocio Y Datos;JPD;SGP Negocio > Coordinación del Negocio y Datos > Data Productos, Medios de Pago y Otros;3;0;No;Táctico;Diseñar, consolidar y mantener estructuras de datos confiables y alineadas a la operación y toma de decisiones sobre productos, medios de pago y áreas funcionales no segmentadas.;Indicador;Tasa de calidad de datos de productos (completitud y precisión);;;;;;;
Data Productos, Medios de Pago y Otros;Coordinación Del Negocio Y Datos;JPD;SGP Negocio > Coordinación del Negocio y Datos > Data Productos, Medios de Pago y Otros;3;0;No;Táctico;Diseñar, consolidar y mantener estructuras de datos confiables y alineadas a la operación y toma de decisiones sobre productos, medios de pago y áreas funcionales no segmentadas.;Indicador;Satisfacción de usuarios con la calidad de datos de productos;;;;;;;
Data Productos, Medios de Pago y Otros;Coordinación Del Negocio Y Datos;JPD;SGP Negocio > Coordinación del Negocio y Datos > Data Productos, Medios de Pago y Otros;3;0;No;Táctico;Diseñar, consolidar y mantener estructuras de datos confiables y alineadas a la operación y toma de decisiones sobre productos, medios de pago y áreas funcionales no segmentadas.;Indicador;Porcentaje de cumplimiento de SLA de entrega de datos de productos;;;;;;;
Data Productos, Medios de Pago y Otros;Coordinación Del Negocio Y Datos;JPD;SGP Negocio > Coordinación del Negocio y Datos > Data Productos, Medios de Pago y Otros;3;0;No;Táctico;Diseñar, consolidar y mantener estructuras de datos confiables y alineadas a la operación y toma de decisiones sobre productos, medios de pago y áreas funcionales no segmentadas.;Indicador;Tiempo promedio de resolución de incidencias de datos de productos;;;;;;;
Data Productos, Medios de Pago y Otros;Coordinación Del Negocio Y Datos;JPD;SGP Negocio > Coordinación del Negocio y Datos > Data Productos, Medios de Pago y Otros;3;0;No;Táctico;Diseñar, consolidar y mantener estructuras de datos confiables y alineadas a la operación y toma de decisiones sobre productos, medios de pago y áreas funcionales no segmentadas.;Indicador;ROI de las mejoras en calidad de datos de productos;;;;;;;
Experiencia Del Cliente Y Modelo De Atención;Canales;GD;SGP Negocio > Canales > Experiencia del Cliente y Modelo de Atención;3;0;No;Estratégico;Diseñar e implementar el modelo de atención integral al cliente, fortaleciendo su experiencia y garantizando la consistencia y eficacia en todos los puntos de contacto.;Indicador;NPS (Net Promoter Score) general del banco;;;;;;;
Experiencia Del Cliente Y Modelo De Atención;Canales;GD;SGP Negocio > Canales > Experiencia del Cliente y Modelo de Atención;3;0;No;Estratégico;Diseñar e implementar el modelo de atención integral al cliente, fortaleciendo su experiencia y garantizando la consistencia y eficacia en todos los puntos de contacto.;Indicador;Tasa de satisfacción del cliente por canal;;;;;;;
Experiencia Del Cliente Y Modelo De Atención;Canales;GD;SGP Negocio > Canales > Experiencia del Cliente y Modelo de Atención;3;0;No;Estratégico;Diseñar e implementar el modelo de atención integral al cliente, fortaleciendo su experiencia y garantizando la consistencia y eficacia en todos los puntos de contacto.;Indicador;Tiempo promedio de resolución de consultas por canal;;;;;;;
Experiencia Del Cliente Y Modelo De Atención;Canales;GD;SGP Negocio > Canales > Experiencia del Cliente y Modelo de Atención;3;0;No;Estratégico;Diseñar e implementar el modelo de atención integral al cliente, fortaleciendo su experiencia y garantizando la consistencia y eficacia en todos los puntos de contacto.;Indicador;Porcentaje de casos resueltos en primera interacción;;;;;;;
Experiencia Del Cliente Y Modelo De Atención;Canales;GD;SGP Negocio > Canales > Experiencia del Cliente y Modelo de Atención;3;0;No;Estratégico;Diseñar e implementar el modelo de atención integral al cliente, fortaleciendo su experiencia y garantizando la consistencia y eficacia en todos los puntos de contacto.;Indicador;Tasa de abandono en procesos de atención;;;;;;;
Experiencia Del Cliente Y Modelo De Atención;Canales;GD;SGP Negocio > Canales > Experiencia del Cliente y Modelo de Atención;3;0;No;Estratégico;Diseñar e implementar el modelo de atención integral al cliente, fortaleciendo su experiencia y garantizando la consistencia y eficacia en todos los puntos de contacto.;Indicador;Número de quejas y reclamos por mes;;;;;;;
Experiencia Del Cliente Y Modelo De Atención;Canales;GD;SGP Negocio > Canales > Experiencia del Cliente y Modelo de Atención;3;0;No;Estratégico;Diseñar e implementar el modelo de atención integral al cliente, fortaleciendo su experiencia y garantizando la consistencia y eficacia en todos los puntos de contacto.;Indicador;Tiempo promedio de respuesta a consultas;;;;;;;
Experiencia Del Cliente Y Modelo De Atención;Canales;GD;SGP Negocio > Canales > Experiencia del Cliente y Modelo de Atención;3;0;No;Estratégico;Diseñar e implementar el modelo de atención integral al cliente, fortaleciendo su experiencia y garantizando la consistencia y eficacia en todos los puntos de contacto.;Indicador;Porcentaje de cumplimiento de SLA de atención;;;;;;;
Gestión Comercial;Canales;GD;SGP Negocio > Canales > Gestión Comercial;3;0;No;Táctico;Coordinar la ejecución comercial en los distintos canales, garantizando la consistencia, foco en los objetivos estratégicos y correcta implementación de campañas y acciones definidas.;Indicador;Tasa de conversión de campañas comerciales por canal;;;;;;;
Gestión Comercial;Canales;GD;SGP Negocio > Canales > Gestión Comercial;3;0;No;Táctico;Coordinar la ejecución comercial en los distintos canales, garantizando la consistencia, foco en los objetivos estratégicos y correcta implementación de campañas y acciones definidas.;Indicador;Porcentaje de cumplimiento de objetivos comerciales;;;;;;;
Gestión Comercial;Canales;GD;SGP Negocio > Canales > Gestión Comercial;3;0;No;Táctico;Coordinar la ejecución comercial en los distintos canales, garantizando la consistencia, foco en los objetivos estratégicos y correcta implementación de campañas y acciones definidas.;Indicador;ROI de las acciones comerciales por campaña;;;;;;;
Gestión Comercial;Canales;GD;SGP Negocio > Canales > Gestión Comercial;3;0;No;Táctico;Coordinar la ejecución comercial en los distintos canales, garantizando la consistencia, foco en los objetivos estratégicos y correcta implementación de campañas y acciones definidas.;Indicador;Tiempo promedio de implementación de campañas;;;;;;;
Gestión Comercial;Canales;GD;SGP Negocio > Canales > Gestión Comercial;3;0;No;Táctico;Coordinar la ejecución comercial en los distintos canales, garantizando la consistencia, foco en los objetivos estratégicos y correcta implementación de campañas y acciones definidas.;Indicador;Tasa de adopción de nuevas acciones comerciales;;;;;;;
Gestión Comercial;Canales;GD;SGP Negocio > Canales > Gestión Comercial;3;0;No;Táctico;Coordinar la ejecución comercial en los distintos canales, garantizando la consistencia, foco en los objetivos estratégicos y correcta implementación de campañas y acciones definidas.;Indicador;Satisfacción del equipo comercial con las herramientas;;;;;;;
Gestión Comercial;Canales;GD;SGP Negocio > Canales > Gestión Comercial;3;0;No;Táctico;Coordinar la ejecución comercial en los distintos canales, garantizando la consistencia, foco en los objetivos estratégicos y correcta implementación de campañas y acciones definidas.;Indicador;Número de ajustes realizados a campañas por mes;;;;;;;
Gestión Comercial;Canales;GD;SGP Negocio > Canales > Gestión Comercial;3;0;No;Táctico;Coordinar la ejecución comercial en los distintos canales, garantizando la consistencia, foco en los objetivos estratégicos y correcta implementación de campañas y acciones definidas.;Indicador;Porcentaje de canales que cumplen metas comerciales;;;;;;;
Alianzas y Patrocinios;Marketing;SGD;SGP Negocio > Marketing > Alianzas y Patrocinios;3;0;No;Táctico;Gestionar alianzas estratégicas, acuerdos institucionales y patrocinios que potencien la visibilidad y posicionamiento de la marca Banco Nación.;Indicador;Número de alianzas estratégicas activas;;;;;;;
Alianzas y Patrocinios;Marketing;SGD;SGP Negocio > Marketing > Alianzas y Patrocinios;3;0;No;Táctico;Gestionar alianzas estratégicas, acuerdos institucionales y patrocinios que potencien la visibilidad y posicionamiento de la marca Banco Nación.;Indicador;ROI de las alianzas y patrocinios;;;;;;;
Alianzas y Patrocinios;Marketing;SGD;SGP Negocio > Marketing > Alianzas y Patrocinios;3;0;No;Táctico;Gestionar alianzas estratégicas, acuerdos institucionales y patrocinios que potencien la visibilidad y posicionamiento de la marca Banco Nación.;Indicador;Tasa de éxito en la implementación de alianzas;;;;;;;
Alianzas y Patrocinios;Marketing;SGD;SGP Negocio > Marketing > Alianzas y Patrocinios;3;0;No;Táctico;Gestionar alianzas estratégicas, acuerdos institucionales y patrocinios que potencien la visibilidad y posicionamiento de la marca Banco Nación.;Indicador;Satisfacción de los socios estratégicos;;;;;;;
Alianzas y Patrocinios;Marketing;SGD;SGP Negocio > Marketing > Alianzas y Patrocinios;3;0;No;Táctico;Gestionar alianzas estratégicas, acuerdos institucionales y patrocinios que potencien la visibilidad y posicionamiento de la marca Banco Nación.;Indicador;Porcentaje de cumplimiento de objetivos de alianzas;;;;;;;
Alianzas y Patrocinios;Marketing;SGD;SGP Negocio > Marketing > Alianzas y Patrocinios;3;0;No;Táctico;Gestionar alianzas estratégicas, acuerdos institucionales y patrocinios que potencien la visibilidad y posicionamiento de la marca Banco Nación.;Indicador;Tiempo promedio de desarrollo de nuevas alianzas;;;;;;;
Alianzas y Patrocinios;Marketing;SGD;SGP Negocio > Marketing > Alianzas y Patrocinios;3;0;No;Táctico;Gestionar alianzas estratégicas, acuerdos institucionales y patrocinios que potencien la visibilidad y posicionamiento de la marca Banco Nación.;Indicador;Número de patrocinios ejecutados exitosamente;;;;;;;
Alianzas y Patrocinios;Marketing;SGD;SGP Negocio > Marketing > Alianzas y Patrocinios;3;0;No;Táctico;Gestionar alianzas estratégicas, acuerdos institucionales y patrocinios que potencien la visibilidad y posicionamiento de la marca Banco Nación.;Indicador;Impacto de las alianzas en el negocio;;;;;;;
Branding y Comunicaciones;Marketing;SGD;SGP Negocio > Marketing > Branding y Comunicaciones;3;0;No;Táctico;Diseñar y coordinar la identidad de marca y la comunicación institucional del Banco, asegurando coherencia, impacto positivo y alineación estratégica.;Indicador;Reconocimiento de marca en el mercado;;;;;;;
Branding y Comunicaciones;Marketing;SGD;SGP Negocio > Marketing > Branding y Comunicaciones;3;0;No;Táctico;Diseñar y coordinar la identidad de marca y la comunicación institucional del Banco, asegurando coherencia, impacto positivo y alineación estratégica.;Indicador;Tasa de engagement con las comunicaciones de marca;;;;;;;
Branding y Comunicaciones;Marketing;SGD;SGP Negocio > Marketing > Branding y Comunicaciones;3;0;No;Táctico;Diseñar y coordinar la identidad de marca y la comunicación institucional del Banco, asegurando coherencia, impacto positivo y alineación estratégica.;Indicador;Porcentaje de cumplimiento de objetivos de branding;;;;;;;
Branding y Comunicaciones;Marketing;SGD;SGP Negocio > Marketing > Branding y Comunicaciones;3;0;No;Táctico;Diseñar y coordinar la identidad de marca y la comunicación institucional del Banco, asegurando coherencia, impacto positivo y alineación estratégica.;Indicador;ROI de las campañas de branding;;;;;;;
Branding y Comunicaciones;Marketing;SGD;SGP Negocio > Marketing > Branding y Comunicaciones;3;0;No;Táctico;Diseñar y coordinar la identidad de marca y la comunicación institucional del Banco, asegurando coherencia, impacto positivo y alineación estratégica.;Indicador;Satisfacción del público objetivo con la marca;;;;;;;
Branding y Comunicaciones;Marketing;SGD;SGP Negocio > Marketing > Branding y Comunicaciones;3;0;No;Táctico;Diseñar y coordinar la identidad de marca y la comunicación institucional del Banco, asegurando coherencia, impacto positivo y alineación estratégica.;Indicador;Tiempo promedio de desarrollo de materiales de marca;;;;;;;
Branding y Comunicaciones;Marketing;SGD;SGP Negocio > Marketing > Branding y Comunicaciones;3;0;No;Táctico;Diseñar y coordinar la identidad de marca y la comunicación institucional del Banco, asegurando coherencia, impacto positivo y alineación estratégica.;Indicador;Número de campañas de branding ejecutadas;;;;;;;
Branding y Comunicaciones;Marketing;SGD;SGP Negocio > Marketing > Branding y Comunicaciones;3;0;No;Táctico;Diseñar y coordinar la identidad de marca y la comunicación institucional del Banco, asegurando coherencia, impacto positivo y alineación estratégica.;Indicador;Impacto de las comunicaciones en la percepción de marca;;;;;;;
Digital Marketing & Performance;Marketing;SGD;SGP Negocio > Marketing > Digital Marketing & Performance;3;0;No;Táctico;Planificar, ejecutar y optimizar campañas digitales de alto impacto, orientadas a la conversión, visibilidad de marca y engagement con los públicos objetivos.;Indicador;Tasa de conversión de campañas digitales;;;;;;;
Digital Marketing & Performance;Marketing;SGD;SGP Negocio > Marketing > Digital Marketing & Performance;3;0;No;Táctico;Planificar, ejecutar y optimizar campañas digitales de alto impacto, orientadas a la conversión, visibilidad de marca y engagement con los públicos objetivos.;Indicador;ROI de las campañas de marketing digital;;;;;;;
Digital Marketing & Performance;Marketing;SGD;SGP Negocio > Marketing > Digital Marketing & Performance;3;0;No;Táctico;Planificar, ejecutar y optimizar campañas digitales de alto impacto, orientadas a la conversión, visibilidad de marca y engagement con los públicos objetivos.;Indicador;Porcentaje de cumplimiento de objetivos de performance;;;;;;;
Digital Marketing & Performance;Marketing;SGD;SGP Negocio > Marketing > Digital Marketing & Performance;3;0;No;Táctico;Planificar, ejecutar y optimizar campañas digitales de alto impacto, orientadas a la conversión, visibilidad de marca y engagement con los públicos objetivos.;Indicador;Tiempo promedio de optimización de campañas;;;;;;;
Digital Marketing & Performance;Marketing;SGD;SGP Negocio > Marketing > Digital Marketing & Performance;3;0;No;Táctico;Planificar, ejecutar y optimizar campañas digitales de alto impacto, orientadas a la conversión, visibilidad de marca y engagement con los públicos objetivos.;Indicador;Tasa de adopción de nuevas herramientas digitales;;;;;;;
Digital Marketing & Performance;Marketing;SGD;SGP Negocio > Marketing > Digital Marketing & Performance;3;0;No;Táctico;Planificar, ejecutar y optimizar campañas digitales de alto impacto, orientadas a la conversión, visibilidad de marca y engagement con los públicos objetivos.;Indicador;Satisfacción del equipo con las herramientas digitales;;;;;;;
Digital Marketing & Performance;Marketing;SGD;SGP Negocio > Marketing > Digital Marketing & Performance;3;0;No;Táctico;Planificar, ejecutar y optimizar campañas digitales de alto impacto, orientadas a la conversión, visibilidad de marca y engagement con los públicos objetivos.;Indicador;Número de campañas digitales ejecutadas;;;;;;;
Digital Marketing & Performance;Marketing;SGD;SGP Negocio > Marketing > Digital Marketing & Performance;3;0;No;Táctico;Planificar, ejecutar y optimizar campañas digitales de alto impacto, orientadas a la conversión, visibilidad de marca y engagement con los públicos objetivos.;Indicador;Impacto de las campañas digitales en el negocio;;;;;;;
Customer Insights & Analytics;Marketing;SGD;SGP Negocio > Marketing > Customer Insights & Analytics;3;0;No;Analítico;Recolectar, procesar y analizar información sobre el comportamiento de los clientes y su experiencia, generando insights que orienten la estrategia comercial, las acciones de marketing, fidelización y diseño de propuesta de valor centrada en el cliente.;Indicador;Precisión de los modelos de análisis de clientes;;;;;;;
Customer Insights & Analytics;Marketing;SGD;SGP Negocio > Marketing > Customer Insights & Analytics;3;0;No;Analítico;Recolectar, procesar y analizar información sobre el comportamiento de los clientes y su experiencia, generando insights que orienten la estrategia comercial, las acciones de marketing, fidelización y diseño de propuesta de valor centrada en el cliente.;Indicador;Tiempo promedio de generación de insights;;;;;;;
Customer Insights & Analytics;Marketing;SGD;SGP Negocio > Marketing > Customer Insights & Analytics;3;0;No;Analítico;Recolectar, procesar y analizar información sobre el comportamiento de los clientes y su experiencia, generando insights que orienten la estrategia comercial, las acciones de marketing, fidelización y diseño de propuesta de valor centrada en el cliente.;Indicador;Número de insights generados y aprovechados;;;;;;;
Customer Insights & Analytics;Marketing;SGD;SGP Negocio > Marketing > Customer Insights & Analytics;3;0;No;Analítico;Recolectar, procesar y analizar información sobre el comportamiento de los clientes y su experiencia, generando insights que orienten la estrategia comercial, las acciones de marketing, fidelización y diseño de propuesta de valor centrada en el cliente.;Indicador;Porcentaje de adopción de dashboards por usuarios;;;;;;;
Customer Insights & Analytics;Marketing;SGD;SGP Negocio > Marketing > Customer Insights & Analytics;3;0;No;Analítico;Recolectar, procesar y analizar información sobre el comportamiento de los clientes y su experiencia, generando insights que orienten la estrategia comercial, las acciones de marketing, fidelización y diseño de propuesta de valor centrada en el cliente.;Indicador;Calidad de los insights generados;;;;;;;
Customer Insights & Analytics;Marketing;SGD;SGP Negocio > Marketing > Customer Insights & Analytics;3;0;No;Analítico;Recolectar, procesar y analizar información sobre el comportamiento de los clientes y su experiencia, generando insights que orienten la estrategia comercial, las acciones de marketing, fidelización y diseño de propuesta de valor centrada en el cliente.;Indicador;Tasa de éxito de las recomendaciones basadas en insights;;;;;;;
Customer Insights & Analytics;Marketing;SGD;SGP Negocio > Marketing > Customer Insights & Analytics;3;0;No;Analítico;Recolectar, procesar y analizar información sobre el comportamiento de los clientes y su experiencia, generando insights que orienten la estrategia comercial, las acciones de marketing, fidelización y diseño de propuesta de valor centrada en el cliente.;Indicador;Número de alertas generadas y su precisión;;;;;;;
Customer Insights & Analytics;Marketing;SGD;SGP Negocio > Marketing > Customer Insights & Analytics;3;0;No;Analítico;Recolectar, procesar y analizar información sobre el comportamiento de los clientes y su experiencia, generando insights que orienten la estrategia comercial, las acciones de marketing, fidelización y diseño de propuesta de valor centrada en el cliente.;Indicador;ROI de las acciones basadas en insights;;;;;;;
Customer Insights & Analitics;Marketing;SGD;SGP Negocio > Marketing > Customer Insights & Analytics;3;0;No;Analítico;Recolectar, procesar y analizar información sobre el comportamiento de los clientes y su experiencia, generando insights que orienten la estrategia comercial, las acciones de marketing, fidelización y diseño de propuesta de valor centrada en el cliente.;Indicador;Precisión de los modelos analíticos de clientes;;;;;;;
Customer Insights & Analitics;Marketing;SGD;SGP Negocio > Marketing > Customer Insights & Analytics;3;0;No;Analítico;Recolectar, procesar y analizar información sobre el comportamiento de los clientes y su experiencia, generando insights que orienten la estrategia comercial, las acciones de marketing, fidelización y diseño de propuesta de valor centrada en el cliente.;Indicador;Tiempo promedio de generación de análisis;;;;;;;
Customer Insights & Analitics;Marketing;SGD;SGP Negocio > Marketing > Customer Insights & Analytics;3;0;No;Analítico;Recolectar, procesar y analizar información sobre el comportamiento de los clientes y su experiencia, generando insights que orienten la estrategia comercial, las acciones de marketing, fidelización y diseño de propuesta de valor centrada en el cliente.;Indicador;Número de análisis generados y aprovechados;;;;;;;
Customer Insights & Analitics;Marketing;SGD;SGP Negocio > Marketing > Customer Insights & Analytics;3;0;No;Analítico;Recolectar, procesar y analizar información sobre el comportamiento de los clientes y su experiencia, generando insights que orienten la estrategia comercial, las acciones de marketing, fidelización y diseño de propuesta de valor centrada en el cliente.;Indicador;Porcentaje de adopción de herramientas analíticas;;;;;;;
Customer Insights & Analitics;Marketing;SGD;SGP Negocio > Marketing > Customer Insights & Analytics;3;0;No;Analítico;Recolectar, procesar y analizar información sobre el comportamiento de los clientes y su experiencia, generando insights que orienten la estrategia comercial, las acciones de marketing, fidelización y diseño de propuesta de valor centrada en el cliente.;Indicador;Calidad de los análisis generados;;;;;;;
Customer Insights & Analitics;Marketing;SGD;SGP Negocio > Marketing > Customer Insights & Analytics;3;0;No;Analítico;Recolectar, procesar y analizar información sobre el comportamiento de los clientes y su experiencia, generando insights que orienten la estrategia comercial, las acciones de marketing, fidelización y diseño de propuesta de valor centrada en el cliente.;Indicador;Tasa de éxito de las recomendaciones analíticas;;;;;;;
Customer Insights & Analitics;Marketing;SGD;SGP Negocio > Marketing > Customer Insights & Analytics;3;0;No;Analítico;Recolectar, procesar y analizar información sobre el comportamiento de los clientes y su experiencia, generando insights que orienten la estrategia comercial, las acciones de marketing, fidelización y diseño de propuesta de valor centrada en el cliente.;Indicador;Número de reportes generados y su precisión;;;;;;;
Customer Insights & Analitics;Marketing;SGD;SGP Negocio > Marketing > Customer Insights & Analytics;3;0;No;Analítico;Recolectar, procesar y analizar información sobre el comportamiento de los clientes y su experiencia, generando insights que orienten la estrategia comercial, las acciones de marketing, fidelización y diseño de propuesta de valor centrada en el cliente.;Indicador;ROI de las acciones basadas en análisis;;;;;;;
Productos;SGP Clientes;GD;SGP Negocio > Productos;2;4;Sí;Táctico;Liderar el desarrollo, evolución y gestión del portafolio de productos financieros del Banco, asegurando que respondan a las necesidades actuales y futuras de los clientes, bajo criterios de experiencia, competitividad, innovación, rentabilidad y sostenibilidad. La Gerencia de Producto es responsable de articular con áreas técnicas, comerciales, regulatorias y tecnológicas para diseñar soluciones integrales que generen valor para el cliente y contribuyan al cumplimiento de los objetivos estratégicos del Banco.;Indicador;Porcentaje de cumplimiento de objetivos de productos;;;;;;;
Productos;SGP Clientes;GD;SGP Negocio > Productos;2;4;Sí;Táctico;Liderar el desarrollo, evolución y gestión del portafolio de productos financieros del Banco, asegurando que respondan a las necesidades actuales y futuras de los clientes, bajo criterios de experiencia, competitividad, innovación, rentabilidad y sostenibilidad. La Gerencia de Producto es responsable de articular con áreas técnicas, comerciales, regulatorias y tecnológicas para diseñar soluciones integrales que generen valor para el cliente y contribuyan al cumplimiento de los objetivos estratégicos del Banco.;Indicador;Tasa de adopción de nuevos productos;;;;;;;
Productos;SGP Clientes;GD;SGP Negocio > Productos;2;4;Sí;Táctico;Liderar el desarrollo, evolución y gestión del portafolio de productos financieros del Banco, asegurando que respondan a las necesidades actuales y futuras de los clientes, bajo criterios de experiencia, competitividad, innovación, rentabilidad y sostenibilidad. La Gerencia de Producto es responsable de articular con áreas técnicas, comerciales, regulatorias y tecnológicas para diseñar soluciones integrales que generen valor para el cliente y contribuyan al cumplimiento de los objetivos estratégicos del Banco.;Indicador;ROI de los productos por línea;;;;;;;
Productos;SGP Clientes;GD;SGP Negocio > Productos;2;4;Sí;Táctico;Liderar el desarrollo, evolución y gestión del portafolio de productos financieros del Banco, asegurando que respondan a las necesidades actuales y futuras de los clientes, bajo criterios de experiencia, competitividad, innovación, rentabilidad y sostenibilidad. La Gerencia de Producto es responsable de articular con áreas técnicas, comerciales, regulatorias y tecnológicas para diseñar soluciones integrales que generen valor para el cliente y contribuyan al cumplimiento de los objetivos estratégicos del Banco.;Indicador;Satisfacción del cliente con los productos;;;;;;;
Productos;SGP Clientes;GD;SGP Negocio > Productos;2;4;Sí;Táctico;Liderar el desarrollo, evolución y gestión del portafolio de productos financieros del Banco, asegurando que respondan a las necesidades actuales y futuras de los clientes, bajo criterios de experiencia, competitividad, innovación, rentabilidad y sostenibilidad. La Gerencia de Producto es responsable de articular con áreas técnicas, comerciales, regulatorias y tecnológicas para diseñar soluciones integrales que generen valor para el cliente y contribuyan al cumplimiento de los objetivos estratégicos del Banco.;Indicador;Tiempo promedio de desarrollo de nuevos productos;;;;;;;
Productos;SGP Clientes;GD;SGP Negocio > Productos;2;4;Sí;Táctico;Liderar el desarrollo, evolución y gestión del portafolio de productos financieros del Banco, asegurando que respondan a las necesidades actuales y futuras de los clientes, bajo criterios de experiencia, competitividad, innovación, rentabilidad y sostenibilidad. La Gerencia de Producto es responsable de articular con áreas técnicas, comerciales, regulatorias y tecnológicas para diseñar soluciones integrales que generen valor para el cliente y contribuyan al cumplimiento de los objetivos estratégicos del Banco.;Indicador;Número de productos activos vs. planificados;;;;;;;
Productos;SGP Clientes;GD;SGP Negocio > Productos;2;4;Sí;Táctico;Liderar el desarrollo, evolución y gestión del portafolio de productos financieros del Banco, asegurando que respondan a las necesidades actuales y futuras de los clientes, bajo criterios de experiencia, competitividad, innovación, rentabilidad y sostenibilidad. La Gerencia de Producto es responsable de articular con áreas técnicas, comerciales, regulatorias y tecnológicas para diseñar soluciones integrales que generen valor para el cliente y contribuyan al cumplimiento de los objetivos estratégicos del Banco.;Indicador;Tasa de retención de clientes por producto;;;;;;;
Productos;SGP Clientes;GD;SGP Negocio > Productos;2;4;Sí;Táctico;Liderar el desarrollo, evolución y gestión del portafolio de productos financieros del Banco, asegurando que respondan a las necesidades actuales y futuras de los clientes, bajo criterios de experiencia, competitividad, innovación, rentabilidad y sostenibilidad. La Gerencia de Producto es responsable de articular con áreas técnicas, comerciales, regulatorias y tecnológicas para diseñar soluciones integrales que generen valor para el cliente y contribuyan al cumplimiento de los objetivos estratégicos del Banco.;Indicador;Impacto de los productos en el negocio;;;;;;;
Canales;SGP Clientes;SG;SGP Negocio > Canales;2;5;Sí;Táctico-Estratégico;Conducir la estrategia integral del relacionamiento con los clientes del banco, asegurando la alineación de los segmentos, productos, canales, servicios y experiencia, para promover una gestión centrada en el cliente, rentable, simple, digital y eficiente.;Indicador;Porcentaje de cumplimiento de objetivos por canal;;;;;;;
Canales;SGP Clientes;SG;SGP Negocio > Canales;2;5;Sí;Táctico-Estratégico;Conducir la estrategia integral del relacionamiento con los clientes del banco, asegurando la alineación de los segmentos, productos, canales, servicios y experiencia, para promover una gestión centrada en el cliente, rentable, simple, digital y eficiente.;Indicador;Tasa de adopción de nuevos canales;;;;;;;
Canales;SGP Clientes;SG;SGP Negocio > Canales;2;5;Sí;Táctico-Estratégico;Conducir la estrategia integral del relacionamiento con los clientes del banco, asegurando la alineación de los segmentos, productos, canales, servicios y experiencia, para promover una gestión centrada en el cliente, rentable, simple, digital y eficiente.;Indicador;ROI de los canales por tipo;;;;;;;
Canales;SGP Clientes;SG;SGP Negocio > Canales;2;5;Sí;Táctico-Estratégico;Conducir la estrategia integral del relacionamiento con los clientes del banco, asegurando la alineación de los segmentos, productos, canales, servicios y experiencia, para promover una gestión centrada en el cliente, rentable, simple, digital y eficiente.;Indicador;Satisfacción del cliente con los canales;;;;;;;
Canales;SGP Clientes;SG;SGP Negocio > Canales;2;5;Sí;Táctico-Estratégico;Conducir la estrategia integral del relacionamiento con los clientes del banco, asegurando la alineación de los segmentos, productos, canales, servicios y experiencia, para promover una gestión centrada en el cliente, rentable, simple, digital y eficiente.;Indicador;Tiempo promedio de implementación de nuevos canales;;;;;;;
Canales;SGP Clientes;SG;SGP Negocio > Canales;2;5;Sí;Táctico-Estratégico;Conducir la estrategia integral del relacionamiento con los clientes del banco, asegurando la alineación de los segmentos, productos, canales, servicios y experiencia, para promover una gestión centrada en el cliente, rentable, simple, digital y eficiente.;Indicador;Número de canales operativos vs. planificados;;;;;;;
Canales;SGP Clientes;SG;SGP Negocio > Canales;2;5;Sí;Táctico-Estratégico;Conducir la estrategia integral del relacionamiento con los clientes del banco, asegurando la alineación de los segmentos, productos, canales, servicios y experiencia, para promover una gestión centrada en el cliente, rentable, simple, digital y eficiente.;Indicador;Tasa de retención de clientes por canal;;;;;;;
Canales;SGP Clientes;SG;SGP Negocio > Canales;2;5;Sí;Táctico-Estratégico;Conducir la estrategia integral del relacionamiento con los clientes del banco, asegurando la alineación de los segmentos, productos, canales, servicios y experiencia, para promover una gestión centrada en el cliente, rentable, simple, digital y eficiente.;Indicador;Impacto de los canales en el negocio;;;;;;;
SGP Clientes;;SGP;SGP Clientes;1;8;Sí;Estratégico;Liderar la estrategia integral del negocio del banco, garantizando la definición y alineación de las propuestas de valor para los distintos segmentos, productos, canales y servicios. Asegurar la articulación efectiva de las unidades bajo su responsabilidad, promoviendo una gestión orientada al cliente, basada en datos, ágil, eficiente e innovadora, alineada con los objetivos estratégicos institucionales. Conducir integralmente la estrategia, gestión y supervisión de las unidades de negocio del Banco, asegurando alineación con la visión institucional, maximizando el valor al cliente, la rentabilidad sostenible, y la competitividad de la oferta de productos y servicios en los segmentos de Banca Personas, Empresas e Internacional.;Indicador;Porcentaje de cumplimiento de objetivos de SGP;;;;;;;
SGP Clientes;;SGP;SGP Clientes;1;8;Sí;Estratégico;Liderar la estrategia integral del negocio del banco, garantizando la definición y alineación de las propuestas de valor para los distintos segmentos, productos, canales y servicios. Asegurar la articulación efectiva de las unidades bajo su responsabilidad, promoviendo una gestión orientada al cliente, basada en datos, ágil, eficiente e innovadora, alineada con los objetivos estratégicos institucionales. Conducir integralmente la estrategia, gestión y supervisión de las unidades de negocio del Banco, asegurando alineación con la visión institucional, maximizando el valor al cliente, la rentabilidad sostenible, y la competitividad de la oferta de productos y servicios en los segmentos de Banca Personas, Empresas e Internacional.;Indicador;Tasa de adopción de nuevas funcionalidades de SGP;;;;;;;
SGP Clientes;;SGP;SGP Clientes;1;8;Sí;Estratégico;Liderar la estrategia integral del negocio del banco, garantizando la definición y alineación de las propuestas de valor para los distintos segmentos, productos, canales y servicios. Asegurar la articulación efectiva de las unidades bajo su responsabilidad, promoviendo una gestión orientada al cliente, basada en datos, ágil, eficiente e innovadora, alineada con los objetivos estratégicos institucionales. Conducir integralmente la estrategia, gestión y supervisión de las unidades de negocio del Banco, asegurando alineación con la visión institucional, maximizando el valor al cliente, la rentabilidad sostenible, y la competitividad de la oferta de productos y servicios en los segmentos de Banca Personas, Empresas e Internacional.;Indicador;ROI de las mejoras en SGP;;;;;;;
SGP Clientes;;SGP;SGP Clientes;1;8;Sí;Estratégico;Liderar la estrategia integral del negocio del banco, garantizando la definición y alineación de las propuestas de valor para los distintos segmentos, productos, canales y servicios. Asegurar la articulación efectiva de las unidades bajo su responsabilidad, promoviendo una gestión orientada al cliente, basada en datos, ágil, eficiente e innovadora, alineada con los objetivos estratégicos institucionales. Conducir integralmente la estrategia, gestión y supervisión de las unidades de negocio del Banco, asegurando alineación con la visión institucional, maximizando el valor al cliente, la rentabilidad sostenible, y la competitividad de la oferta de productos y servicios en los segmentos de Banca Personas, Empresas e Internacional.;Indicador;Satisfacción del usuario con SGP;;;;;;;
SGP Clientes;;SGP;SGP Clientes;1;8;Sí;Estratégico;Liderar la estrategia integral del negocio del banco, garantizando la definición y alineación de las propuestas de valor para los distintos segmentos, productos, canales y servicios. Asegurar la articulación efectiva de las unidades bajo su responsabilidad, promoviendo una gestión orientada al cliente, basada en datos, ágil, eficiente e innovadora, alineada con los objetivos estratégicos institucionales. Conducir integralmente la estrategia, gestión y supervisión de las unidades de negocio del Banco, asegurando alineación con la visión institucional, maximizando el valor al cliente, la rentabilidad sostenible, y la competitividad de la oferta de productos y servicios en los segmentos de Banca Personas, Empresas e Internacional.;Indicador;Tiempo promedio de implementación de mejoras;;;;;;;
SGP Clientes;;SGP;SGP Clientes;1;8;Sí;Estratégico;Liderar la estrategia integral del negocio del banco, garantizando la definición y alineación de las propuestas de valor para los distintos segmentos, productos, canales y servicios. Asegurar la articulación efectiva de las unidades bajo su responsabilidad, promoviendo una gestión orientada al cliente, basada en datos, ágil, eficiente e innovadora, alineada con los objetivos estratégicos institucionales. Conducir integralmente la estrategia, gestión y supervisión de las unidades de negocio del Banco, asegurando alineación con la visión institucional, maximizando el valor al cliente, la rentabilidad sostenible, y la competitividad de la oferta de productos y servicios en los segmentos de Banca Personas, Empresas e Internacional.;Indicador;Número de funcionalidades activas vs. planificadas;;;;;;;
SGP Clientes;;SGP;SGP Clientes;1;8;Sí;Estratégico;Liderar la estrategia integral del negocio del banco, garantizando la definición y alineación de las propuestas de valor para los distintos segmentos, productos, canales y servicios. Asegurar la articulación efectiva de las unidades bajo su responsabilidad, promoviendo una gestión orientada al cliente, basada en datos, ágil, eficiente e innovadora, alineada con los objetivos estratégicos institucionales. Conducir integralmente la estrategia, gestión y supervisión de las unidades de negocio del Banco, asegurando alineación con la visión institucional, maximizando el valor al cliente, la rentabilidad sostenible, y la competitividad de la oferta de productos y servicios en los segmentos de Banca Personas, Empresas e Internacional.;Indicador;Tasa de retención de usuarios de SGP;;;;;;;
SGP Clientes;;SGP;SGP Clientes;1;8;Sí;Estratégico;Liderar la estrategia integral del negocio del banco, garantizando la definición y alineación de las propuestas de valor para los distintos segmentos, productos, canales y servicios. Asegurar la articulación efectiva de las unidades bajo su responsabilidad, promoviendo una gestión orientada al cliente, basada en datos, ágil, eficiente e innovadora, alineada con los objetivos estratégicos institucionales. Conducir integralmente la estrategia, gestión y supervisión de las unidades de negocio del Banco, asegurando alineación con la visión institucional, maximizando el valor al cliente, la rentabilidad sostenible, y la competitividad de la oferta de productos y servicios en los segmentos de Banca Personas, Empresas e Internacional.;Indicador;Impacto de SGP en la gestión de clientes;;;;;;;