Unidad Organizativa;Reporta A;Jerarquía;Línea de Reporte;Nivel Jerárquico Calculado;Unidades que Reportan Directamente;Responsable de Gestión de Otras;Nivel Funcional Esperado;Misión;Tipo de Función;Descripción;Producto Final;Porcentaje Dedicación
Estrategia Comercial Y Propuesta De Valor;Segmento Personas;GD;Sgp Negocio > Segmento Personas > Estrategia Comercial Y Propuesta De Valor;4.0;0;No;Táctico;Diseñar, evaluar y actualizar la propuesta de valor para el Segmento Personas, asegurando su alineación con la estrategia comercial, los objetivos institucionales y la experiencia del cliente.;Genérica;Analizar comportamientos y necesidades del segmento. Identificar oportunidades de mejora. Proponer estrategias comerciales diferenciadas. Coordinar con áreas de producto, canales y marketing para su implementación.;Propuesta de Valor Integrada para Personas;
Estrategia Comercial Y Propuesta De Valor;Segmento Personas;GD;Sgp Negocio > Segmento Personas > Estrategia Comercial Y Propuesta De Valor;4.0;0;No;Táctico;Diseñar, evaluar y actualizar la propuesta de valor para el Segmento Personas, asegurando su alineación con la estrategia comercial, los objetivos institucionales y la experiencia del cliente.;Específica;Diseñar la propuesta de valor segmentada según perfiles de clientes personas.;Diseño de Propuesta de Valor por Subsegmento;20
Estrategia Comercial Y Propuesta De Valor;Segmento Personas;GD;Sgp Negocio > Segmento Personas > Estrategia Comercial Y Propuesta De Valor;4.0;0;No;Táctico;Diseñar, evaluar y actualizar la propuesta de valor para el Segmento Personas, asegurando su alineación con la estrategia comercial, los objetivos institucionales y la experiencia del cliente.;Específica;Relevar insights y propuestas de valor del mercado y de los clientes actuales.;Reporte de Insights y Benchmarking;20
Estrategia Comercial Y Propuesta De Valor;Segmento Personas;GD;Sgp Negocio > Segmento Personas > Estrategia Comercial Y Propuesta De Valor;4.0;0;No;Táctico;Diseñar, evaluar y actualizar la propuesta de valor para el Segmento Personas, asegurando su alineación con la estrategia comercial, los objetivos institucionales y la experiencia del cliente.;Específica;Coordinar la implementación de la propuesta en colaboración con áreas clave.;Plan de Implementación Coordinado;20
Estrategia Comercial Y Propuesta De Valor;Segmento Personas;GD;Sgp Negocio > Segmento Empresas > Estrategia Comercial Y Propuesta De Valor;3.0;0;No;Estratégico;Diseñar, evaluar y actualizar la propuesta de valor para el Segmento Personas, asegurando su alineación con la estrategia comercial, los objetivos institucionales y la experiencia del cliente.;Genérica;Definir prioridades comerciales. Consolidar propuestas de valor. Coordinar ejecución con productos y canales.;Plan Estratégico Comercial del Segmento Personas;
Estrategia Comercial Y Propuesta De Valor;Segmento Personas;GD;Sgp Negocio > Segmento Empresas > Estrategia Comercial Y Propuesta De Valor;3.0;0;No;Estratégico;Diseñar, evaluar y actualizar la propuesta de valor para el Segmento Personas, asegurando su alineación con la estrategia comercial, los objetivos institucionales y la experiencia del cliente.;Específica;Definir ejes comerciales prioritarios y segmentar público objetivo.;Matriz de Propuesta de Valor;20
Estrategia Comercial Y Propuesta De Valor;Segmento Personas;GD;Sgp Negocio > Segmento Empresas > Estrategia Comercial Y Propuesta De Valor;3.0;0;No;Estratégico;Diseñar, evaluar y actualizar la propuesta de valor para el Segmento Personas, asegurando su alineación con la estrategia comercial, los objetivos institucionales y la experiencia del cliente.;Específica;Definir mejoras en el posicionamiento del segmento y su integración en canales y productos.;Mapa de Posicionamiento Comercial;20
Estrategia Comercial Y Propuesta De Valor;Segmento Empresas;GD;Sgp Negocio > Segmento Empresas > Estrategia Comercial Y Propuesta De Valor;4.0;0;No;Táctico;Diseñar, evaluar y actualizar la propuesta de valor del Segmento Empresas, asegurando su alineación con la estrategia comercial del banco, los objetivos institucionales y la mejora continua de la experiencia del cliente, mediante el análisis de segmentos productivos, el diseño de soluciones comerciales innovadoras y la coordinación de acciones multicanal.;Genérica;Analizar segmentos del sector productivo, identificar necesidades financieras, evaluar propuestas comerciales y coordinar la implementación con productos, canales y regiones.;Propuesta de Valor Integrada para Empresas;
Estrategia Comercial Y Propuesta De Valor;Segmento Empresas;GD;Sgp Negocio > Segmento Empresas > Estrategia Comercial Y Propuesta De Valor;4.0;0;No;Táctico;Diseñar, evaluar y actualizar la propuesta de valor del Segmento Empresas, asegurando su alineación con la estrategia comercial del banco, los objetivos institucionales y la mejora continua de la experiencia del cliente, mediante el análisis de segmentos productivos, el diseño de soluciones comerciales innovadoras y la coordinación de acciones multicanal.;Específica;Diseñar propuestas de valor segmentadas para los distintos perfiles de clientes (PyMEs, grandes empresas, sector público, agro, etc.).;Propuesta de Valor Segmentada;12,5
Estrategia Comercial Y Propuesta De Valor;Segmento Empresas;GD;Sgp Negocio > Segmento Empresas > Estrategia Comercial Y Propuesta De Valor;4.0;0;No;Táctico;Diseñar, evaluar y actualizar la propuesta de valor del Segmento Empresas, asegurando su alineación con la estrategia comercial del banco, los objetivos institucionales y la mejora continua de la experiencia del cliente, mediante el análisis de segmentos productivos, el diseño de soluciones comerciales innovadoras y la coordinación de acciones multicanal.;Específica;Detectar oportunidades de innovación en productos y servicios financieros.;Informe de Innovación Comercial;12,5
Estrategia Comercial Y Propuesta De Valor;Segmento Empresas;GD;Sgp Negocio > Segmento Empresas > Estrategia Comercial Y Propuesta De Valor;4.0;0;No;Táctico;Diseñar, evaluar y actualizar la propuesta de valor del Segmento Empresas, asegurando su alineación con la estrategia comercial del banco, los objetivos institucionales y la mejora continua de la experiencia del cliente, mediante el análisis de segmentos productivos, el diseño de soluciones comerciales innovadoras y la coordinación de acciones multicanal.;Específica;Coordinar acciones comerciales con Marketing, Riesgos, Canales y Productos para asegurar coherencia.;Plan de Acción Comercial Coordinado;12,5
Estrategia Comercial Y Propuesta De Valor;Segmento Empresas;GD;Sgp Negocio > Segmento Empresas > Estrategia Comercial Y Propuesta De Valor;4.0;0;No;Táctico;Diseñar, evaluar y actualizar la propuesta de valor del Segmento Empresas, asegurando su alineación con la estrategia comercial del banco, los objetivos institucionales y la mejora continua de la experiencia del cliente, mediante el análisis de segmentos productivos, el diseño de soluciones comerciales innovadoras y la coordinación de acciones multicanal.;Genérica;Supervisar el alineamiento estratégico de las acciones comerciales con los objetivos institucionales.;Informe de Alineación Comercial Estratégica;
Estrategia Comercial Y Propuesta De Valor;Segmento Empresas;GD;Sgp Negocio > Segmento Empresas > Estrategia Comercial Y Propuesta De Valor;4.0;0;No;Táctico;Diseñar, evaluar y actualizar la propuesta de valor del Segmento Empresas, asegurando su alineación con la estrategia comercial del banco, los objetivos institucionales y la mejora continua de la experiencia del cliente, mediante el análisis de segmentos productivos, el diseño de soluciones comerciales innovadoras y la coordinación de acciones multicanal.;Específica;Evaluar la performance de las acciones comerciales vinculadas a la propuesta de valor.;Informe de Impacto Comercial;12,5
Estrategia Comercial Y Propuesta De Valor;Segmento Empresas;GD;Sgp Negocio > Segmento Empresas > Estrategia Comercial Y Propuesta De Valor;4.0;0;No;Táctico;Diseñar, evaluar y actualizar la propuesta de valor del Segmento Empresas, asegurando su alineación con la estrategia comercial del banco, los objetivos institucionales y la mejora continua de la experiencia del cliente, mediante el análisis de segmentos productivos, el diseño de soluciones comerciales innovadoras y la coordinación de acciones multicanal.;Específica;Generar materiales de comunicación y entrenamiento para equipos comerciales sobre nuevas propuestas.;Kit de Propuesta Comercial Interna;12,5
Estrategia Comercial Y Propuesta De Valor;Segmento Empresas;GD;Sgp Negocio > Segmento Empresas > Estrategia Comercial Y Propuesta De Valor;4.0;0;No;Táctico;Diseñar, evaluar y actualizar la propuesta de valor del Segmento Empresas, asegurando su alineación con la estrategia comercial del banco, los objetivos institucionales y la mejora continua de la experiencia del cliente, mediante el análisis de segmentos productivos, el diseño de soluciones comerciales innovadoras y la coordinación de acciones multicanal.;Específica;Realizar benchmarking y análisis de tendencias de mercado en productos para empresas.;Reporte de Tendencias y Mejores Prácticas;12,5
Estrategia Comercial Y Propuesta De Valor;Segmento Empresas;GD;Sgp Negocio > Segmento Empresas > Estrategia Comercial Y Propuesta De Valor;4.0;0;No;Táctico;Diseñar, evaluar y actualizar la propuesta de valor del Segmento Empresas, asegurando su alineación con la estrategia comercial del banco, los objetivos institucionales y la mejora continua de la experiencia del cliente, mediante el análisis de segmentos productivos, el diseño de soluciones comerciales innovadoras y la coordinación de acciones multicanal.;Específica;Articular campañas comerciales con Canales Digitales y Sucursales.;Campañas Ejecutadas Multicanal;12,5
Estrategia Comercial Y Propuesta De Valor;Segmento Empresas;GD;Sgp Negocio > Segmento Empresas > Estrategia Comercial Y Propuesta De Valor;4.0;0;No;Táctico;Diseñar, evaluar y actualizar la propuesta de valor del Segmento Empresas, asegurando su alineación con la estrategia comercial del banco, los objetivos institucionales y la mejora continua de la experiencia del cliente, mediante el análisis de segmentos productivos, el diseño de soluciones comerciales innovadoras y la coordinación de acciones multicanal.;Específica;Diseñar indicadores de éxito de las propuestas y supervisar su medición.;Tablero de Seguimiento Estratégico;12,5
Head De Segmentos;Segmento Personas;GD;Sgp Negocio > Segmento Personas > Head De Segmentos;4.0;0;No;Táctico;Coordinar y supervisar el desempeño comercial de los subsegmentos del Segmento Personas, asegurando la ejecución táctica alineada a la estrategia, el cumplimiento de objetivos comerciales y la mejora continua de la propuesta de valor para cada grupo objetivo.;Genérica;Supervisar y analizar el desempeño comercial por subsegmento. Detectar desvíos y oportunidades, proponer acciones correctivas y articular la implementación con áreas transversales.;Informe de Performance Comercial Consolidado;
Head De Segmentos;Segmento Personas;GD;Sgp Negocio > Segmento Personas > Head De Segmentos;4.0;0;No;Táctico;Coordinar y supervisar el desempeño comercial de los subsegmentos del Segmento Personas, asegurando la ejecución táctica alineada a la estrategia, el cumplimiento de objetivos comerciales y la mejora continua de la propuesta de valor para cada grupo objetivo.;Específica;Monitorear el cumplimiento de los objetivos comerciales por subsegmento.;Tablero de Seguimiento Comercial;20
Head De Segmentos;Segmento Personas;GD;Sgp Negocio > Segmento Personas > Head De Segmentos;4.0;0;No;Táctico;Coordinar y supervisar el desempeño comercial de los subsegmentos del Segmento Personas, asegurando la ejecución táctica alineada a la estrategia, el cumplimiento de objetivos comerciales y la mejora continua de la propuesta de valor para cada grupo objetivo.;Específica;Coordinar tácticamente la ejecución de acciones comerciales según prioridades y desvíos.;Acciones Comerciales Ejecutadas;20
Head De Segmentos;Segmento Personas;GD;Sgp Negocio > Segmento Personas > Head De Segmentos;4.0;0;No;Táctico;Coordinar y supervisar el desempeño comercial de los subsegmentos del Segmento Personas, asegurando la ejecución táctica alineada a la estrategia, el cumplimiento de objetivos comerciales y la mejora continua de la propuesta de valor para cada grupo objetivo.;Específica;Integrar y reportar resultados comerciales por subsegmento, identificando patrones de mejora o riesgo.;Reporte de Gestión Comercial Integrado;20
Head De Segmentos;Segmento Personas;GD;Sgp Negocio > Segmento Personas > Head De Segmentos;3.0;0;Sí;Estratégico;Coordinar y supervisar el desempeño comercial de los subsegmentos del Segmento Personas, asegurando la ejecución táctica alineada a la estrategia, el cumplimiento de objetivos comerciales y la mejora continua de la propuesta de valor para cada grupo objetivo.;Genérica;Coordinar a los equipos responsables de cada subsegmento, asegurando alineación táctica, coherencia operativa y cumplimiento de metas.;Plan de Gestión por Subsegmento;
Head De Segmentos;Segmento Personas;GD;Sgp Negocio > Segmento Personas > Head De Segmentos;3.0;0;Sí;Estratégico;Coordinar y supervisar el desempeño comercial de los subsegmentos del Segmento Personas, asegurando la ejecución táctica alineada a la estrategia, el cumplimiento de objetivos comerciales y la mejora continua de la propuesta de valor para cada grupo objetivo.;Específica;Asegurar el alineamiento estratégico de todos los subsegmentos con la visión general del Segmento Personas.;Informe de Alineamiento Estratégico;20
Head De Segmentos;Segmento Personas;GD;Sgp Negocio > Segmento Personas > Head De Segmentos;3.0;0;Sí;Estratégico;Coordinar y supervisar el desempeño comercial de los subsegmentos del Segmento Personas, asegurando la ejecución táctica alineada a la estrategia, el cumplimiento de objetivos comerciales y la mejora continua de la propuesta de valor para cada grupo objetivo.;Específica;Evaluar y retroalimentar propuestas de valor y resultados comerciales para cada subsegmento.;Propuestas Mejoradas por Subsegmento;20
Head De Segmentos;Segmento Empresas;GD;Sgp Negocio > Segmento Empresas > Head De Segmentos;4.0;0;No;Táctico;Coordinar y supervisar el desempeño comercial de los subsegmentos del Segmento Empresas, asegurando el cumplimiento de objetivos comerciales, la ejecución táctica alineada a la estrategia del banco y la articulación de acciones correctivas y de mejora con las áreas clave como Productos, Canales y Regiones.;Genérica;Monitorear la performance comercial de cada subsegmento del Segmento Empresas, identificar desvíos y oportunidades, y proponer acciones de ajuste.;Informe Consolidado de Gestión Comercial;
Head De Segmentos;Segmento Empresas;GD;Sgp Negocio > Segmento Empresas > Head De Segmentos;4.0;0;No;Táctico;Coordinar y supervisar el desempeño comercial de los subsegmentos del Segmento Empresas, asegurando el cumplimiento de objetivos comerciales, la ejecución táctica alineada a la estrategia del banco y la articulación de acciones correctivas y de mejora con las áreas clave como Productos, Canales y Regiones.;Específica;Monitorear cumplimiento de objetivos comerciales por subsegmento y generar reportes ejecutivos.;;
Head De Segmentos;Segmento Empresas;GD;Sgp Negocio > Segmento Empresas > Head De Segmentos;4.0;0;No;Táctico;Coordinar y supervisar el desempeño comercial de los subsegmentos del Segmento Empresas, asegurando el cumplimiento de objetivos comerciales, la ejecución táctica alineada a la estrategia del banco y la articulación de acciones correctivas y de mejora con las áreas clave como Productos, Canales y Regiones.;Específica;Proponer tácticas correctivas e impulsar acciones comerciales según desvíos.;Plan de Mejora Comercial por Subsegmento;12,5
Head De Segmentos;Segmento Empresas;GD;Sgp Negocio > Segmento Empresas > Head De Segmentos;4.0;0;No;Táctico;Coordinar y supervisar el desempeño comercial de los subsegmentos del Segmento Empresas, asegurando el cumplimiento de objetivos comerciales, la ejecución táctica alineada a la estrategia del banco y la articulación de acciones correctivas y de mejora con las áreas clave como Productos, Canales y Regiones.;Específica;Articular con otras áreas las acciones requeridas para el cumplimiento de metas comerciales.;Acciones Comerciales Coordinadas;12,5
Head De Segmentos;Segmento Empresas;GD;Sgp Negocio > Segmento Empresas > Head De Segmentos;4.0;0;No;Táctico;Coordinar y supervisar el desempeño comercial de los subsegmentos del Segmento Empresas, asegurando el cumplimiento de objetivos comerciales, la ejecución táctica alineada a la estrategia del banco y la articulación de acciones correctivas y de mejora con las áreas clave como Productos, Canales y Regiones.;Genérica;Coordinar la ejecución táctica de acciones transversales con canales, productos, marketing y regiones.;Tablero Integrado de Performance;
Head De Segmentos;Segmento Empresas;GD;Sgp Negocio > Segmento Empresas > Head De Segmentos;4.0;0;No;Táctico;Coordinar y supervisar el desempeño comercial de los subsegmentos del Segmento Empresas, asegurando el cumplimiento de objetivos comerciales, la ejecución táctica alineada a la estrategia del banco y la articulación de acciones correctivas y de mejora con las áreas clave como Productos, Canales y Regiones.;Específica;Articular con otras áreas acciones requeridas para el cumplimiento de metas comerciales.;Acciones Comerciales Coordinadas;12,5
Head De Segmentos;Segmento Empresas;GD;Sgp Negocio > Segmento Empresas > Head De Segmentos;4.0;0;No;Táctico;Coordinar y supervisar el desempeño comercial de los subsegmentos del Segmento Empresas, asegurando el cumplimiento de objetivos comerciales, la ejecución táctica alineada a la estrategia del banco y la articulación de acciones correctivas y de mejora con las áreas clave como Productos, Canales y Regiones.;Específica;Consolidar e interpretar datos de performance comercial con foco en oportunidades de mejora.;Reporte de Desempeño Comercial;12,5
Head De Segmentos;Segmento Empresas;GD;Sgp Negocio > Segmento Empresas > Head De Segmentos;4.0;0;No;Táctico;Coordinar y supervisar el desempeño comercial de los subsegmentos del Segmento Empresas, asegurando el cumplimiento de objetivos comerciales, la ejecución táctica alineada a la estrategia del banco y la articulación de acciones correctivas y de mejora con las áreas clave como Productos, Canales y Regiones.;Específica;Identificar tendencias comerciales por subsegmento y recomendar acciones futuras.;Recomendaciones de Gestión Comercial;12,5
Head De Segmentos;Segmento Empresas;GD;Sgp Negocio > Segmento Empresas > Head De Segmentos;4.0;0;No;Táctico;Coordinar y supervisar el desempeño comercial de los subsegmentos del Segmento Empresas, asegurando el cumplimiento de objetivos comerciales, la ejecución táctica alineada a la estrategia del banco y la articulación de acciones correctivas y de mejora con las áreas clave como Productos, Canales y Regiones.;Específica;Validar consistencia entre estrategia, segmentación y ejecución en los subsegmentos.;Informe de Alineación Táctica;12,5
Head De Segmentos;Segmento Empresas;GD;Sgp Negocio > Segmento Empresas > Head De Segmentos;4.0;0;No;Táctico;Coordinar y supervisar el desempeño comercial de los subsegmentos del Segmento Empresas, asegurando el cumplimiento de objetivos comerciales, la ejecución táctica alineada a la estrategia del banco y la articulación de acciones correctivas y de mejora con las áreas clave como Productos, Canales y Regiones.;Específica;Acompañar lanzamientos de productos o campañas comerciales dirigidas a subsegmentos.;Apoyo en Ejecución Comercial Segmentada;12,5
Head De Segmentos;Segmento Empresas;GD;Sgp Negocio > Segmento Empresas > Head De Segmentos;4.0;0;No;Táctico;Coordinar y supervisar el desempeño comercial de los subsegmentos del Segmento Empresas, asegurando el cumplimiento de objetivos comerciales, la ejecución táctica alineada a la estrategia del banco y la articulación de acciones correctivas y de mejora con las áreas clave como Productos, Canales y Regiones.;Específica;Supervisar la adopción de herramientas de seguimiento por parte de las áreas bajo su influencia.;Informe de Adopción de Herramientas;12,5
Inteligencia Comercial;Segmento Personas;SGD;Sgp Negocio > Segmento Personas > Inteligencia Comercial;4.0;0;No;Táctico;Brindar soporte analítico, segmentado y predictivo al Segmento Personas, a través de la visualización de datos comerciales, la identificación de oportunidades de negocio y la generación de insights que contribuyan a la eficiencia, alineación estratégica y mejora continua de la gestión comercial.;Genérica;Diseñar e implementar tableros comerciales que permitan monitorear la gestión del segmento y sus subsegmentos.;Tablero Comercial Integrado;
Inteligencia Comercial;Segmento Personas;SGD;Sgp Negocio > Segmento Personas > Inteligencia Comercial;4.0;0;No;Táctico;Brindar soporte analítico, segmentado y predictivo al Segmento Personas, a través de la visualización de datos comerciales, la identificación de oportunidades de negocio y la generación de insights que contribuyan a la eficiencia, alineación estratégica y mejora continua de la gestión comercial.;Específica;Construir dashboards de gestión comercial, indicadores clave y paneles de monitoreo.;Dashboards de Gestión Comercial;12,5
Inteligencia Comercial;Segmento Personas;SGD;Sgp Negocio > Segmento Personas > Inteligencia Comercial;4.0;0;No;Táctico;Brindar soporte analítico, segmentado y predictivo al Segmento Personas, a través de la visualización de datos comerciales, la identificación de oportunidades de negocio y la generación de insights que contribuyan a la eficiencia, alineación estratégica y mejora continua de la gestión comercial.;Específica;Detectar oportunidades mediante análisis de comportamiento de clientes, canales y productos.;Alertas y Oportunidades Comerciales;12,5
Inteligencia Comercial;Segmento Personas;SGD;Sgp Negocio > Segmento Personas > Inteligencia Comercial;4.0;0;No;Táctico;Brindar soporte analítico, segmentado y predictivo al Segmento Personas, a través de la visualización de datos comerciales, la identificación de oportunidades de negocio y la generación de insights que contribuyan a la eficiencia, alineación estratégica y mejora continua de la gestión comercial.;Específica;Ejecutar segmentaciones avanzadas de clientes, productos y geografías.;Modelos de Segmentación Comercial;12,5
Inteligencia Comercial;Segmento Personas;SGD;Sgp Negocio > Segmento Personas > Inteligencia Comercial;4.0;0;No;Analítico;Brindar soporte analítico, segmentado y predictivo al Segmento Personas, a través de la visualización de datos comerciales, la identificación de oportunidades de negocio y la generación de insights que contribuyan a la eficiencia, alineación estratégica y mejora continua de la gestión comercial.;Genérica;Consolidar información de performance comercial y generar reportes estratégicos segmentados.;Reportes de Inteligencia Comercial;
Inteligencia Comercial;Segmento Personas;SGD;Sgp Negocio > Segmento Personas > Inteligencia Comercial;4.0;0;No;Analítico;Brindar soporte analítico, segmentado y predictivo al Segmento Personas, a través de la visualización de datos comerciales, la identificación de oportunidades de negocio y la generación de insights que contribuyan a la eficiencia, alineación estratégica y mejora continua de la gestión comercial.;Específica;Elaborar modelos de propensión, scoring y predicción de comportamiento;Modelos de Scoring y Propensión;12,5
Inteligencia Comercial;Segmento Personas;SGD;Sgp Negocio > Segmento Personas > Inteligencia Comercial;4.0;0;No;Analítico;Brindar soporte analítico, segmentado y predictivo al Segmento Personas, a través de la visualización de datos comerciales, la identificación de oportunidades de negocio y la generación de insights que contribuyan a la eficiencia, alineación estratégica y mejora continua de la gestión comercial.;Específica;Realizar análisis multivariado y estudios ad hoc para decisiones comerciales.;Estudios e Insights por Segmento;12,5
Inteligencia Comercial;Segmento Personas;SGD;Gerencia General > Sgp Clientes > Segmento Personas > Inteligencia Comercial;4.0;0;No;Analítico;Brindar soporte analítico, segmentado y predictivo al Segmento Personas, a través de la visualización de datos comerciales, la identificación de oportunidades de negocio y la generación de insights que contribuyan a la eficiencia, alineación estratégica y mejora continua de la gestión comercial.;Genérica;Aplicar modelos de análisis predictivo y segmentación para identificar desvíos, oportunidades y patrones de comportamiento.;Modelos y Alertas de Decisión Comercial;
Inteligencia Comercial;Segmento Personas;SGD;Gerencia General > Sgp Clientes > Segmento Personas > Inteligencia Comercial;4.0;0;No;Analítico;Brindar soporte analítico, segmentado y predictivo al Segmento Personas, a través de la visualización de datos comerciales, la identificación de oportunidades de negocio y la generación de insights que contribuyan a la eficiencia, alineación estratégica y mejora continua de la gestión comercial.;Específica;Generar reportes de performance de campañas, productos y subsegmentos con foco en eficiencia y mejora.;Informes de Performance Segmentada;37,5
Inteligencia Comercial;Segmento Empresas;SGD;Sgp Negocio > Segmento Empresas > Inteligencia Comercial;4.0;0;No;Táctico;Brindar soporte analítico y estratégico al Segmento Empresas mediante el procesamiento, análisis y visualización de datos comerciales. Identificar oportunidades de negocio, generar modelos predictivos, realizar benchmarking competitivo y promover la eficiencia en la toma de decisiones comerciales.;Genérica;Elaborar informes de performance comercial, análisis de comportamiento de empresas, y modelos de segmentación que respalden decisiones de negocio.;Informes de Inteligencia Comercial para Empresas;
Inteligencia Comercial;Segmento Empresas;SGD;Sgp Negocio > Segmento Empresas > Inteligencia Comercial;4.0;0;No;Táctico;Brindar soporte analítico y estratégico al Segmento Empresas mediante el procesamiento, análisis y visualización de datos comerciales. Identificar oportunidades de negocio, generar modelos predictivos, realizar benchmarking competitivo y promover la eficiencia en la toma de decisiones comerciales.;Específica;Construir tableros de seguimiento para la gestión comercial del segmento Empresas.;Tableros de Performance Comercial;12,5
Inteligencia Comercial;Segmento Empresas;SGD;Sgp Negocio > Segmento Empresas > Inteligencia Comercial;4.0;0;No;Táctico;Brindar soporte analítico y estratégico al Segmento Empresas mediante el procesamiento, análisis y visualización de datos comerciales. Identificar oportunidades de negocio, generar modelos predictivos, realizar benchmarking competitivo y promover la eficiencia en la toma de decisiones comerciales.;Específica;Analizar comportamientos comerciales y detectar oportunidades de gestión empresarial.;Oportunidades Comerciales Segmentadas;12,5
Inteligencia Comercial;Segmento Empresas;SGD;Sgp Negocio > Segmento Empresas > Inteligencia Comercial;4.0;0;No;Táctico;Brindar soporte analítico y estratégico al Segmento Empresas mediante el procesamiento, análisis y visualización de datos comerciales. Identificar oportunidades de negocio, generar modelos predictivos, realizar benchmarking competitivo y promover la eficiencia en la toma de decisiones comerciales.;Específica;Desarrollar modelos analíticos de segmentación y comportamiento empresarial.;Modelos Predictivos y Segmentación;12,5
Inteligencia Comercial;Segmento Empresas;SGD;Gerencia General > Sgp Clientes > Segmento Empresas > Inteligencia Comercial;4.0;0;No;Analítico;Brindar soporte analítico y estratégico al Segmento Empresas mediante el procesamiento, análisis y visualización de datos comerciales. Identificar oportunidades de negocio, generar modelos predictivos, realizar benchmarking competitivo y promover la eficiencia en la toma de decisiones comerciales.;Genérica;Construir tableros y reportes por segmento, industria y producto;Dashboard Comercial Empresas;
Inteligencia Comercial;Segmento Empresas;SGD;Gerencia General > Sgp Clientes > Segmento Empresas > Inteligencia Comercial;4.0;0;No;Analítico;Brindar soporte analítico y estratégico al Segmento Empresas mediante el procesamiento, análisis y visualización de datos comerciales. Identificar oportunidades de negocio, generar modelos predictivos, realizar benchmarking competitivo y promover la eficiencia en la toma de decisiones comerciales.;Específica;Elaborar reportes periódicos de performance de campañas y productos.;Informes de Efectividad Comercial;12,5
Inteligencia Comercial;Segmento Empresas;SGD;Gerencia General > Sgp Clientes > Segmento Empresas > Inteligencia Comercial;4.0;0;No;Analítico;Brindar soporte analítico y estratégico al Segmento Empresas mediante el procesamiento, análisis y visualización de datos comerciales. Identificar oportunidades de negocio, generar modelos predictivos, realizar benchmarking competitivo y promover la eficiencia en la toma de decisiones comerciales.;Genérica;Realizar benchmarking de performance comercial vs. bancos pares;Informe de Competencia;
Inteligencia Comercial;Segmento Empresas;SGD;Gerencia General > Sgp Clientes > Segmento Empresas > Inteligencia Comercial;4.0;0;No;Analítico;Brindar soporte analítico y estratégico al Segmento Empresas mediante el procesamiento, análisis y visualización de datos comerciales. Identificar oportunidades de negocio, generar modelos predictivos, realizar benchmarking competitivo y promover la eficiencia en la toma de decisiones comerciales.;Específica;Analizar rentabilidad por cliente, tipo de empresa y producto;y sugerir ajustes en la oferta.;Modelo de Rentabilidad de Clientes
Inteligencia Comercial;Segmento Empresas;SGD;Sgp Negocio > Segmento Empresas > Inteligencia Comercial;4.0;0;No;Táctico;Brindar soporte analítico y estratégico al Segmento Empresas mediante el procesamiento, análisis y visualización de datos comerciales. Identificar oportunidades de negocio, generar modelos predictivos, realizar benchmarking competitivo y promover la eficiencia en la toma de decisiones comerciales.;Específica;Identificar desvíos y proponer ajustes mediante modelos analíticos aplicados.;Reporte de Desvíos Comerciales;12,5
Inteligencia Comercial;Segmento Empresas;SGD;Sgp Negocio > Segmento Empresas > Inteligencia Comercial;4.0;0;No;Táctico;Brindar soporte analítico y estratégico al Segmento Empresas mediante el procesamiento, análisis y visualización de datos comerciales. Identificar oportunidades de negocio, generar modelos predictivos, realizar benchmarking competitivo y promover la eficiencia en la toma de decisiones comerciales.;Específica;Generar recomendaciones accionables para estrategias de fidelización o desarrollo de cuentas clave.;Recomendaciones para Gestión de Clientes;12,5
Inteligencia Comercial;Segmento Empresas;SGD;Sgp Negocio > Segmento Empresas > Inteligencia Comercial;4.0;0;No;Táctico;Brindar soporte analítico y estratégico al Segmento Empresas mediante el procesamiento, análisis y visualización de datos comerciales. Identificar oportunidades de negocio, generar modelos predictivos, realizar benchmarking competitivo y promover la eficiencia en la toma de decisiones comerciales.;Específica;Realizar estudios ad hoc según requerimientos del segmento o gerencia general.;Estudios Comerciales Especiales;12,5
Comunicaciones Y Eventos;Segmento Personas;SGD;Sgp Negocio > Segmento Personas > Comunicaciones Y Eventos;4.0;0;No;Táctico;Diseñar, planificar y ejecutar campañas de comunicación y eventos institucionales para el Segmento Personas, fortaleciendo el vínculo con los públicos objetivos, posicionando la propuesta de valor del Banco Nación e impulsando su imagen institucional con una mirada coordinada, multicanal y centrada en el cliente.;Genérica;Coordinar el diseño de campañas de comunicación para el segmento, articulando con Marketing, Canales y Productos.;Plan de Comunicación del Segmento Personas;
Comunicaciones Y Eventos;Segmento Personas;SGD;Sgp Negocio > Segmento Personas > Comunicaciones Y Eventos;4.0;0;No;Táctico;Diseñar, planificar y ejecutar campañas de comunicación y eventos institucionales para el Segmento Personas, fortaleciendo el vínculo con los públicos objetivos, posicionando la propuesta de valor del Banco Nación e impulsando su imagen institucional con una mirada coordinada, multicanal y centrada en el cliente.;Específica;Diseñar e implementar campañas de comunicación específicas para el segmento.;Campañas Comunicacionales Ejecutadas;12,5
Comunicaciones Y Eventos;Segmento Personas;SGD;Sgp Negocio > Segmento Personas > Comunicaciones Y Eventos;4.0;0;No;Táctico;Diseñar, planificar y ejecutar campañas de comunicación y eventos institucionales para el Segmento Personas, fortaleciendo el vínculo con los públicos objetivos, posicionando la propuesta de valor del Banco Nación e impulsando su imagen institucional con una mirada coordinada, multicanal y centrada en el cliente.;Específica;Coordinar la planificación y logística de eventos promocionales o institucionales.;Eventos Ejecutados;12,5
Comunicaciones Y Eventos;Segmento Personas;SGD;Sgp Negocio > Segmento Personas > Comunicaciones Y Eventos;4.0;0;No;Táctico;Diseñar, planificar y ejecutar campañas de comunicación y eventos institucionales para el Segmento Personas, fortaleciendo el vínculo con los públicos objetivos, posicionando la propuesta de valor del Banco Nación e impulsando su imagen institucional con una mirada coordinada, multicanal y centrada en el cliente.;Específica;Gestionar la articulación con otras áreas para acciones comunicacionales integradas.;Campañas Coordinadas Multicanal;12,5
Comunicaciones Y Eventos;Segmento Personas;SGD;Sgp Negocio > Segmento Personas > Comunicaciones Y Eventos;4.0;0;No;Operativo;Diseñar, planificar y ejecutar campañas de comunicación y eventos institucionales para el Segmento Personas, fortaleciendo el vínculo con los públicos objetivos, posicionando la propuesta de valor del Banco Nación e impulsando su imagen institucional con una mirada coordinada, multicanal y centrada en el cliente.;Genérica;Diseñar y ejecutar acciones institucionales y eventos promocionales para posicionar la propuesta de valor.;Agenda de Eventos y Activaciones Institucionales;
Comunicaciones Y Eventos;Segmento Personas;SGD;Sgp Negocio > Segmento Personas > Comunicaciones Y Eventos;4.0;0;No;Operativo;Diseñar, planificar y ejecutar campañas de comunicación y eventos institucionales para el Segmento Personas, fortaleciendo el vínculo con los públicos objetivos, posicionando la propuesta de valor del Banco Nación e impulsando su imagen institucional con una mirada coordinada, multicanal y centrada en el cliente.;Específica;Diseñar piezas de comunicación para el segmento Personas en coordinación con Marketing.;Piezas Aprobadas;12,5
Comunicaciones Y Eventos;Segmento Personas;SGD;Sgp Negocio > Segmento Personas > Comunicaciones Y Eventos;4.0;0;No;Operativo;Diseñar, planificar y ejecutar campañas de comunicación y eventos institucionales para el Segmento Personas, fortaleciendo el vínculo con los públicos objetivos, posicionando la propuesta de valor del Banco Nación e impulsando su imagen institucional con una mirada coordinada, multicanal y centrada en el cliente.;Específica;Coordinar eventos institucionales, alianzas y acciones de cercanía con el público objetivo.;Agenda de Eventos Ejecutados;12,5
Comunicaciones Y Eventos;Segmento Personas;SGD;Gerencia General > Sgp Clientes > Segmento Personas > Comunicaciones Y Eventos;4.0;0;No;Táctico;Diseñar, planificar y ejecutar campañas de comunicación y eventos institucionales para el Segmento Personas, fortaleciendo el vínculo con los públicos objetivos, posicionando la propuesta de valor del Banco Nación e impulsando su imagen institucional con una mirada coordinada, multicanal y centrada en el cliente.;Genérica;Gestionar la integración multicanal de mensajes y piezas comunicacionales, alineando tono, formato y objetivos.;Campañas Integradas Multicanal;
Comunicaciones Y Eventos;Segmento Personas;SGD;Gerencia General > Sgp Clientes > Segmento Personas > Comunicaciones Y Eventos;4.0;0;No;Táctico;Diseñar, planificar y ejecutar campañas de comunicación y eventos institucionales para el Segmento Personas, fortaleciendo el vínculo con los públicos objetivos, posicionando la propuesta de valor del Banco Nación e impulsando su imagen institucional con una mirada coordinada, multicanal y centrada en el cliente.;Específica;Gestionar calendario de activaciones comerciales y presencia institucional.;Informe de Activaciones y Eventos Ejecutados;37,5
Comunicaciones Y Eventos;Segmento Empresas;SGD;Sgp Negocio > Segmento Empresas > Comunicaciones Y Eventos;4.0;0;No;Táctico;Coordinar y ejecutar acciones de comunicación y eventos institucionales para el Segmento Empresas, fortaleciendo el posicionamiento del banco frente al ecosistema empresarial, promoviendo vínculos con clientes de alto valor, difundiendo la propuesta de valor y consolidando la imagen institucional del banco.;Genérica;Diseñar campañas comunicacionales específicas para empresas. Coordinar eventos de relacionamiento, ferias y encuentros corporativos. Integrar esfuerzos con Marketing y otras áreas del banco para una estrategia coherente.;Plan de Comunicación y Eventos para el Segmento Empresas;
Comunicaciones Y Eventos;Segmento Empresas;SGD;Gerencia General > Sgp Clientes > Segmento Empresas > Comunicaciones Y Eventos;4.0;0;No;Táctico;Coordinar y ejecutar acciones de comunicación y eventos institucionales para el Segmento Empresas, fortaleciendo el posicionamiento del banco frente al ecosistema empresarial, promoviendo vínculos con clientes de alto valor, difundiendo la propuesta de valor y consolidando la imagen institucional del banco.;Genérica;Diseñar piezas de comunicación institucional y coordinar la agenda de actividades dirigidas a empresas.;Agenda de Comunicación Institucional;
Comunicaciones Y Eventos;Segmento Empresas;SGD;Gerencia General > Sgp Clientes > Segmento Empresas > Comunicaciones Y Eventos;4.0;0;No;Táctico;Coordinar y ejecutar acciones de comunicación y eventos institucionales para el Segmento Empresas, fortaleciendo el posicionamiento del banco frente al ecosistema empresarial, promoviendo vínculos con clientes de alto valor, difundiendo la propuesta de valor y consolidando la imagen institucional del banco.;Genérica;Producir materiales institucionales y kits de relacionamiento para clientes estratégicos y empresas relevantes.;Kit de Relacionamiento Institucional;
Comunicaciones Y Eventos;Segmento Empresas;SGD;Sgp Negocio > Segmento Empresas > Comunicaciones Y Eventos;4.0;0;No;Táctico;Coordinar y ejecutar acciones de comunicación y eventos institucionales para el Segmento Empresas, fortaleciendo el posicionamiento del banco frente al ecosistema empresarial, promoviendo vínculos con clientes de alto valor, difundiendo la propuesta de valor y consolidando la imagen institucional del banco.;Específica;Diseñar campañas de comunicación adaptadas al perfil de empresas y sectores productivos.;Campañas Comunicacionales Ejecutadas;12,5
Comunicaciones Y Eventos;Segmento Empresas;SGD;Sgp Negocio > Segmento Empresas > Comunicaciones Y Eventos;4.0;0;No;Táctico;Coordinar y ejecutar acciones de comunicación y eventos institucionales para el Segmento Empresas, fortaleciendo el posicionamiento del banco frente al ecosistema empresarial, promoviendo vínculos con clientes de alto valor, difundiendo la propuesta de valor y consolidando la imagen institucional del banco.;Específica;Planificar eventos institucionales y comerciales orientados a empresas.;Eventos Corporativos Realizados;12,5
Comunicaciones Y Eventos;Segmento Empresas;SGD;Sgp Negocio > Segmento Empresas > Comunicaciones Y Eventos;4.0;0;No;Táctico;Coordinar y ejecutar acciones de comunicación y eventos institucionales para el Segmento Empresas, fortaleciendo el posicionamiento del banco frente al ecosistema empresarial, promoviendo vínculos con clientes de alto valor, difundiendo la propuesta de valor y consolidando la imagen institucional del banco.;Específica;Gestionar la articulación con otras áreas para asegurar acciones de comunicación coherentes y multicanal.;Campañas Coordinadas Multisegmento;12,5
Comunicaciones Y Eventos;Segmento Empresas;SGD;Sgp Negocio > Segmento Empresas > Comunicaciones Y Eventos;4.0;0;No;Táctico;Coordinar y ejecutar acciones de comunicación y eventos institucionales para el Segmento Empresas, fortaleciendo el posicionamiento del banco frente al ecosistema empresarial, promoviendo vínculos con clientes de alto valor, difundiendo la propuesta de valor y consolidando la imagen institucional del banco.;Específica;Organizar eventos comerciales, foros sectoriales y rondas empresariales que involucren al banco.;Evento Ejecutado / Informe Post-Evento;12,5
Comunicaciones Y Eventos;Segmento Empresas;SGD;Sgp Negocio > Segmento Empresas > Comunicaciones Y Eventos;4.0;0;No;Táctico;Coordinar y ejecutar acciones de comunicación y eventos institucionales para el Segmento Empresas, fortaleciendo el posicionamiento del banco frente al ecosistema empresarial, promoviendo vínculos con clientes de alto valor, difundiendo la propuesta de valor y consolidando la imagen institucional del banco.;Específica;Gestionar invitaciones y asegurar presencia institucional en eventos clave del ecosistema empresarial.;Registro de Participación Institucional;12,5
Comunicaciones Y Eventos;Segmento Empresas;SGD;Sgp Negocio > Segmento Empresas > Comunicaciones Y Eventos;4.0;0;No;Táctico;Coordinar y ejecutar acciones de comunicación y eventos institucionales para el Segmento Empresas, fortaleciendo el posicionamiento del banco frente al ecosistema empresarial, promoviendo vínculos con clientes de alto valor, difundiendo la propuesta de valor y consolidando la imagen institucional del banco.;Específica;Coordinar piezas visuales y materiales promocionales para difusión en eventos y medios digitales.;Material Institucional Validado;12,5
Comunicaciones Y Eventos;Segmento Empresas;SGD;Sgp Negocio > Segmento Empresas > Comunicaciones Y Eventos;4.0;0;No;Táctico;Coordinar y ejecutar acciones de comunicación y eventos institucionales para el Segmento Empresas, fortaleciendo el posicionamiento del banco frente al ecosistema empresarial, promoviendo vínculos con clientes de alto valor, difundiendo la propuesta de valor y consolidando la imagen institucional del banco.;Específica;Supervisar el cumplimiento del plan de comunicación anual y realizar ajustes según performance.;Informe de Cumplimiento de Agenda;12,5
Comunicaciones Y Eventos;Segmento Empresas;SGD;Sgp Negocio > Segmento Empresas > Comunicaciones Y Eventos;4.0;0;No;Táctico;Coordinar y ejecutar acciones de comunicación y eventos institucionales para el Segmento Empresas, fortaleciendo el posicionamiento del banco frente al ecosistema empresarial, promoviendo vínculos con clientes de alto valor, difundiendo la propuesta de valor y consolidando la imagen institucional del banco.;Específica;Analizar resultados de campañas y eventos mediante métricas de impacto y engagement.;Reporte de Resultados de Comunicación;12,5
Activos;Productos;SGD;Sgp Negocio > Productos > Activos;4.0;0;No;Táctico;Diseñar, gestionar y optimizar los productos activos del banco, incluyendo créditos y préstamos, asegurando su alineación con las necesidades de los segmentos, la rentabilidad institucional y la estrategia comercial, mediante el análisis del mercado, el diseño financiero y la coordinación de su colocación y promoción.;Genérica;Coordinar el ciclo de vida de los productos activos. Analizar mercado, regulaciones y rentabilidad.;Portafolio de Productos Activos Vigente;
Activos;Productos;SGD;Sgp Negocio > Productos > Activos;4.0;0;No;Táctico;Diseñar, gestionar y optimizar los productos activos del banco, incluyendo créditos y préstamos, asegurando su alineación con las necesidades de los segmentos, la rentabilidad institucional y la estrategia comercial, mediante el análisis del mercado, el diseño financiero y la coordinación de su colocación y promoción.;Específica;Diseñar condiciones financieras y operativas para préstamos.;Condiciones de Productos Activos;16,67
Activos;Productos;SGD;Sgp Negocio > Productos > Activos;4.0;0;No;Táctico;Diseñar, gestionar y optimizar los productos activos del banco, incluyendo créditos y préstamos, asegurando su alineación con las necesidades de los segmentos, la rentabilidad institucional y la estrategia comercial, mediante el análisis del mercado, el diseño financiero y la coordinación de su colocación y promoción.;Específica;Monitorear la colocación, riesgo y rentabilidad de productos activos.;Informe de Gestión de Activos;16,67
Activos;Productos;SGD;Sgp Negocio > Productos > Activos;4.0;0;No;Táctico;Diseñar, gestionar y optimizar los productos activos del banco, incluyendo créditos y préstamos, asegurando su alineación con las necesidades de los segmentos, la rentabilidad institucional y la estrategia comercial, mediante el análisis del mercado, el diseño financiero y la coordinación de su colocación y promoción.;Específica;Coordinar acciones comerciales y comunicacionales con otras áreas.;Campañas de Difusión y Promoción;16,67
Activos;Productos;SGD;Sgp Negocio > Productos > Activos;4.0;0;No;Táctico;Diseñar, gestionar y optimizar los productos activos del banco, incluyendo créditos y préstamos, asegurando su alineación con las necesidades de los segmentos, la rentabilidad institucional y la estrategia comercial, mediante el análisis del mercado, el diseño financiero y la coordinación de su colocación y promoción.;Genérica;Diseñar, ajustar y actualizar productos activos (préstamos, créditos, líneas especiales), asegurando su adecuación estratégica y operativa. Coordinar su implementación con canales y marketing.;Portafolio de Productos Activos Actualizado;
Activos;Productos;SGD;Sgp Negocio > Productos > Activos;4.0;0;No;Táctico;Diseñar, gestionar y optimizar los productos activos del banco, incluyendo créditos y préstamos, asegurando su alineación con las necesidades de los segmentos, la rentabilidad institucional y la estrategia comercial, mediante el análisis del mercado, el diseño financiero y la coordinación de su colocación y promoción.;Específica;Diseñar productos de crédito y actualizar condiciones según estrategia y contexto.;Productos de Crédito Definidos;16,67
Activos;Productos;SGD;Sgp Negocio > Productos > Activos;4.0;0;No;Táctico;Diseñar, gestionar y optimizar los productos activos del banco, incluyendo créditos y préstamos, asegurando su alineación con las necesidades de los segmentos, la rentabilidad institucional y la estrategia comercial, mediante el análisis del mercado, el diseño financiero y la coordinación de su colocación y promoción.;Específica;Evaluar la performance y rentabilidad de los productos activos vigentes.;Reporte de Rentabilidad de Activos;16,67
Activos;Productos;SGD;Sgp Negocio > Productos > Activos;4.0;0;No;Táctico;Diseñar, gestionar y optimizar los productos activos del banco, incluyendo créditos y préstamos, asegurando su alineación con las necesidades de los segmentos, la rentabilidad institucional y la estrategia comercial, mediante el análisis del mercado, el diseño financiero y la coordinación de su colocación y promoción.;Específica;Coordinar acciones con canales y marketing para su difusión y gestión comercial.;Campañas de Promoción de Créditos;16,67
Banca Digital;Canales;GD;Sgp Negocio > Canales > Banca Digital;3.0;0;No;Táctico;Gestionar y evolucionar los canales digitales del banco, garantizando su disponibilidad, usabilidad y alineación con las expectativas de los usuarios y la estrategia digital del banco.;Genérica;Coordinar evolución de Home Banking, App y otros canales digitales. Alinear con segmentos y productos.;Roadmap de Canales Digitales;
Banca Digital;Canales;GD;Sgp Negocio > Canales > Banca Digital;3.0;0;No;Táctico;Gestionar y evolucionar los canales digitales del banco, garantizando su disponibilidad, usabilidad y alineación con las expectativas de los usuarios y la estrategia digital del banco.;Específica;Definir requerimientos y funcionalidades prioritarias para canales digitales.;Matriz de Requerimientos Priorizados;16,67
Banca Digital;Canales;GD;Sgp Negocio > Canales > Banca Digital;3.0;0;No;Táctico;Gestionar y evolucionar los canales digitales del banco, garantizando su disponibilidad, usabilidad y alineación con las expectativas de los usuarios y la estrategia digital del banco.;Específica;Monitorear performance técnica y uso de los canales digitales.;Dashboard de Performance Digital;16,67
Banca Digital;Canales;GD;Sgp Negocio > Canales > Banca Digital;3.0;0;No;Táctico;Gestionar y evolucionar los canales digitales del banco, garantizando su disponibilidad, usabilidad y alineación con las expectativas de los usuarios y la estrategia digital del banco.;Específica;Coordinar con tecnología la evolución técnica de los canales.;Releases Aprobadas;16,67
Banca Digital;Canales;GD;Sgp Negocio > Canales > Banca Digital;4.0;0;No;Táctico;Gestionar y evolucionar los canales digitales del banco, garantizando su disponibilidad, usabilidad y alineación con las expectativas de los usuarios y la estrategia digital del banco.;Genérica;Diseñar y mantener la estrategia de canales digitales. Supervisar la operación de plataformas online. Detectar oportunidades de mejora e innovación en la experiencia digital.;Estrategia de Banca Digital y Tablero de Evolución;
Banca Digital;Canales;GD;Sgp Negocio > Canales > Banca Digital;4.0;0;No;Táctico;Gestionar y evolucionar los canales digitales del banco, garantizando su disponibilidad, usabilidad y alineación con las expectativas de los usuarios y la estrategia digital del banco.;Específica;Diseñar e implementar mejoras continuas en la plataforma de banca digital.;Actualizaciones y Releases de Plataformas;16,67
Banca Digital;Canales;GD;Sgp Negocio > Canales > Banca Digital;4.0;0;No;Táctico;Gestionar y evolucionar los canales digitales del banco, garantizando su disponibilidad, usabilidad y alineación con las expectativas de los usuarios y la estrategia digital del banco.;Específica;Supervisar la operación diaria de canales digitales y resolver incidencias.;Reporte de Operación Digital;16,67
Banca Digital;Canales;GD;Sgp Negocio > Canales > Banca Digital;4.0;0;No;Táctico;Gestionar y evolucionar los canales digitales del banco, garantizando su disponibilidad, usabilidad y alineación con las expectativas de los usuarios y la estrategia digital del banco.;Específica;Identificar oportunidades de innovación y mejoras en la experiencia digital.;Informe de Oportunidades de Mejora;16,67
Coordinación Del Negocio;Coordinación Del Negocio Y Datos;JPD;Sgp Negocio > Coordinación del Negocio y Datos > Coordinación del Negocio;5.0;0;No;Táctico;Coordinar la planificación y gestión operativa del negocio a partir del monitoreo de planes, indicadores y actividades comerciales de las unidades bajo la SG de Negocios.;Genérica;Consolidar indicadores de gestión. Coordinar planes tácticos del negocio. Articular ejecución con áreas soporte.;Tablero de Control del Negocio;
Coordinación Del Negocio;Coordinación Del Negocio Y Datos;JPD;Sgp Negocio > Coordinación del Negocio y Datos > Coordinación del Negocio;5.0;0;No;Táctico;Coordinar la planificación y gestión operativa del negocio a partir del monitoreo de planes, indicadores y actividades comerciales de las unidades bajo la SG de Negocios.;Específica;Monitorear el cumplimiento del plan comercial y coordinar ajustes tácticos.;Informe de Seguimiento Comercial;60
Coordinación Del Negocio;Coordinación Del Negocio Y Datos;JPD;Sgp Negocio > Coordinación del Negocio y Datos > Coordinación del Negocio;5.0;0;No;Táctico;Coordinar la planificación y gestión operativa del negocio a partir del monitoreo de planes, indicadores y actividades comerciales de las unidades bajo la SG de Negocios.;Específica;Articular acciones de mejora con áreas soporte según desvíos detectados.;Planes de Acción Correctiva;40
Data Personas;Coordinación Del Negocio Y Datos;JPD;Sgp Negocio > Coordinación del Negocio y Datos > Data Personas;5.0;0;No;Táctico;Asegurar la calidad, disponibilidad y consistencia de los datos del segmento Personas, facilitando su aprovechamiento para la toma de decisiones comerciales, operativas y estratégicas.;Genérica;Gestionar el modelo de datos y los procesos de carga y mantenimiento vinculados al segmento Personas.;Base de Datos Segmento Personas Consolidada y Validada;
Data Personas;Coordinación Del Negocio Y Datos;JPD;Sgp Negocio > Coordinación del Negocio y Datos > Data Personas;5.0;0;No;Táctico;Asegurar la calidad, disponibilidad y consistencia de los datos del segmento Personas, facilitando su aprovechamiento para la toma de decisiones comerciales, operativas y estratégicas.;Específica;Diseñar estructura de datos, integrar fuentes y asegurar validaciones.;Modelo de Datos de Personas;50
Data Personas;Coordinación Del Negocio Y Datos;JPD;Sgp Negocio > Coordinación del Negocio y Datos > Data Personas;5.0;0;No;Táctico;Asegurar la calidad, disponibilidad y consistencia de los datos del segmento Personas, facilitando su aprovechamiento para la toma de decisiones comerciales, operativas y estratégicas.;Específica;Proveer datos validados y actualizados para uso comercial y analítico.;Dataset Curado de Personas;50
Data Empresas;Coordinación Del Negocio Y Datos;JPD;Sgp Negocio > Coordinación del Negocio y Datos > Data Empresas;5.0;0;No;Táctico;Gestionar la arquitectura, calidad y explotación de los datos del segmento Empresas, garantizando su alineación con las necesidades de análisis, control y decisión del negocio.;Genérica;Gestionar estructura de datos, procesos de carga, calidad y disponibilidad de información del segmento Empresas.;Modelo de Datos Empresariales Estandarizado;
Data Empresas;Coordinación Del Negocio Y Datos;JPD;Sgp Negocio > Coordinación del Negocio y Datos > Data Empresas;5.0;0;No;Táctico;Gestionar la arquitectura, calidad y explotación de los datos del segmento Empresas, garantizando su alineación con las necesidades de análisis, control y decisión del negocio.;Específica;Diseñar e implementar procesos de carga y mantenimiento de datos.;Tablas Actualizadas de Empresas;50
Data Empresas;Coordinación Del Negocio Y Datos;JPD;Sgp Negocio > Coordinación del Negocio y Datos > Data Empresas;5.0;0;No;Táctico;Gestionar la arquitectura, calidad y explotación de los datos del segmento Empresas, garantizando su alineación con las necesidades de análisis, control y decisión del negocio.;Específica;Coordinar validaciones cruzadas y disponibilización de vistas para usuarios internos.;Dashboard de Datos de Empresas;50
Data Canales;Coordinación Del Negocio Y Datos;JPD;Sgp Negocio > Coordinación del Negocio y Datos > Data Canales;5.0;0;No;Táctico;Asegurar el registro, calidad y análisis de datos provenientes de los distintos canales del banco, promoviendo su uso para monitoreo de desempeño, planeamiento y mejora continua.;Genérica;Estandarizar fuentes, integrar métricas y generar vistas operativas y estratégicas.;Modelo Unificado de Datos de Canales;
Data Canales;Coordinación Del Negocio Y Datos;JPD;Sgp Negocio > Coordinación del Negocio y Datos > Data Canales;5.0;0;No;Táctico;Asegurar el registro, calidad y análisis de datos provenientes de los distintos canales del banco, promoviendo su uso para monitoreo de desempeño, planeamiento y mejora continua.;Específica;Integrar datos de atención presencial, digital y remota.;Matriz Consolidada de Canales;50
Data Canales;Coordinación Del Negocio Y Datos;JPD;Sgp Negocio > Coordinación del Negocio y Datos > Data Canales;5.0;0;No;Táctico;Asegurar el registro, calidad y análisis de datos provenientes de los distintos canales del banco, promoviendo su uso para monitoreo de desempeño, planeamiento y mejora continua.;Específica;Construir dashboards de performance para cada canal.;Reportes de Seguimiento de Canales;50
Data Productos, Medios de Pago y Otros;Coordinación Del Negocio Y Datos;JPD;Sgp Negocio > Coordinación del Negocio y Datos > Data Productos, Medios de Pago y Otros;5.0;0;No;Táctico;Diseñar, consolidar y mantener estructuras de datos confiables y alineadas a la operación y toma de decisiones sobre productos, medios de pago y áreas funcionales no segmentadas.;Genérica;Administrar la calidad, modelo y disponibilidad de datos vinculados a productos, medios de pago y otros ámbitos de negocio.;Tablas Maestras y Modelos de Datos Integrados;
Data Productos, Medios de Pago y Otros;Coordinación Del Negocio Y Datos;JPD;Sgp Negocio > Coordinación del Negocio y Datos > Data Productos, Medios de Pago y Otros;5.0;0;No;Táctico;Diseñar, consolidar y mantener estructuras de datos confiables y alineadas a la operación y toma de decisiones sobre productos, medios de pago y áreas funcionales no segmentadas.;Específica;Estandarizar modelos y construir procesos ETL para reportes de gestión.;Estructuras de Datos Automatizadas;60
Data Productos, Medios de Pago y Otros;Coordinación Del Negocio Y Datos;JPD;Sgp Negocio > Coordinación del Negocio y Datos > Data Productos, Medios de Pago y Otros;5.0;0;No;Táctico;Diseñar, consolidar y mantener estructuras de datos confiables y alineadas a la operación y toma de decisiones sobre productos, medios de pago y áreas funcionales no segmentadas.;Específica;Proveer dashboards y datasets para monitoreo operativo y estratégico.;Dashboards para Seguimiento del Negocio;40
Experiencia Del Cliente Y Modelo De Atención;Canales;GD;Sgp Negocio > Canales > Experiencia del Cliente y Modelo de Atención;3.0;0;No;Estratégico;Diseñar e implementar el modelo de atención integral al cliente, fortaleciendo su experiencia y garantizando la consistencia y eficacia en todos los puntos de contacto.;Genérica;Definir lineamientos y protocolos de atención en todos los canales. Evaluar experiencia y proponer mejoras.;Modelo Integral de Atención al Cliente;
Experiencia Del Cliente Y Modelo De Atención;Canales;GD;Sgp Negocio > Canales > Experiencia del Cliente y Modelo de Atención;3.0;0;No;Estratégico;Diseñar e implementar el modelo de atención integral al cliente, fortaleciendo su experiencia y garantizando la consistencia y eficacia en todos los puntos de contacto.;Específica;Desarrollar protocolos de atención omnicanal basados en necesidades del cliente.;Protocolos de Atención Documentados;20
Experiencia Del Cliente Y Modelo De Atención;Canales;GD;Sgp Negocio > Canales > Experiencia del Cliente y Modelo de Atención;3.0;0;No;Estratégico;Diseñar e implementar el modelo de atención integral al cliente, fortaleciendo su experiencia y garantizando la consistencia y eficacia en todos los puntos de contacto.;Específica;Evaluar satisfacción del cliente e identificar oportunidades de mejora.;Informe de Resultados y Recomendaciones;20
Experiencia Del Cliente Y Modelo De Atención;Canales;GD;Sgp Negocio > Canales > Experiencia del Cliente y Modelo de Atención;4.0;0;No;Táctico;Diseñar e implementar el modelo de atención integral al cliente, fortaleciendo su experiencia y garantizando la consistencia y eficacia en todos los puntos de contacto.;Genérica;Establecer lineamientos del modelo de atención multicanal. Identificar fricciones en la experiencia de los clientes. Diseñar iniciativas de mejora y transformación. Coordinar con canales físicos y digitales.;Modelo de Atención Multicanal y Reportes de Experiencia;
Experiencia Del Cliente Y Modelo De Atención;Canales;GD;Sgp Negocio > Canales > Experiencia del Cliente y Modelo de Atención;4.0;0;No;Táctico;Diseñar e implementar el modelo de atención integral al cliente, fortaleciendo su experiencia y garantizando la consistencia y eficacia en todos los puntos de contacto.;Específica;Diseñar e implementar el modelo de atención alineado con los distintos canales.;Modelo de Atención Documentado;20
Experiencia Del Cliente Y Modelo De Atención;Canales;GD;Sgp Negocio > Canales > Experiencia del Cliente y Modelo de Atención;4.0;0;No;Táctico;Diseñar e implementar el modelo de atención integral al cliente, fortaleciendo su experiencia y garantizando la consistencia y eficacia en todos los puntos de contacto.;Específica;Identificar fricciones en la experiencia de atención y proponer soluciones.;Mapa de Fricciones y Planes de Mejora;20
Experiencia Del Cliente Y Modelo De Atención;Canales;GD;Sgp Negocio > Canales > Experiencia del Cliente y Modelo de Atención;4.0;0;No;Táctico;Diseñar e implementar el modelo de atención integral al cliente, fortaleciendo su experiencia y garantizando la consistencia y eficacia en todos los puntos de contacto.;Específica;Monitorear indicadores de experiencia del cliente y proponer mejoras.;Reporte de Indicadores de Experiencia;20
Gestion de Cobranzas;SG Riesgo Crediticio;GD;SG Riesgo Crediticio > Gestion de Cobranzas;3.0;0;No;Táctico;Coordinar, supervisar y optimizar los procesos de recuperación de cartera en mora, asegurando eficiencia, cumplimiento normativo y resguardo del vínculo con el cliente.;Genérica;Diseñar estrategias de cobranzas según perfiles y segmentos. Supervisar campañas y gestión operativa.;Plan Integral de Recupero de Cartera;
Gestion de Cobranzas;SG Riesgo Crediticio;GD;SG Riesgo Crediticio > Gestion de Cobranzas;3.0;0;No;Táctico;Coordinar, supervisar y optimizar los procesos de recuperación de cartera en mora, asegurando eficiencia, cumplimiento normativo y resguardo del vínculo con el cliente.;Específica;Definir parámetros de segmentación, herramientas y canales de cobro.;Estrategia de Segmentación de Mora;50
Gestion de Cobranzas;SG Riesgo Crediticio;GD;SG Riesgo Crediticio > Gestion de Cobranzas;3.0;0;No;Táctico;Coordinar, supervisar y optimizar los procesos de recuperación de cartera en mora, asegurando eficiencia, cumplimiento normativo y resguardo del vínculo con el cliente.;Específica;Monitorear gestión tercerizada, resultados y cumplimiento de metas.;Informes de Gestión de Cobranzas;50
Gestión Comercial;Canales;GD;Sgp Negocio > Canales > Gestión Comercial;3.0;0;No;Táctico;Coordinar la ejecución comercial en los distintos canales, garantizando la consistencia, foco en los objetivos estratégicos y correcta implementación de campañas y acciones definidas.;Genérica;Supervisar la implementación de iniciativas comerciales en red de atención. Consolidar resultados.;Tablero de Ejecución Comercial;
Gestión Comercial;Canales;GD;Sgp Negocio > Canales > Gestión Comercial;3.0;0;No;Táctico;Coordinar la ejecución comercial en los distintos canales, garantizando la consistencia, foco en los objetivos estratégicos y correcta implementación de campañas y acciones definidas.;Específica;Alinear equipos comerciales con campañas activas, segmentación y foco estratégico.;Informe de Implementación;20
Gestión Comercial;Canales;GD;Sgp Negocio > Canales > Gestión Comercial;3.0;0;No;Táctico;Coordinar la ejecución comercial en los distintos canales, garantizando la consistencia, foco en los objetivos estratégicos y correcta implementación de campañas y acciones definidas.;Específica;Proponer ajustes según feedback de red y resultados de las campañas.;Recomendaciones de Ajuste Comercial;20
Gestión Comercial;Canales;GD;Sgp Negocio > Canales > Gestión Comercial;4.0;0;No;Táctico;Coordinar la ejecución comercial en los distintos canales, garantizando la consistencia, foco en los objetivos estratégicos y correcta implementación de campañas y acciones definidas.;Genérica;Consolidar información de gestión comercial. Coordinar la ejecución de acciones con los canales físicos y digitales. Monitorear resultados y proponer ajustes para el cumplimiento de metas.;Reporte de Gestión Comercial de Canales;
Gestión Comercial;Canales;GD;Sgp Negocio > Canales > Gestión Comercial;4.0;0;No;Táctico;Coordinar la ejecución comercial en los distintos canales, garantizando la consistencia, foco en los objetivos estratégicos y correcta implementación de campañas y acciones definidas.;Específica;Consolidar y analizar indicadores de gestión comercial en todos los canales.;Dashboard de Resultados Comerciales;20
Gestión Comercial;Canales;GD;Sgp Negocio > Canales > Gestión Comercial;4.0;0;No;Táctico;Coordinar la ejecución comercial en los distintos canales, garantizando la consistencia, foco en los objetivos estratégicos y correcta implementación de campañas y acciones definidas.;Específica;Coordinar la ejecución de acciones comerciales y campañas en canales físicos y digitales.;Ejecución de Campañas Comerciales;20
Gestión Comercial;Canales;GD;Sgp Negocio > Canales > Gestión Comercial;4.0;0;No;Táctico;Coordinar la ejecución comercial en los distintos canales, garantizando la consistencia, foco en los objetivos estratégicos y correcta implementación de campañas y acciones definidas.;Específica;Proponer ajustes a la gestión y diseño de acciones comerciales en base al análisis de resultados.;Propuesta de Mejora Comercial;20
Gestión Operativa De Sucursales;Canales;GD;Sgp Negocio > Canales > Gestión Operativa de Sucursales;3.0;0;No;Táctico;Asegurar el funcionamiento eficiente de la red de sucursales, garantizando cumplimiento de protocolos, uso de herramientas, coordinación operativa y soporte a las necesidades de atención.;Genérica;Supervisar operación de sucursales, definir lineamientos operativos y articular con soporte.;Instructivos Operativos y Reportes de Gestión;
Gestión Operativa De Sucursales;Canales;GD;Sgp Negocio > Canales > Gestión Operativa de Sucursales;3.0;0;No;Táctico;Asegurar el funcionamiento eficiente de la red de sucursales, garantizando cumplimiento de protocolos, uso de herramientas, coordinación operativa y soporte a las necesidades de atención.;Específica;Controlar cumplimiento de protocolos y resolver incidencias operativas.;Checklist de Sucursales y Reportes de Incidencias;20
Gestión Operativa De Sucursales;Canales;GD;Sgp Negocio > Canales > Gestión Operativa de Sucursales;3.0;0;No;Táctico;Asegurar el funcionamiento eficiente de la red de sucursales, garantizando cumplimiento de protocolos, uso de herramientas, coordinación operativa y soporte a las necesidades de atención.;Específica;Consolidar indicadores operativos y proponer ajustes de procesos.;KPIs de Sucursales y Acciones Correctivas;20
Gestión Operativa De Sucursales;Canales;GD;Sgp Negocio > Canales > Gestión Operativa de Sucursales;4.0;0;Sí;Táctico;Asegurar el funcionamiento eficiente de la red de sucursales, garantizando cumplimiento de protocolos, uso de herramientas, coordinación operativa y soporte a las necesidades de atención.;Genérica;Implementar mejoras operativas. Monitorear procesos en sucursales. Supervisar cumplimiento de estándares. Asegurar la disponibilidad de recursos y la articulación con áreas de soporte.;Informe de Operación de Sucursales;
Gestión Operativa De Sucursales;Canales;GD;Sgp Negocio > Canales > Gestión Operativa de Sucursales;4.0;0;Sí;Táctico;Asegurar el funcionamiento eficiente de la red de sucursales, garantizando cumplimiento de protocolos, uso de herramientas, coordinación operativa y soporte a las necesidades de atención.;Específica;Supervisar la implementación operativa de procesos y servicios en las sucursales.;Cumplimiento Operativo de Estándares;20
Gestión Operativa De Sucursales;Canales;GD;Sgp Negocio > Canales > Gestión Operativa de Sucursales;4.0;0;Sí;Táctico;Asegurar el funcionamiento eficiente de la red de sucursales, garantizando cumplimiento de protocolos, uso de herramientas, coordinación operativa y soporte a las necesidades de atención.;Específica;Monitorear el funcionamiento general de las sucursales y canalizar incidencias.;Reporte de Incidencias y Correctivos;20
Gestión Operativa De Sucursales;Canales;GD;Sgp Negocio > Canales > Gestión Operativa de Sucursales;4.0;0;Sí;Táctico;Asegurar el funcionamiento eficiente de la red de sucursales, garantizando cumplimiento de protocolos, uso de herramientas, coordinación operativa y soporte a las necesidades de atención.;Específica;Coordinar con áreas de soporte para garantizar el funcionamiento operativo de las sucursales.;Planes de Contingencia y Gestión de Apoyo;20
Inversiones;Productos;SGD;Sgp Negocio > Productos > Inversiones;4.0;0;No;Táctico;Diseñar, gestionar y optimizar la oferta de productos de inversión del banco —como plazos fijos, fondos comunes y bonos— asegurando su alineación con las necesidades del mercado, la estrategia comercial, y los objetivos de captación, fidelización y retención de clientes, con una gestión eficiente de riesgos y rentabilidad.;Genérica;Desarrollar y mantener el portafolio de productos de inversión, evaluando desempeño, riesgos y oportunidades del mercado. Coordinar con segmentos y canales para su implementación y monitoreo.;Portafolio de Inversiones Activo;
Inversiones;Productos;SGD;Sgp Negocio > Productos > Inversiones;4.0;0;No;Táctico;Diseñar, gestionar y optimizar la oferta de productos de inversión del banco —como plazos fijos, fondos comunes y bonos— asegurando su alineación con las necesidades del mercado, la estrategia comercial, y los objetivos de captación, fidelización y retención de clientes, con una gestión eficiente de riesgos y rentabilidad.;Específica;Diseñar y proponer nuevos instrumentos de inversión para personas y empresas.;Diseño de Nuevas Alternativas de Inversión;20
Inversiones;Productos;SGD;Sgp Negocio > Productos > Inversiones;4.0;0;No;Táctico;Diseñar, gestionar y optimizar la oferta de productos de inversión del banco —como plazos fijos, fondos comunes y bonos— asegurando su alineación con las necesidades del mercado, la estrategia comercial, y los objetivos de captación, fidelización y retención de clientes, con una gestión eficiente de riesgos y rentabilidad.;Específica;Monitorear rentabilidad, riesgo y performance del portafolio de inversiones.;Reporte de Performance de Inversiones;20
Inversiones;Productos;SGD;Sgp Negocio > Productos > Inversiones;4.0;0;No;Táctico;Diseñar, gestionar y optimizar la oferta de productos de inversión del banco —como plazos fijos, fondos comunes y bonos— asegurando su alineación con las necesidades del mercado, la estrategia comercial, y los objetivos de captación, fidelización y retención de clientes, con una gestión eficiente de riesgos y rentabilidad.;Específica;Coordinar con canales la difusión, asesoramiento y soporte comercial de los productos de inversión.;Campañas y Materiales de Asesoramiento;20
Inversiones;Productos;SGD;Sgp Negocio > Productos > Inversiones;4.0;0;No;Táctico;Diseñar, gestionar y optimizar la oferta de productos de inversión del banco —como plazos fijos, fondos comunes y bonos— asegurando su alineación con las necesidades del mercado, la estrategia comercial, y los objetivos de captación, fidelización y retención de clientes, con una gestión eficiente de riesgos y rentabilidad.;Específica;Evaluar tendencias de mercado y ajustar la oferta de productos en función de oportunidades macro y regulatorias.;Revisión de Estrategia de Inversión;20
Inversiones;Productos;SGD;Sgp Negocio > Productos > Inversiones;4.0;0;No;Táctico;Diseñar, gestionar y optimizar la oferta de productos de inversión del banco —como plazos fijos, fondos comunes y bonos— asegurando su alineación con las necesidades del mercado, la estrategia comercial, y los objetivos de captación, fidelización y retención de clientes, con una gestión eficiente de riesgos y rentabilidad.;Específica;Asegurar el cumplimiento normativo y regulatorio en el diseño y gestión de los productos de inversión.;Reportes de Cumplimiento Regulatorio;20
Pasivos;Productos;SGD;Sgp Negocio > Productos > Pasivos;4.0;0;No;Táctico;Gestionar el portafolio de productos de captación de fondos, garantizando su competitividad, sostenibilidad y alineamiento a los objetivos financieros y estratégicos del Banco.;Genérica;Diseñar, analizar y optimizar los productos de depósitos y cuentas.;Portafolio de Productos de Captación Optimizado;
Pasivos;Productos;SGD;Sgp Negocio > Productos > Pasivos;4.0;0;No;Táctico;Gestionar el portafolio de productos de captación de fondos, garantizando su competitividad, sostenibilidad y alineamiento a los objetivos financieros y estratégicos del Banco.;Específica;Relevar requerimientos del negocio, diseñar nuevas soluciones de ahorro y cuentas.;Nuevas Propuestas de Productos de Pasivo;20
Pasivos;Productos;SGD;Sgp Negocio > Productos > Pasivos;4.0;0;No;Táctico;Gestionar el portafolio de productos de captación de fondos, garantizando su competitividad, sostenibilidad y alineamiento a los objetivos financieros y estratégicos del Banco.;Específica;Evaluar comportamiento de captaciones y recomendar ajustes comerciales.;Informe de Desempeño y Recomendaciones;20
Pasivos;Productos;SGD;Sgp Negocio > Productos > Pasivos;4.0;0;No;Táctico;Gestionar el portafolio de productos de captación de fondos, garantizando su competitividad, sostenibilidad y alineamiento a los objetivos financieros y estratégicos del Banco.;Genérica;Gestionar la oferta de cuentas, cajas de ahorro, cuentas sueldo y otros instrumentos de captación. Evaluar resultados, comportamiento y rentabilidad. Alinear con estrategia de segmentos.;Portafolio de Productos Pasivos;
Pasivos;Productos;SGD;Sgp Negocio > Productos > Pasivos;4.0;0;No;Táctico;Gestionar el portafolio de productos de captación de fondos, garantizando su competitividad, sostenibilidad y alineamiento a los objetivos financieros y estratégicos del Banco.;Específica;Diseñar nuevos productos de ahorro, cuentas y depósitos.;Diseños de Productos Pasivos;20
Pasivos;Productos;SGD;Sgp Negocio > Productos > Pasivos;4.0;0;No;Táctico;Gestionar el portafolio de productos de captación de fondos, garantizando su competitividad, sostenibilidad y alineamiento a los objetivos financieros y estratégicos del Banco.;Específica;Monitorear rentabilidad y volumen de captación de productos vigentes.;Informe de Rentabilidad de Pasivos;20
Pasivos;Productos;SGD;Sgp Negocio > Productos > Pasivos;4.0;0;No;Táctico;Gestionar el portafolio de productos de captación de fondos, garantizando su competitividad, sostenibilidad y alineamiento a los objetivos financieros y estratégicos del Banco.;Específica;Coordinar campañas con segmentos y canales para la captación de pasivos.;Ejecución de Campañas de Captación;20
Regionales;Canales;SGD;Sgp Negocio > Canales > Regionales;4.0;0;Sí;Táctico;Supervisar y coordinar el funcionamiento de las unidades operativas en cada región, asegurando alineamiento a los lineamientos centrales y particularidades territoriales.;Genérica;Coordinar a los responsables zonales, elevar necesidades, gestionar desvíos.;Informe de Supervisión Regional;
Regionales;Canales;SGD;Sgp Negocio > Canales > Regionales;4.0;0;Sí;Táctico;Supervisar y coordinar el funcionamiento de las unidades operativas en cada región, asegurando alineamiento a los lineamientos centrales y particularidades territoriales.;Específica;Hacer seguimiento al desempeño comercial, operativo y de cumplimiento en sucursales.;Tablero de Desempeño Regional;20
Regionales;Canales;SGD;Sgp Negocio > Canales > Regionales;4.0;0;Sí;Táctico;Supervisar y coordinar el funcionamiento de las unidades operativas en cada región, asegurando alineamiento a los lineamientos centrales y particularidades territoriales.;Específica;Relevar particularidades zonales y elevar propuestas de mejora a nivel central.;Propuestas Regionales de Mejora;20
Regionales;Canales;SGD;Sgp Negocio > Canales > Regionales;4.0;Sí;Sí;Táctico;Supervisar y coordinar el funcionamiento de las unidades operativas en cada región, asegurando alineamiento a los lineamientos centrales y particularidades territoriales.;Genérica;Supervisar el desempeño de sucursales. Asegurar el cumplimiento de normativas y estándares. Articular con áreas centrales para canalizar requerimientos regionales. Impulsar acciones comerciales localizadas.;Informe de Gestión Regional;
Regionales;Canales;SGD;Sgp Negocio > Canales > Regionales;4.0;Sí;Sí;Táctico;Supervisar y coordinar el funcionamiento de las unidades operativas en cada región, asegurando alineamiento a los lineamientos centrales y particularidades territoriales.;Específica;Supervisar la operativa diaria de las sucursales bajo su región.;Seguimiento Operativo Diario;20
Regionales;Canales;SGD;Sgp Negocio > Canales > Regionales;4.0;Sí;Sí;Táctico;Supervisar y coordinar el funcionamiento de las unidades operativas en cada región, asegurando alineamiento a los lineamientos centrales y particularidades territoriales.;Específica;Canalizar necesidades de las sucursales hacia áreas centrales y dar seguimiento.;Requerimientos Coordinados con Soporte;20
Regionales;Canales;SGD;Sgp Negocio > Canales > Regionales;4.0;Sí;Sí;Táctico;Supervisar y coordinar el funcionamiento de las unidades operativas en cada región, asegurando alineamiento a los lineamientos centrales y particularidades territoriales.;Específica;Impulsar acciones comerciales y de posicionamiento a nivel regional.;Campañas Comerciales Locales;20
Riesgo Crediticio Personas;SG Riesgo Crediticio;GD;SG Riesgo Crediticio > Riesgo Crediticio Personas;3.0;0;No;Analítico;Evaluar, definir y controlar los lineamientos de riesgo crediticio del segmento Personas, equilibrando inclusión, rentabilidad y seguridad financiera.;Genérica;Diseñar modelos de riesgo, definir políticas, realizar seguimiento de la exposición crediticia.;Modelo de Riesgo y Reportes de Gestión;
Riesgo Crediticio Personas;SG Riesgo Crediticio;GD;SG Riesgo Crediticio > Riesgo Crediticio Personas;3.0;0;No;Analítico;Evaluar, definir y controlar los lineamientos de riesgo crediticio del segmento Personas, equilibrando inclusión, rentabilidad y seguridad financiera.;Específica;Analizar tendencias de morosidad y anticipar riesgos emergentes.;Alertas Tempranas de Riesgo;50
Riesgo Crediticio Personas;SG Riesgo Crediticio;GD;SG Riesgo Crediticio > Riesgo Crediticio Personas;3.0;0;No;Analítico;Evaluar, definir y controlar los lineamientos de riesgo crediticio del segmento Personas, equilibrando inclusión, rentabilidad y seguridad financiera.;Específica;Colaborar en diseño de productos con perspectiva de riesgo.;Aportes de Riesgo a Nuevos Productos;50
Alianzas y Patrocinios;Marketing;SGD;Sgp Negocio > Marketing > Alianzas y Patrocinios;4.0;0;No;Táctico;Gestionar alianzas estratégicas, acuerdos institucionales y patrocinios que potencien la visibilidad y posicionamiento de la marca Banco Nación.;Genérica;Identificar oportunidades, coordinar activaciones y evaluar retornos de inversión.;Agenda de Patrocinios y Alianzas;
Alianzas y Patrocinios;Marketing;SGD;Sgp Negocio > Marketing > Alianzas y Patrocinios;4.0;0;No;Táctico;Gestionar alianzas estratégicas, acuerdos institucionales y patrocinios que potencien la visibilidad y posicionamiento de la marca Banco Nación.;Específica;Negociar y ejecutar convenios y eventos con alto impacto de marca.;Convenios Ejecutados y Reporte de Visibilidad;25
Alianzas y Patrocinios;Marketing;SGD;Sgp Negocio > Marketing > Alianzas y Patrocinios;4.0;0;No;Táctico;Gestionar alianzas estratégicas, acuerdos institucionales y patrocinios que potencien la visibilidad y posicionamiento de la marca Banco Nación.;Genérica;Gestionar convenios con entidades públicas, privadas y del tercer sector. Evaluar oportunidades de patrocinio. Supervisar ejecución y visibilidad de las acciones. Medir impacto reputacional y comercial.;Convenios Institucionales Vigentes y Reportes de Impacto;
Alianzas y Patrocinios;Marketing;SGD;Sgp Negocio > Marketing > Alianzas y Patrocinios;4.0;0;No;Táctico;Gestionar alianzas estratégicas, acuerdos institucionales y patrocinios que potencien la visibilidad y posicionamiento de la marca Banco Nación.;Específica;Diseñar y formalizar alianzas estratégicas con actores públicos y privados.;Acuerdos y Cartas de Intención Firmadas;25
Alianzas y Patrocinios;Marketing;SGD;Sgp Negocio > Marketing > Alianzas y Patrocinios;4.0;0;No;Táctico;Gestionar alianzas estratégicas, acuerdos institucionales y patrocinios que potencien la visibilidad y posicionamiento de la marca Banco Nación.;Específica;Coordinar acciones de visibilidad y comunicación institucional asociadas a patrocinios.;Eventos y Acciones de Difusión Ejecutadas;25
Alianzas y Patrocinios;Marketing;SGD;Sgp Negocio > Marketing > Alianzas y Patrocinios;4.0;0;No;Táctico;Gestionar alianzas estratégicas, acuerdos institucionales y patrocinios que potencien la visibilidad y posicionamiento de la marca Banco Nación.;Específica;Medir impacto de alianzas y patrocinios en términos reputacionales y comerciales.;Informe de Impacto y Recomendaciones;25
Branding y Comunicaciones;Marketing;SGD;Sgp Negocio > Marketing > Branding y Comunicaciones;4.0;0;No;Táctico;Diseñar y coordinar la identidad de marca y la comunicación institucional del Banco, asegurando coherencia, impacto positivo y alineación estratégica.;Genérica;Diseñar piezas institucionales, gestionar campañas y articulación con medios.;Piezas de Comunicación Institucional;
Branding y Comunicaciones;Marketing;SGD;Sgp Negocio > Marketing > Branding y Comunicaciones;4.0;0;No;Táctico;Diseñar y coordinar la identidad de marca y la comunicación institucional del Banco, asegurando coherencia, impacto positivo y alineación estratégica.;Específica;Ejecutar campañas, coordinar con prensa y mantener manual de marca actualizado.;Campañas Institucionales Ejecutadas;25
Branding y Comunicaciones;Marketing;SGD;Sgp Negocio > Marketing > Branding y Comunicaciones;4.0;0;No;Táctico;Diseñar y coordinar la identidad de marca y la comunicación institucional del Banco, asegurando coherencia, impacto positivo y alineación estratégica.;Genérica;Desarrollar lineamientos de marca. Diseñar y ejecutar campañas de comunicación institucional. Supervisar la aplicación de marca en soportes y canales. Gestionar proveedores de diseño y comunicación.;Lineamientos de Marca y Campañas de Comunicación;
Branding y Comunicaciones;Marketing;SGD;Sgp Negocio > Marketing > Branding y Comunicaciones;4.0;0;No;Táctico;Diseñar y coordinar la identidad de marca y la comunicación institucional del Banco, asegurando coherencia, impacto positivo y alineación estratégica.;Específica;Desarrollar lineamientos y manuales de marca y velar por su aplicación coherente.;Manual de Identidad Visual;25
Branding y Comunicaciones;Marketing;SGD;Sgp Negocio > Marketing > Branding y Comunicaciones;4.0;0;No;Táctico;Diseñar y coordinar la identidad de marca y la comunicación institucional del Banco, asegurando coherencia, impacto positivo y alineación estratégica.;Específica;Diseñar y ejecutar campañas institucionales y de posicionamiento.;Campañas de Posicionamiento;25
Branding y Comunicaciones;Marketing;SGD;Sgp Negocio > Marketing > Branding y Comunicaciones;4.0;0;No;Táctico;Diseñar y coordinar la identidad de marca y la comunicación institucional del Banco, asegurando coherencia, impacto positivo y alineación estratégica.;Específica;Supervisar proveedores de diseño, prensa y materiales institucionales.;Proveedores Coordinados y Entregables Aprobados;25
Digital Marketing & Performance;Marketing;SGD;Sgp Negocio > Marketing > Digital Marketing & Performance;4.0;0;No;Táctico;Planificar, ejecutar y optimizar campañas digitales de alto impacto, orientadas a la conversión, visibilidad de marca y engagement con los públicos objetivos.;Genérica;Gestionar pauta, posicionamiento, canales digitales y performance.;Informe de Resultados de Campañas Digitales;
Digital Marketing & Performance;Marketing;SGD;Sgp Negocio > Marketing > Digital Marketing & Performance;4.0;0;No;Táctico;Planificar, ejecutar y optimizar campañas digitales de alto impacto, orientadas a la conversión, visibilidad de marca y engagement con los públicos objetivos.;Específica;Diseñar estrategia digital 360°, monitorear KPIs y corregir desvíos.;Optimización Continua de Campañas;25
Digital Marketing & Performance;Marketing;SGD;Sgp Negocio > Marketing > Digital Marketing & Performance;4.0;0;No;Táctico;Planificar, ejecutar y optimizar campañas digitales de alto impacto, orientadas a la conversión, visibilidad de marca y engagement con los públicos objetivos.;Genérica;Planificar estrategias de medios digitales. Gestionar campañas SEM/SEO, RRSS, programática. Monitorear KPIs de conversión y engagement. Ajustar creatividades y audiencias.;Campañas Digitales Ejecutadas y Dashboards de Performance;
Digital Marketing & Performance;Marketing;SGD;Sgp Negocio > Marketing > Digital Marketing & Performance;4.0;0;No;Táctico;Planificar, ejecutar y optimizar campañas digitales de alto impacto, orientadas a la conversión, visibilidad de marca y engagement con los públicos objetivos.;Específica;Planificar y ejecutar campañas en canales digitales con foco en performance.;Calendario de Campañas y Piezas Aprobadas;25
Digital Marketing & Performance;Marketing;SGD;Sgp Negocio > Marketing > Digital Marketing & Performance;4.0;0;No;Táctico;Planificar, ejecutar y optimizar campañas digitales de alto impacto, orientadas a la conversión, visibilidad de marca y engagement con los públicos objetivos.;Específica;Optimizar creatividades, audiencias y estrategia de pauta según resultados.;Matriz de Optimización de Campañas;25
Digital Marketing & Performance;Marketing;SGD;Sgp Negocio > Marketing > Digital Marketing & Performance;4.0;0;No;Táctico;Planificar, ejecutar y optimizar campañas digitales de alto impacto, orientadas a la conversión, visibilidad de marca y engagement con los públicos objetivos.;Específica;Medir, analizar y reportar resultados de campañas por canal y audiencia.;Tablero de Performance Digital;25
Desarrollo;Medios De Pago;SGD;Sgp Negocio > Medios de Pago > Desarrollo;4.0;0;No;Táctico;Diseñar y evolucionar las soluciones tecnológicas asociadas a medios de pago, asegurando innovación, escalabilidad y cumplimiento normativo.;Genérica;Diseñar nuevas funcionalidades, coordinar backlog con tecnología, testear soluciones.;Funcionalidades Liberadas por Iteración;
Desarrollo;Medios De Pago;SGD;Sgp Negocio > Medios de Pago > Desarrollo;4.0;0;No;Táctico;Diseñar y evolucionar las soluciones tecnológicas asociadas a medios de pago, asegurando innovación, escalabilidad y cumplimiento normativo.;Específica;Liderar iniciativas de desarrollo con foco en QR, contactless y nuevas tendencias.;Iniciativas de Innovación Digital;25
Desarrollo;Medios De Pago;SGD;Sgp Negocio > Medios de Pago > Desarrollo;4.0;0;No;Táctico;Diseñar y evolucionar las soluciones tecnológicas asociadas a medios de pago, asegurando innovación, escalabilidad y cumplimiento normativo.;Genérica;Liderar proyectos de desarrollo de nuevos medios de pago. Relevar necesidades. Diseñar funcionalidades. Acompañar la implementación técnica. Documentar los productos resultantes.;Proyectos de Desarrollo de Medios de Pago;
Desarrollo;Medios De Pago;SGD;Sgp Negocio > Medios de Pago > Desarrollo;4.0;0;No;Táctico;Diseñar y evolucionar las soluciones tecnológicas asociadas a medios de pago, asegurando innovación, escalabilidad y cumplimiento normativo.;Específica;Relevar y documentar nuevas funcionalidades requeridas por el negocio.;Documentos de Requerimientos Funcionales;25
Desarrollo;Medios De Pago;SGD;Sgp Negocio > Medios de Pago > Desarrollo;4.0;0;No;Táctico;Diseñar y evolucionar las soluciones tecnológicas asociadas a medios de pago, asegurando innovación, escalabilidad y cumplimiento normativo.;Específica;Acompañar el proceso de desarrollo tecnológico de nuevas funcionalidades.;Funcionalidades Implementadas;25
Desarrollo;Medios De Pago;SGD;Sgp Negocio > Medios de Pago > Desarrollo;4.0;0;No;Táctico;Diseñar y evolucionar las soluciones tecnológicas asociadas a medios de pago, asegurando innovación, escalabilidad y cumplimiento normativo.;Específica;Coordinar pruebas funcionales y validaciones de nuevas funcionalidades.;Resultados de QA Funcional;25
Mantenimiento y Features;Medios De Pago;SGD;Sgp Negocio > Medios de Pago > Mantenimiento y Features;4.0;0;No;Táctico;Garantizar la continuidad operativa y evolución de los sistemas de medios de pago mediante mejoras correctivas, evolutivas y preventivas.;Genérica;Relevar errores, gestionar soporte, mantener manuales, priorizar incidentes.;Backlog Técnico y Manuales Actualizados;
Mantenimiento y Features;Medios De Pago;SGD;Sgp Negocio > Medios de Pago > Mantenimiento y Features;4.0;0;No;Táctico;Garantizar la continuidad operativa y evolución de los sistemas de medios de pago mediante mejoras correctivas, evolutivas y preventivas.;Específica;Planificar mejoras incrementales y asegurar la estabilidad post-deployment.;Incidentes Reducidos y Roadmap Técnico;25
Mantenimiento y Features;Medios De Pago;SGD;Sgp Negocio > Medios de Pago > Mantenimiento y Features;4.0;0;No;Táctico;Garantizar la continuidad operativa y evolución de los sistemas de medios de pago mediante mejoras correctivas, evolutivas y preventivas.;Genérica;Administrar el ciclo de vida técnico de los productos. Detectar incidentes. Coordinar actualizaciones funcionales. Interactuar con tecnología y proveedores para asegurar continuidad operativa.;Funcionalidades Actuales y Releases Correctivos;
Mantenimiento y Features;Medios De Pago;SGD;Sgp Negocio > Medios de Pago > Mantenimiento y Features;4.0;0;No;Táctico;Garantizar la continuidad operativa y evolución de los sistemas de medios de pago mediante mejoras correctivas, evolutivas y preventivas.;Específica;Detectar, analizar y priorizar fallas e incidencias en plataformas de medios de pago.;Registro y Resolución de Incidentes;25
Mantenimiento y Features;Medios De Pago;SGD;Sgp Negocio > Medios de Pago > Mantenimiento y Features;4.0;0;No;Táctico;Garantizar la continuidad operativa y evolución de los sistemas de medios de pago mediante mejoras correctivas, evolutivas y preventivas.;Específica;Gestionar releases técnicos y funcionales con equipos de desarrollo y proveedores.;Releases Coordinados y Documentados;25
Mantenimiento y Features;Medios De Pago;SGD;Sgp Negocio > Medios de Pago > Mantenimiento y Features;4.0;0;No;Táctico;Garantizar la continuidad operativa y evolución de los sistemas de medios de pago mediante mejoras correctivas, evolutivas y preventivas.;Específica;Relevar mejoras funcionales y gestionar su priorización con stakeholders.;Backlog de Features y Priorización Aprobada;25
CAC;Canales;SGD;Sgp Negocio > Canales > CAC;4.0;0;No;Táctico;Brindar soporte y atención a los clientes a través de canales no presenciales, resolviendo consultas, canalizando reclamos y contribuyendo a una experiencia eficiente, empática y resolutiva.;Genérica;Atender consultas e inquietudes de clientes. Derivar casos a áreas correspondientes. Monitorear niveles de atención y calidad. Proponer mejoras al servicio ofrecido.;Informe de Gestión del Centro de Atención al Cliente;
CAC;Canales;SGD;Sgp Negocio > Canales > CAC;4.0;0;No;Táctico;Brindar soporte y atención a los clientes a través de canales no presenciales, resolviendo consultas, canalizando reclamos y contribuyendo a una experiencia eficiente, empática y resolutiva.;Específica;Gestionar la atención de clientes a través de canales digitales y telefónicos.;Contactos Atendidos y Derivados;40
CAC;Canales;SGD;Sgp Negocio > Canales > CAC;4.0;0;No;Táctico;Brindar soporte y atención a los clientes a través de canales no presenciales, resolviendo consultas, canalizando reclamos y contribuyendo a una experiencia eficiente, empática y resolutiva.;Específica;Monitorear indicadores de servicio, respuesta y satisfacción.;Reporte de Indicadores del CAC;30
CAC;Canales;SGD;Sgp Negocio > Canales > CAC;4.0;0;No;Táctico;Brindar soporte y atención a los clientes a través de canales no presenciales, resolviendo consultas, canalizando reclamos y contribuyendo a una experiencia eficiente, empática y resolutiva.;Específica;Detectar oportunidades de mejora en la atención y proponer soluciones.;Planes de Mejora del Servicio;30
Seguros;Productos;SGD;Sgp Negocio > Productos > Seguros;4.0;0;No;Táctico;Diseñar, administrar y promover la oferta de productos de seguros del banco, garantizando su alineación con la regulación vigente, la demanda de los segmentos y la estrategia comercial de la entidad.;Genérica;Diseñar y actualizar seguros. Coordinar con aseguradoras y áreas legales. Promover campañas de venta cruzada. Evaluar rentabilidad y siniestralidad. Asegurar el cumplimiento normativo.;Catálogo de Seguros Activos y Reportes de Gestión;
Seguros;Productos;SGD;Sgp Negocio > Productos > Seguros;4.0;0;No;Táctico;Diseñar, administrar y promover la oferta de productos de seguros del banco, garantizando su alineación con la regulación vigente, la demanda de los segmentos y la estrategia comercial de la entidad.;Específica;Diseñar productos de seguros asociados a productos financieros y servicios del banco.;Catálogo de Productos de Seguros;30
Seguros;Productos;SGD;Sgp Negocio > Productos > Seguros;4.0;0;No;Táctico;Diseñar, administrar y promover la oferta de productos de seguros del banco, garantizando su alineación con la regulación vigente, la demanda de los segmentos y la estrategia comercial de la entidad.;Específica;Evaluar resultados de las campañas de seguros, rentabilidad y siniestralidad.;Informe de Gestión de Seguros;35
Seguros;Productos;SGD;Sgp Negocio > Productos > Seguros;4.0;0;No;Táctico;Diseñar, administrar y promover la oferta de productos de seguros del banco, garantizando su alineación con la regulación vigente, la demanda de los segmentos y la estrategia comercial de la entidad.;Específica;Coordinar acciones comerciales con aseguradoras y áreas internas.;Campañas Coordinadas y Material Promocional;35
Recaudaciones;Medios De Pago;SGD;Sgp Negocio > Medios de Pago > Recaudaciones;4.0;0;No;Táctico;Administrar los servicios de recaudación ofrecidos por el banco, asegurando su eficiencia operativa, capilaridad, adecuación normativa y alineación con las necesidades de clientes institucionales y corporativos.;Genérica;Coordinar convenios de recaudación con entidades públicas y privadas. Monitorear volumen y performance. Proponer mejoras tecnológicas y operativas. Asegurar cumplimiento de requisitos regulatorios.;Convenios de Recaudación Activos y Reportes de Gestión;
Recaudaciones;Medios De Pago;SGD;Sgp Negocio > Medios de Pago > Recaudaciones;4.0;0;No;Táctico;Administrar los servicios de recaudación ofrecidos por el banco, asegurando su eficiencia operativa, capilaridad, adecuación normativa y alineación con las necesidades de clientes institucionales y corporativos.;Específica;Gestionar convenios de recaudación con instituciones públicas y privadas.;Matriz de Convenios Activos;35
Recaudaciones;Medios De Pago;SGD;Sgp Negocio > Medios de Pago > Recaudaciones;4.0;0;No;Táctico;Administrar los servicios de recaudación ofrecidos por el banco, asegurando su eficiencia operativa, capilaridad, adecuación normativa y alineación con las necesidades de clientes institucionales y corporativos.;Específica;Monitorear volúmenes de recaudación, cumplimiento operativo y desvíos.;Tablero de Control de Recaudaciones;35
Recaudaciones;Medios De Pago;SGD;Sgp Negocio > Medios de Pago > Recaudaciones;4.0;0;No;Táctico;Administrar los servicios de recaudación ofrecidos por el banco, asegurando su eficiencia operativa, capilaridad, adecuación normativa y alineación con las necesidades de clientes institucionales y corporativos.;Específica;Coordinar acciones de integración tecnológica con entes recaudadores.;Interfaces Operativas Implementadas;30
Gerencia General;;GG;;;Sgp Clientes, SGP Sistemas, Tecnologías y Servicios de IT, SG Riesgo Crediticio;;;;;;;
SGP Sistemas, Tecnologías y Servicios de IT;Gerencia General;SGP;;;;;;;Genérica;;;
SG Riesgo Crediticio;Gerencia General;SG;;;Gestion de Cobranzas, Gestion de Cobranzas, Gestion de Cobranzas, Riesgo Crediticio Personas, Riesgo Crediticio Personas, Riesgo Crediticio Personas;;;;Genérica;;;
Adquirienca;Medios De Pago;SGD;Sgp Negocio > Medios de Pago > Adquirencia;4.0;0;No;Táctico;Desarrollar, gestionar y expandir la red de comercios adheridos al ecosistema de adquirencia del banco, promoviendo su cobertura territorial y digital, mejorando la competitividad del servicio, y maximizando el valor generado para comercios y clientes finales, en articulación con la estrategia de medios de pago.;Específica;Elaborar propuestas de expansión territorial y digital para el crecimiento de la red de adquirencia.;Propuesta de Cobertura y Crecimiento;33,3
Adquirienca;Medios De Pago;SGD;Sgp Negocio > Medios de Pago > Adquirencia;4.0;0;No;Táctico;Desarrollar, gestionar y expandir la red de comercios adheridos al ecosistema de adquirencia del banco, promoviendo su cobertura territorial y digital, mejorando la competitividad del servicio, y maximizando el valor generado para comercios y clientes finales, en articulación con la estrategia de medios de pago.;Específica;Monitorear indicadores de performance, retención y rentabilidad de los comercios activos.;Reporte de Performance de Adquirencia;33,3
Adquirienca;Medios De Pago;SGD;Sgp Negocio > Medios de Pago > Adquirencia;4.0;0;No;Táctico;Desarrollar, gestionar y expandir la red de comercios adheridos al ecosistema de adquirencia del banco, promoviendo su cobertura territorial y digital, mejorando la competitividad del servicio, y maximizando el valor generado para comercios y clientes finales, en articulación con la estrategia de medios de pago.;Específica;Coordinar campañas de captación, activación y fidelización de comercios, articulando con áreas de marketing y tecnología.;Acciones Comerciales y Campañas Ejecutadas;33,3
Adquirienca;Medios De Pago;SGD;Sgp Negocio > Medios de Pago > Adquirencia;4.0;0;No;Táctico;Desarrollar, gestionar y expandir la red de comercios adheridos al ecosistema de adquirencia del banco, promoviendo su cobertura territorial y digital, mejorando la competitividad del servicio, y maximizando el valor generado para comercios y clientes finales, en articulación con la estrategia de medios de pago.;Genérica;Coordinar el alta de nuevos comercios, evaluar la performance comercial y la fidelización de la red. Identificar oportunidades de expansión territorial y digital.;Red de Comercios Activa y Segmentada;33,3
Customer Insights & Analytics;Marketing;SGD;Sgp Negocio > Marketing > Customer Insights & Analytics;4.0;0;No;Analítico;Recolectar, procesar y analizar información sobre el comportamiento de los clientes y su experiencia, generando insights que orienten la estrategia comercial, las acciones de marketing, fidelización y diseño de propuesta de valor centrada en el cliente.;Específica;Diseñar y ejecutar estudios de satisfacción y fidelización (NPS, CES, CSAT), analizando percepciones multicanal.;Estudios de Satisfacción y Fidelidad;50
Customer Insights & Analytics;Marketing;SGD;Sgp Negocio > Marketing > Customer Insights & Analytics;4.0;0;No;Analítico;Recolectar, procesar y analizar información sobre el comportamiento de los clientes y su experiencia, generando insights que orienten la estrategia comercial, las acciones de marketing, fidelización y diseño de propuesta de valor centrada en el cliente.;Genérica;Relevar patrones de comportamiento, construir modelos de segmentación y consolidar tableros analíticos de experiencia cliente (CX).;Dashboard de Insights y Propuestas de Valor;50
Customer Insights & Analitics;Marketing;SGD;Sgp Negocio > Marketing > Customer Insights & Analytics;4.0;0;No;Analítico;Recolectar, procesar y analizar información sobre el comportamiento de los clientes y su experiencia, generando insights que orienten la estrategia comercial, las acciones de marketing, fidelización y diseño de propuesta de valor centrada en el cliente.;Específica;Analizar feedback de clientes y usuarios en canales digitales y presenciales, identificando oportunidades de mejora.;Reporte de Oportunidades de Mejora CX;25
Customer Insights & Analitics;Marketing;SGD;Sgp Negocio > Marketing > Customer Insights & Analytics;4.0;0;No;Analítico;Recolectar, procesar y analizar información sobre el comportamiento de los clientes y su experiencia, generando insights que orienten la estrategia comercial, las acciones de marketing, fidelización y diseño de propuesta de valor centrada en el cliente.;Específica;Construir perfiles de clientes a partir de hábitos de uso, necesidades y valor, para orientar decisiones comerciales.;Segmentación de Clientes y Perfiles de Valor;25
Sgp Clientes;Gerencia General;SGP;Sgp Clientes;1.0;8;Sí;Estratégico;Liderar la estrategia integral del negocio del banco, garantizando la definición y alineación de las propuestas de valor para los distintos segmentos, productos, canales y servicios. Asegurar la articulación efectiva de las unidades bajo su responsabilidad, promoviendo una gestión orientada al cliente, basada en datos, ágil, eficiente e innovadora, alineada con los objetivos estratégicos institucionales. Conducir integralmente la estrategia, gestión y supervisión de las unidades de negocio del Banco, asegurando alineación con la visión institucional, maximizando el valor al cliente, la rentabilidad sostenible, y la competitividad de la oferta de productos y servicios en los segmentos de Banca Personas, Empresas e Internacional.;Específica;Liderar la definición y evolución de propuestas de valor diferenciadas para los segmentos estratégicos del Banco, asegurando propuestas de valor diferenciadas, inclusivas, rentables y sostenibles.;Estrategia de Clientes y Segmentos (Segmentación y Propuesta de Valor).;20
Sgp Clientes;Gerencia General;SGP;Sgp Clientes;1.0;8;Sí;Estratégico;Liderar la estrategia integral del negocio del banco, garantizando la definición y alineación de las propuestas de valor para los distintos segmentos, productos, canales y servicios. Asegurar la articulación efectiva de las unidades bajo su responsabilidad, promoviendo una gestión orientada al cliente, basada en datos, ágil, eficiente e innovadora, alineada con los objetivos estratégicos institucionales. Conducir integralmente la estrategia, gestión y supervisión de las unidades de negocio del Banco, asegurando alineación con la visión institucional, maximizando el valor al cliente, la rentabilidad sostenible, y la competitividad de la oferta de productos y servicios en los segmentos de Banca Personas, Empresas e Internacional.;Específica;Conducir el diseño y ejecución de modelos comerciales multicanal que integren eficientemente la presencia física y digital del Banco, maximizando la cobertura y la experiencia cliente.;Modelo de relacionamiento y canales.;20
Sgp Clientes;Gerencia General;SGP;Sgp Clientes;1.0;8;Sí;Estratégico;Liderar la estrategia integral del negocio del banco, garantizando la definición y alineación de las propuestas de valor para los distintos segmentos, productos, canales y servicios. Asegurar la articulación efectiva de las unidades bajo su responsabilidad, promoviendo una gestión orientada al cliente, basada en datos, ágil, eficiente e innovadora, alineada con los objetivos estratégicos institucionales. Conducir integralmente la estrategia, gestión y supervisión de las unidades de negocio del Banco, asegurando alineación con la visión institucional, maximizando el valor al cliente, la rentabilidad sostenible, y la competitividad de la oferta de productos y servicios en los segmentos de Banca Personas, Empresas e Internacional.;Específica;Supervisar y optimizar el portafolio de productos activos, pasivos, de medios de pago y servicios asociados, garantizando su adecuación al mercado y su rentabilidad esperada. Coordinar el diseño y evolución de productos y servicios que respondan a necesidades reales de los clientes, integrando atributos de valor, simplicidad, digitalización y sostenibilidad.;Portafolio de soluciones centradas en el cliente.;20
Sgp Clientes;Gerencia General;SGP;Sgp Clientes;1.0;8;Sí;Estratégico;Liderar la estrategia integral del negocio del banco, garantizando la definición y alineación de las propuestas de valor para los distintos segmentos, productos, canales y servicios. Asegurar la articulación efectiva de las unidades bajo su responsabilidad, promoviendo una gestión orientada al cliente, basada en datos, ágil, eficiente e innovadora, alineada con los objetivos estratégicos institucionales. Conducir integralmente la estrategia, gestión y supervisión de las unidades de negocio del Banco, asegurando alineación con la visión institucional, maximizando el valor al cliente, la rentabilidad sostenible, y la competitividad de la oferta de productos y servicios en los segmentos de Banca Personas, Empresas e Internacional.;Específica;Establecer políticas y mecanismos para gestionar la relación integral con los clientes, maximizando su valor de vida útil mediante estrategias de fidelización, segmentación y personalización.;Relación, experiencia y ciclo de vida del cliente.;10
Sgp Clientes;Gerencia General;SGP;Sgp Clientes;1.0;8;Sí;Estratégico;Liderar la estrategia integral del negocio del banco, garantizando la definición y alineación de las propuestas de valor para los distintos segmentos, productos, canales y servicios. Asegurar la articulación efectiva de las unidades bajo su responsabilidad, promoviendo una gestión orientada al cliente, basada en datos, ágil, eficiente e innovadora, alineada con los objetivos estratégicos institucionales. Conducir integralmente la estrategia, gestión y supervisión de las unidades de negocio del Banco, asegurando alineación con la visión institucional, maximizando el valor al cliente, la rentabilidad sostenible, y la competitividad de la oferta de productos y servicios en los segmentos de Banca Personas, Empresas e Internacional.;Específica;Promover la toma de decisiones basada en datos, inteligencia comercial e indicadores clave de desempeño, con foco en la mejora continua de la performance de negocio.;Gestión basada en Datos y Performance.;10
Sgp Clientes;Gerencia General;SGP;Sgp Clientes;1.0;8;Sí;Estratégico;Liderar la estrategia integral del negocio del banco, garantizando la definición y alineación de las propuestas de valor para los distintos segmentos, productos, canales y servicios. Asegurar la articulación efectiva de las unidades bajo su responsabilidad, promoviendo una gestión orientada al cliente, basada en datos, ágil, eficiente e innovadora, alineada con los objetivos estratégicos institucionales. Conducir integralmente la estrategia, gestión y supervisión de las unidades de negocio del Banco, asegurando alineación con la visión institucional, maximizando el valor al cliente, la rentabilidad sostenible, y la competitividad de la oferta de productos y servicios en los segmentos de Banca Personas, Empresas e Internacional.;Específica;Impulsar la evolución del modelo de negocios, productos y servicios, mediante iniciativas de innovación, transformación digital y adecuación a tendencias del sistema financiero.;Innovación, Transformación y Competitividad.;10
Sgp Clientes;Gerencia General;SGP;Sgp Clientes;1.0;8;Sí;Estratégico;Liderar la estrategia integral del negocio del banco, garantizando la definición y alineación de las propuestas de valor para los distintos segmentos, productos, canales y servicios. Asegurar la articulación efectiva de las unidades bajo su responsabilidad, promoviendo una gestión orientada al cliente, basada en datos, ágil, eficiente e innovadora, alineada con los objetivos estratégicos institucionales. Conducir integralmente la estrategia, gestión y supervisión de las unidades de negocio del Banco, asegurando alineación con la visión institucional, maximizando el valor al cliente, la rentabilidad sostenible, y la competitividad de la oferta de productos y servicios en los segmentos de Banca Personas, Empresas e Internacional.;Específica;Liderar el posicionamiento del Banco como marca cercana, confiable e inclusiva, diseñando campañas y comunicaciones que fortalezcan la relación con los diferentes públicos objetivo.;Estrategia de marketing y comunicación.;10
Sgp Clientes;Gerencia General;SGP;Sgp Clientes;1.0;8;Sí;Estratégico;Liderar la estrategia integral del negocio del banco, garantizando la definición y alineación de las propuestas de valor para los distintos segmentos, productos, canales y servicios. Asegurar la articulación efectiva de las unidades bajo su responsabilidad, promoviendo una gestión orientada al cliente, basada en datos, ágil, eficiente e innovadora, alineada con los objetivos estratégicos institucionales. Conducir integralmente la estrategia, gestión y supervisión de las unidades de negocio del Banco, asegurando alineación con la visión institucional, maximizando el valor al cliente, la rentabilidad sostenible, y la competitividad de la oferta de productos y servicios en los segmentos de Banca Personas, Empresas e Internacional.;Genérica;1. 1. Definir y liderar la estrategia del negocio asegurando la alineación integral bajo una visión de Cliente en el centro de los equipos de Segmentos, Canales, Productos, Medios de Pago y Marketing.;Plan de Negocio;
Sgp Clientes;Gerencia General;SGP;Sgp Clientes;1.0;8;Sí;Estratégico;Liderar la estrategia integral del negocio del banco, garantizando la definición y alineación de las propuestas de valor para los distintos segmentos, productos, canales y servicios. Asegurar la articulación efectiva de las unidades bajo su responsabilidad, promoviendo una gestión orientada al cliente, basada en datos, ágil, eficiente e innovadora, alineada con los objetivos estratégicos institucionales. Conducir integralmente la estrategia, gestión y supervisión de las unidades de negocio del Banco, asegurando alineación con la visión institucional, maximizando el valor al cliente, la rentabilidad sostenible, y la competitividad de la oferta de productos y servicios en los segmentos de Banca Personas, Empresas e Internacional.;Genérica;2. Definir e institucionalizar lineamientos estratégicos para la gestión comercial, asegurando coherencia entre unidades descentralizadas.;Lineamientos Estratégicos Transversales;
Sgp Clientes;Gerencia General;SGP;Sgp Clientes;1.0;8;Sí;Estratégico;Liderar la estrategia integral del negocio del banco, garantizando la definición y alineación de las propuestas de valor para los distintos segmentos, productos, canales y servicios. Asegurar la articulación efectiva de las unidades bajo su responsabilidad, promoviendo una gestión orientada al cliente, basada en datos, ágil, eficiente e innovadora, alineada con los objetivos estratégicos institucionales. Conducir integralmente la estrategia, gestión y supervisión de las unidades de negocio del Banco, asegurando alineación con la visión institucional, maximizando el valor al cliente, la rentabilidad sostenible, y la competitividad de la oferta de productos y servicios en los segmentos de Banca Personas, Empresas e Internacional.;Genérica;5. Conducir instancias de gobernanza para toma de decisiones estratégicas integradas entre las áreas de negocio y de soporte.;Dirección y gobierno del Negocio;
Sgp Clientes;Gerencia General;SGP;Sgp Clientes;1.0;8;Sí;Estratégico;Liderar la estrategia integral del negocio del banco, garantizando la definición y alineación de las propuestas de valor para los distintos segmentos, productos, canales y servicios. Asegurar la articulación efectiva de las unidades bajo su responsabilidad, promoviendo una gestión orientada al cliente, basada en datos, ágil, eficiente e innovadora, alineada con los objetivos estratégicos institucionales. Conducir integralmente la estrategia, gestión y supervisión de las unidades de negocio del Banco, asegurando alineación con la visión institucional, maximizando el valor al cliente, la rentabilidad sostenible, y la competitividad de la oferta de productos y servicios en los segmentos de Banca Personas, Empresas e Internacional.;Genérica;6. Evaluar los recursos del área y capacity;definiendo expectativas de performance, gestionando el monitoreo del desarrollo y de la productividad;maximizando la eficiencia
Sgp Clientes;Gerencia General;SGP;Sgp Clientes;1.0;8;Sí;Estratégico;Liderar la estrategia integral del negocio del banco, garantizando la definición y alineación de las propuestas de valor para los distintos segmentos, productos, canales y servicios. Asegurar la articulación efectiva de las unidades bajo su responsabilidad, promoviendo una gestión orientada al cliente, basada en datos, ágil, eficiente e innovadora, alineada con los objetivos estratégicos institucionales. Conducir integralmente la estrategia, gestión y supervisión de las unidades de negocio del Banco, asegurando alineación con la visión institucional, maximizando el valor al cliente, la rentabilidad sostenible, y la competitividad de la oferta de productos y servicios en los segmentos de Banca Personas, Empresas e Internacional.;Genérica;4. Planificación Estratégica y Presupuestaria. Proponer y coordinar el Plan de Acción y Presupuesto del Área de Negocios, asegurando su alineación con los objetivos corporativos y su ejecución efectiva.;Plan de Acción y Presupuesto del Área;
Sgp Clientes;Gerencia General;SGP;Sgp Clientes;1.0;8;Sí;Estratégico;Liderar la estrategia integral del negocio del banco, garantizando la definición y alineación de las propuestas de valor para los distintos segmentos, productos, canales y servicios. Asegurar la articulación efectiva de las unidades bajo su responsabilidad, promoviendo una gestión orientada al cliente, basada en datos, ágil, eficiente e innovadora, alineada con los objetivos estratégicos institucionales. Conducir integralmente la estrategia, gestión y supervisión de las unidades de negocio del Banco, asegurando alineación con la visión institucional, maximizando el valor al cliente, la rentabilidad sostenible, y la competitividad de la oferta de productos y servicios en los segmentos de Banca Personas, Empresas e Internacional.;Genérica;3. Definición de Políticas y Directrices. Proponer políticas, lineamientos y prioridades para la gestión integral del negocio, en coordinación con otras áreas del Banco.;Políticas y Pautas Estratégicas;
Sgp Clientes;Gerencia General;SGP;Sgp Clientes;1.0;8;Sí;Estratégico;Liderar la estrategia integral del negocio del banco, garantizando la definición y alineación de las propuestas de valor para los distintos segmentos, productos, canales y servicios. Asegurar la articulación efectiva de las unidades bajo su responsabilidad, promoviendo una gestión orientada al cliente, basada en datos, ágil, eficiente e innovadora, alineada con los objetivos estratégicos institucionales. Conducir integralmente la estrategia, gestión y supervisión de las unidades de negocio del Banco, asegurando alineación con la visión institucional, maximizando el valor al cliente, la rentabilidad sostenible, y la competitividad de la oferta de productos y servicios en los segmentos de Banca Personas, Empresas e Internacional.;Genérica;7. Transformación y mejora continua. Promover la innovación, transformación digital, uso intensivo de datos y mejora continua en los procesos y modelos de negocio. Diseñar políticas, procedimientos y mecanismos de control que garanticen condiciones óptimas para el cumplimiento de la misión del área y la solución ágil de problemas.;Proyectos de transformación, Reportes de impacto, procedimientos, Controles y Soluciones de problemas;
Segmento Personas;Sgp Clientes;SG;Sgp Negocio > Segmento Personas;2.0;4;Sí;Táctico-Estratégico;Conducir la estrategia integral del relacionamiento con los clientes del banco, asegurando la alineación de los segmentos, productos, canales, servicios y experiencia, para promover una gestión centrada en el cliente, rentable, simple, digital y eficiente.;Genérica;Diseñar, implementar y coordinar la estrategia para el Segmento Personas, articulando las acciones de las unidades a cargo. Asegurar el cumplimiento de los objetivos comerciales, de rentabilidad y posicionamiento del banco. Monitorear el desempeño de productos, canales y servicios destinados al segmento y proponer mejoras.;Lineamientos estratégicos del Segmento Personas;
Segmento Personas;Sgp Clientes;SG;Sgp Negocio > Segmento Personas;2.0;4;Sí;Táctico-Estratégico;Conducir la estrategia integral del relacionamiento con los clientes del banco, asegurando la alineación de los segmentos, productos, canales, servicios y experiencia, para promover una gestión centrada en el cliente, rentable, simple, digital y eficiente.;Específica;Definir e implementar la propuesta de valor del Segmento Personas.;Propuesta de Valor Segmento Personas;20
Segmento Personas;Sgp Clientes;SG;Sgp Negocio > Segmento Personas;2.0;4;Sí;Táctico-Estratégico;Conducir la estrategia integral del relacionamiento con los clientes del banco, asegurando la alineación de los segmentos, productos, canales, servicios y experiencia, para promover una gestión centrada en el cliente, rentable, simple, digital y eficiente.;Específica;Coordinar el desarrollo y seguimiento del plan de negocios para el segmento.;Plan de Negocios del Segmento Personas;20
Segmento Personas;Sgp Clientes;SG;Sgp Negocio > Segmento Personas;2.0;4;Sí;Táctico-Estratégico;Conducir la estrategia integral del relacionamiento con los clientes del banco, asegurando la alineación de los segmentos, productos, canales, servicios y experiencia, para promover una gestión centrada en el cliente, rentable, simple, digital y eficiente.;Específica;Supervisar la performance del segmento y coordinar acciones de mejora.;Informe de Performance y Ajustes;20
Segmento Personas;Sgp Clientes;SG;Sgp Negocio > Segmento Personas;2.0;4;Sí;Táctico-Estratégico;Conducir la estrategia integral del relacionamiento con los clientes del banco, asegurando la alineación de los segmentos, productos, canales, servicios y experiencia, para promover una gestión centrada en el cliente, rentable, simple, digital y eficiente.;Específica;Proponer mejoras en la oferta de valor y la experiencia de los clientes del segmento.;Propuestas de Mejora para el Segmento;20
Segmento Personas;Sgp Clientes;SG;Sgp Negocio > Segmento Personas;2.0;4;Sí;Estratégico;Conducir la estrategia integral del relacionamiento con los clientes del banco, asegurando la alineación de los segmentos, productos, canales, servicios y experiencia, para promover una gestión centrada en el cliente, rentable, simple, digital y eficiente.;Genérica;Definir objetivos comerciales del segmento y supervisar su implementación integral.;Estrategia Integral del Segmento Personas;
Segmento Personas;Sgp Clientes;SG;Sgp Negocio > Segmento Personas;2.0;4;Sí;Estratégico;Conducir la estrategia integral del relacionamiento con los clientes del banco, asegurando la alineación de los segmentos, productos, canales, servicios y experiencia, para promover una gestión centrada en el cliente, rentable, simple, digital y eficiente.;Específica;Supervisar ejecución de las áreas bajo su órbita y evaluar impacto comercial.;Informes de Seguimiento Estratégico;20
Segmento Empresas;Sgp Clientes;SG;Sgp Negocio > Segmento Empresas;2.0;4;Sí;Táctico-Estratégico;Conducir la estrategia integral del relacionamiento con los clientes del banco, asegurando la alineación de los segmentos, productos, canales, servicios y experiencia, para promover una gestión centrada en el cliente, rentable, simple, digital y eficiente.;Genérica;Definir y liderar la estrategia comercial integral para el Segmento Empresas, articulando áreas de Productos, Canales, Riesgos y Comercial.;Lineamientos Estratégicos del Segmento Empresas;
Segmento Empresas;Sgp Clientes;SG;Sgp Negocio > Segmento Empresas;2.0;4;Sí;Táctico-Estratégico;Conducir la estrategia integral del relacionamiento con los clientes del banco, asegurando la alineación de los segmentos, productos, canales, servicios y experiencia, para promover una gestión centrada en el cliente, rentable, simple, digital y eficiente.;Específica;Desarrollar y coordinar la implementación de la propuesta de valor para empresas.;Propuesta de Valor Segmento Empresas;20
Segmento Empresas;Sgp Clientes;SG;Sgp Negocio > Segmento Empresas;2.0;4;Sí;Táctico-Estratégico;Conducir la estrategia integral del relacionamiento con los clientes del banco, asegurando la alineación de los segmentos, productos, canales, servicios y experiencia, para promover una gestión centrada en el cliente, rentable, simple, digital y eficiente.;Específica;Elaborar y ejecutar el plan de negocios para el segmento empresas.;Plan de Negocios del Segmento Empresas;20
Segmento Empresas;Sgp Clientes;SG;Sgp Negocio > Segmento Empresas;2.0;4;Sí;Táctico-Estratégico;Conducir la estrategia integral del relacionamiento con los clientes del banco, asegurando la alineación de los segmentos, productos, canales, servicios y experiencia, para promover una gestión centrada en el cliente, rentable, simple, digital y eficiente.;Específica;Monitorear y analizar el desempeño comercial del segmento y proponer ajustes.;Informe de Performance y Acciones Correctivas;20
Segmento Empresas;Sgp Clientes;SG;Sgp Negocio > Segmento Empresas;2.0;4;Sí;Táctico-Estratégico;Conducir la estrategia integral del relacionamiento con los clientes del banco, asegurando la alineación de los segmentos, productos, canales, servicios y experiencia, para promover una gestión centrada en el cliente, rentable, simple, digital y eficiente.;Específica;Gestionar propuestas de mejora y productos diferenciados para empresas.;Propuestas de Valor Agregado;20
Segmento Empresas;Sgp Clientes;SG;Sgp Negocio > Segmento Empresas;2.0;4;Sí;Estratégico;Conducir la estrategia integral del relacionamiento con los clientes del banco, asegurando la alineación de los segmentos, productos, canales, servicios y experiencia, para promover una gestión centrada en el cliente, rentable, simple, digital y eficiente.;Genérica;Desarrollar propuestas de valor diferenciadas para subsegmentos como PyMEs, grandes empresas, sector público y sectores estratégicos.;Estrategia Diferencial por Subsegmento Empresarial;
Segmento Empresas;Sgp Clientes;SG;Sgp Negocio > Segmento Empresas;2.0;4;Sí;Estratégico;Conducir la estrategia integral del relacionamiento con los clientes del banco, asegurando la alineación de los segmentos, productos, canales, servicios y experiencia, para promover una gestión centrada en el cliente, rentable, simple, digital y eficiente.;Específica;Monitorear resultados comerciales e impulsar acciones de mejora continua.;Reporte Estratégico de Empresas;20
Segmento Empresas;Sgp Clientes;SG;Sgp Negocio > Segmento Empresas;2.0;4;Sí;Táctico-Estratégico;Conducir la estrategia integral del relacionamiento con los clientes del banco, asegurando la alineación de los segmentos, productos, canales, servicios y experiencia, para promover una gestión centrada en el cliente, rentable, simple, digital y eficiente.;Genérica;Supervisar ejecución de planes, performance comercial y consistencia de la propuesta de valor.;Reporte de Ejecución Comercial y Alineación Estratégica;
Productos;Sgp Clientes;GD;Sgp Negocio > Productos;3.0;4;Sí;Táctico;Conducir la estrategia integral del relacionamiento con los clientes del banco, asegurando la alineación de los segmentos, productos, canales, servicios y experiencia, para promover una gestión centrada en el cliente, rentable, simple, digital y eficiente.;Genérica;Coordinar el desarrollo de productos activos, pasivos, inversiones y seguros. Supervisar la evolución del portafolio, identificar oportunidades de mejora y colaborar con las áreas comerciales para su implementación.;Portafolio Integral de Productos Financieros;
Productos;Sgp Clientes;GD;Sgp Negocio > Productos;3.0;4;Sí;Táctico;Conducir la estrategia integral del relacionamiento con los clientes del banco, asegurando la alineación de los segmentos, productos, canales, servicios y experiencia, para promover una gestión centrada en el cliente, rentable, simple, digital y eficiente.;Específica;Diseñar y gestionar productos activos adecuados a las necesidades del mercado.;Productos de Crédito Activo;20
Productos;Sgp Clientes;GD;Sgp Negocio > Productos;3.0;4;Sí;Táctico;Conducir la estrategia integral del relacionamiento con los clientes del banco, asegurando la alineación de los segmentos, productos, canales, servicios y experiencia, para promover una gestión centrada en el cliente, rentable, simple, digital y eficiente.;Específica;Desarrollar productos pasivos que fortalezcan la captación de fondos.;Productos de Captación (Pasivos);20
Productos;Sgp Clientes;GD;Sgp Negocio > Productos;3.0;4;Sí;Táctico;Conducir la estrategia integral del relacionamiento con los clientes del banco, asegurando la alineación de los segmentos, productos, canales, servicios y experiencia, para promover una gestión centrada en el cliente, rentable, simple, digital y eficiente.;Específica;Gestionar y optimizar el portafolio de productos de inversión.;Productos de Inversión;20
Productos;Sgp Clientes;GD;Sgp Negocio > Productos;3.0;4;Sí;Táctico;Conducir la estrategia integral del relacionamiento con los clientes del banco, asegurando la alineación de los segmentos, productos, canales, servicios y experiencia, para promover una gestión centrada en el cliente, rentable, simple, digital y eficiente.;Específica;Diseñar productos de seguros en coordinación con alianzas estratégicas.;Productos de Seguros;20
Productos;Sgp Clientes;GD;Sgp Negocio > Productos;3.0;4;Sí;Estratégico;Conducir la estrategia integral del relacionamiento con los clientes del banco, asegurando la alineación de los segmentos, productos, canales, servicios y experiencia, para promover una gestión centrada en el cliente, rentable, simple, digital y eficiente.;Genérica;Supervisar y coordinar las subunidades de productos pasivos, activos, seguros e inversiones.;Portafolio de Productos Integrado;
Productos;Sgp Clientes;GD;Sgp Negocio > Productos;3.0;4;Sí;Estratégico;Conducir la estrategia integral del relacionamiento con los clientes del banco, asegurando la alineación de los segmentos, productos, canales, servicios y experiencia, para promover una gestión centrada en el cliente, rentable, simple, digital y eficiente.;Específica;Asegurar la coordinación transversal de las soluciones y propuestas de valor del área.;Estrategia Consolidada de Productos;20
Medios De Pago;Sgp Clientes;GD;Sgp Negocio > Medios de Pago;3.0;4;Sí;Táctico;Conducir la estrategia integral del relacionamiento con los clientes del banco, asegurando la alineación de los segmentos, productos, canales, servicios y experiencia, para promover una gestión centrada en el cliente, rentable, simple, digital y eficiente.;Genérica;Definir la estrategia y coordinar la evolución de los medios de pago. Supervisar el desarrollo, mantenimiento y modernización de las soluciones de pago. Colaborar con áreas de tecnología, productos y canales para la integración operativa.;Estrategia Integral de Medios de Pago;
Medios De Pago;Sgp Clientes;GD;Sgp Negocio > Medios de Pago;3.0;4;Sí;Táctico;Conducir la estrategia integral del relacionamiento con los clientes del banco, asegurando la alineación de los segmentos, productos, canales, servicios y experiencia, para promover una gestión centrada en el cliente, rentable, simple, digital y eficiente.;Específica;Gestionar el mantenimiento y evolución funcional de las soluciones de medios de pago.;Plataformas de Pago Operativas y Actualizadas;20
Medios De Pago;Sgp Clientes;GD;Sgp Negocio > Medios de Pago;3.0;4;Sí;Táctico;Conducir la estrategia integral del relacionamiento con los clientes del banco, asegurando la alineación de los segmentos, productos, canales, servicios y experiencia, para promover una gestión centrada en el cliente, rentable, simple, digital y eficiente.;Específica;Coordinar el desarrollo de nuevas funcionalidades y soluciones innovadoras de pago.;Funcionalidades Nuevas en Medios de Pago;20
Medios De Pago;Sgp Clientes;GD;Sgp Negocio > Medios de Pago;3.0;4;Sí;Táctico;Conducir la estrategia integral del relacionamiento con los clientes del banco, asegurando la alineación de los segmentos, productos, canales, servicios y experiencia, para promover una gestión centrada en el cliente, rentable, simple, digital y eficiente.;Específica;Gestionar la operación, calidad y performance de la red de adquirencia del banco.;Red de Adquirencia Eficiente;20
Medios De Pago;Sgp Clientes;GD;Sgp Negocio > Medios de Pago;3.0;4;Sí;Táctico;Conducir la estrategia integral del relacionamiento con los clientes del banco, asegurando la alineación de los segmentos, productos, canales, servicios y experiencia, para promover una gestión centrada en el cliente, rentable, simple, digital y eficiente.;Específica;Coordinar servicios de recaudación y alianzas operativas asociadas.;Plataformas de Recaudación Operativas;20
Medios De Pago;Sgp Clientes;GD;Sgp Negocio > Medios de Pago;3.0;4;Sí;Estratégico;Conducir la estrategia integral del relacionamiento con los clientes del banco, asegurando la alineación de los segmentos, productos, canales, servicios y experiencia, para promover una gestión centrada en el cliente, rentable, simple, digital y eficiente.;Genérica;Coordinar ejes de innovación, operación y gestión comercial de medios de pago.;Plan Estratégico de Medios de Pago;
Medios De Pago;Sgp Clientes;GD;Sgp Negocio > Medios de Pago;3.0;4;Sí;Estratégico;Conducir la estrategia integral del relacionamiento con los clientes del banco, asegurando la alineación de los segmentos, productos, canales, servicios y experiencia, para promover una gestión centrada en el cliente, rentable, simple, digital y eficiente.;Específica;Supervisar ejecución de equipos de desarrollo, adquirencia, recaudación y mantenimiento.;Tablero de Gestión Estratégica;20
Canales;Sgp Clientes;SG;Sgp Negocio > Canales;2.0;5;Sí;Táctico-Estratégico;Conducir la estrategia integral del relacionamiento con los clientes del banco, asegurando la alineación de los segmentos, productos, canales, servicios y experiencia, para promover una gestión centrada en el cliente, rentable, simple, digital y eficiente.;Genérica;Definir y coordinar la estrategia multicanal del banco. Supervisar el desempeño de los canales físicos y digitales. Impulsar la innovación en la atención al cliente. Promover la integración entre canales y la mejora continua de procesos y servicios relacionados.;Lineamientos Estratégicos Multicanal;
Canales;Sgp Clientes;SG;Sgp Negocio > Canales;2.0;5;Sí;Táctico-Estratégico;Conducir la estrategia integral del relacionamiento con los clientes del banco, asegurando la alineación de los segmentos, productos, canales, servicios y experiencia, para promover una gestión centrada en el cliente, rentable, simple, digital y eficiente.;Específica;Diseñar e implementar la estrategia de atención multicanal del banco.;Estrategia Multicanal Ejecutada;25
Canales;Sgp Clientes;SG;Sgp Negocio > Canales;2.0;5;Sí;Táctico-Estratégico;Conducir la estrategia integral del relacionamiento con los clientes del banco, asegurando la alineación de los segmentos, productos, canales, servicios y experiencia, para promover una gestión centrada en el cliente, rentable, simple, digital y eficiente.;Específica;Supervisar la performance de los canales físicos y digitales.;Informe de Performance de Canales;25
Canales;Sgp Clientes;SG;Sgp Negocio > Canales;2.0;5;Sí;Táctico-Estratégico;Conducir la estrategia integral del relacionamiento con los clientes del banco, asegurando la alineación de los segmentos, productos, canales, servicios y experiencia, para promover una gestión centrada en el cliente, rentable, simple, digital y eficiente.;Específica;Impulsar la innovación tecnológica aplicada a los canales de atención.;Iniciativas de Innovación en Canales;20
Canales;Sgp Clientes;SG;Sgp Negocio > Canales;2.0;5;Sí;Táctico-Estratégico;Conducir la estrategia integral del relacionamiento con los clientes del banco, asegurando la alineación de los segmentos, productos, canales, servicios y experiencia, para promover una gestión centrada en el cliente, rentable, simple, digital y eficiente.;Específica;Promover mejoras continuas en los procesos de atención y experiencia del cliente.;Propuestas de Mejora de Procesos de Atención;20
Canales;Sgp Clientes;SG;Sgp Negocio > Canales;2.0;5;Sí;Táctico-Estratégico;Conducir la estrategia integral del relacionamiento con los clientes del banco, asegurando la alineación de los segmentos, productos, canales, servicios y experiencia, para promover una gestión centrada en el cliente, rentable, simple, digital y eficiente.;Específica;Gestionar la integración y consistencia entre los distintos canales de atención.;Modelo de Integración Multicanal;10
Banca Internacional;Sgp Clientes;GD;Sgp Negocio > Banca Internacional;3.0;0;No;Táctico;Conducir la estrategia integral del relacionamiento con los clientes del banco, asegurando la alineación de los segmentos, productos, canales, servicios y experiencia, para promover una gestión centrada en el cliente, rentable, simple, digital y eficiente.;Genérica;Establecer políticas y lineamientos para la operatoria internacional. Coordinar con unidades comerciales y operativas para promover el comercio exterior. Gestionar vínculos con bancos corresponsales, organismos multilaterales y redes internacionales.;Estrategia Institucional de Banca Internacional;
Banca Internacional;Sgp Clientes;GD;Sgp Negocio > Banca Internacional;3.0;0;No;Táctico;Conducir la estrategia integral del relacionamiento con los clientes del banco, asegurando la alineación de los segmentos, productos, canales, servicios y experiencia, para promover una gestión centrada en el cliente, rentable, simple, digital y eficiente.;Específica;Diseñar y coordinar la estrategia de relaciones internacionales del banco.;Plan de Relaciones Internacionales;20
Banca Internacional;Sgp Clientes;GD;Sgp Negocio > Banca Internacional;3.0;0;No;Táctico;Conducir la estrategia integral del relacionamiento con los clientes del banco, asegurando la alineación de los segmentos, productos, canales, servicios y experiencia, para promover una gestión centrada en el cliente, rentable, simple, digital y eficiente.;Específica;Promover convenios y acuerdos con organismos multilaterales y redes bancarias.;Convenios Internacionales;25
Banca Internacional;Sgp Clientes;GD;Sgp Negocio > Banca Internacional;3.0;0;No;Táctico;Conducir la estrategia integral del relacionamiento con los clientes del banco, asegurando la alineación de los segmentos, productos, canales, servicios y experiencia, para promover una gestión centrada en el cliente, rentable, simple, digital y eficiente.;Específica;Coordinar la oferta de productos y servicios para comercio exterior.;Productos de Comercio Exterior;30
Banca Internacional;Sgp Clientes;GD;Sgp Negocio > Banca Internacional;3.0;0;No;Táctico;Conducir la estrategia integral del relacionamiento con los clientes del banco, asegurando la alineación de los segmentos, productos, canales, servicios y experiencia, para promover una gestión centrada en el cliente, rentable, simple, digital y eficiente.;Específica;Gestionar el vínculo con bancos corresponsales y contrapartes extranjeras.;Relaciones Operativas con Bancos Corresponsales;25
Marketing;Sgp Clientes;GD;Sgp Negocio > Marketing;3.0;4;Sí;Táctico;Conducir la estrategia integral del relacionamiento con los clientes del banco, asegurando la alineación de los segmentos, productos, canales, servicios y experiencia, para promover una gestión centrada en el cliente, rentable, simple, digital y eficiente.;Genérica;Definir lineamientos de marca, campañas institucionales y acciones promocionales. Supervisar la ejecución del plan de marketing y coordinar con áreas comerciales y de producto. Asegurar coherencia visual y conceptual en todos los puntos de contacto.;Plan de Marketing y Posicionamiento Institucional;
Marketing;Sgp Clientes;GD;Sgp Negocio > Marketing;3.0;4;Sí;Táctico;Conducir la estrategia integral del relacionamiento con los clientes del banco, asegurando la alineación de los segmentos, productos, canales, servicios y experiencia, para promover una gestión centrada en el cliente, rentable, simple, digital y eficiente.;Específica;Diseñar campañas institucionales y promocionales multicanal.;Campañas Institucionales Ejecutadas;20
Marketing;Sgp Clientes;GD;Sgp Negocio > Marketing;3.0;4;Sí;Táctico;Conducir la estrategia integral del relacionamiento con los clientes del banco, asegurando la alineación de los segmentos, productos, canales, servicios y experiencia, para promover una gestión centrada en el cliente, rentable, simple, digital y eficiente.;Específica;Coordinar la ejecución del plan de medios y pauta publicitaria.;Plan de Medios Ejecutado;20
Marketing;Sgp Clientes;GD;Sgp Negocio > Marketing;3.0;4;Sí;Táctico;Conducir la estrategia integral del relacionamiento con los clientes del banco, asegurando la alineación de los segmentos, productos, canales, servicios y experiencia, para promover una gestión centrada en el cliente, rentable, simple, digital y eficiente.;Específica;Gestionar la identidad visual, el branding y la presencia institucional.;Manual de Marca y Aplicaciones;20
Marketing;Sgp Clientes;GD;Sgp Negocio > Marketing;3.0;4;Sí;Táctico;Conducir la estrategia integral del relacionamiento con los clientes del banco, asegurando la alineación de los segmentos, productos, canales, servicios y experiencia, para promover una gestión centrada en el cliente, rentable, simple, digital y eficiente.;Específica;Elaborar contenidos y coordinar acciones de comunicación interna y externa.;Contenidos de Comunicación Institucional;20
Marketing;Sgp Clientes;GD;Sgp Negocio > Marketing;3.0;4;Sí;Estratégico;Conducir la estrategia integral del relacionamiento con los clientes del banco, asegurando la alineación de los segmentos, productos, canales, servicios y experiencia, para promover una gestión centrada en el cliente, rentable, simple, digital y eficiente.;Genérica;Coordinar acciones con las áreas de branding, comunicación, alianzas y performance.;Plan de Marketing Integral;
Marketing;Sgp Clientes;GD;Sgp Negocio > Marketing;3.0;4;Sí;Estratégico;Conducir la estrategia integral del relacionamiento con los clientes del banco, asegurando la alineación de los segmentos, productos, canales, servicios y experiencia, para promover una gestión centrada en el cliente, rentable, simple, digital y eficiente.;Específica;Monitorear resultados, adecuar estrategias y supervisar acciones de impacto reputacional.;Informe de Desempeño y Reputación de Marca;20
Coordinación Del Negocio Y Datos;Sgp Clientes;SGD;Sgp Negocio > Coordinación del Negocio y Datos;3.0;5;Sí;Táctico;Conducir la estrategia integral del relacionamiento con los clientes del banco, asegurando la alineación de los segmentos, productos, canales, servicios y experiencia, para promover una gestión centrada en el cliente, rentable, simple, digital y eficiente.;Genérica;Articular las iniciativas de coordinación del negocio con la estrategia institucional. Gestionar equipos de datos de forma transversal para dar soporte a decisiones de negocio. Impulsar la gobernanza, accesibilidad y uso estratégico de la información.;Modelo de Coordinación y Gestión de Datos;
Coordinación Del Negocio Y Datos;Sgp Clientes;SGD;Sgp Negocio > Coordinación del Negocio y Datos;3.0;5;Sí;Táctico;Conducir la estrategia integral del relacionamiento con los clientes del banco, asegurando la alineación de los segmentos, productos, canales, servicios y experiencia, para promover una gestión centrada en el cliente, rentable, simple, digital y eficiente.;Específica;Coordinar la gestión operativa transversal del negocio.;Modelo Operativo Coordinado;25
Coordinación Del Negocio Y Datos;Sgp Clientes;SGD;Sgp Negocio > Coordinación del Negocio y Datos;3.0;5;Sí;Táctico;Conducir la estrategia integral del relacionamiento con los clientes del banco, asegurando la alineación de los segmentos, productos, canales, servicios y experiencia, para promover una gestión centrada en el cliente, rentable, simple, digital y eficiente.;Específica;Gestionar la demanda y uso de datos del negocio con enfoque estratégico.;Agenda Estratégica de Datos de Negocio;25
Coordinación Del Negocio Y Datos;Sgp Clientes;SGD;Sgp Negocio > Coordinación del Negocio y Datos;3.0;5;Sí;Táctico;Conducir la estrategia integral del relacionamiento con los clientes del banco, asegurando la alineación de los segmentos, productos, canales, servicios y experiencia, para promover una gestión centrada en el cliente, rentable, simple, digital y eficiente.;Específica;Asegurar la implementación de estándares de calidad y gobernanza de datos.;Estándares de Calidad y Gobierno de Datos;25
Coordinación Del Negocio Y Datos;Sgp Clientes;SGD;Sgp Negocio > Coordinación del Negocio y Datos;3.0;5;Sí;Táctico;Conducir la estrategia integral del relacionamiento con los clientes del banco, asegurando la alineación de los segmentos, productos, canales, servicios y experiencia, para promover una gestión centrada en el cliente, rentable, simple, digital y eficiente.;Específica;Coordinar y gestionar proyectos de análisis de datos de alto impacto.;Proyectos de Analítica Avanzada;25
Coordinación Del Negocio Y Datos;Sgp Clientes;SGD;Sgp Negocio > Coordinación del Negocio y Datos;3.0;5;Sí;Táctico;Conducir la estrategia integral del relacionamiento con los clientes del banco, asegurando la alineación de los segmentos, productos, canales, servicios y experiencia, para promover una gestión centrada en el cliente, rentable, simple, digital y eficiente.;Genérica;Supervisar planificación táctica, modelos de datos, gobernanza de información y su alineación con las necesidades del negocio.;Modelo Integrado de Coordinación y Datos;
Operaciones;Sgp Clientes;SGP;Sgp Clientes;1.0;8;Sí;Estratégico;Conducir la estrategia integral del relacionamiento con los clientes del banco, asegurando la alineación de los segmentos, productos, canales, servicios y experiencia, para promover una gestión centrada en el cliente, rentable, simple, digital y eficiente.;Genérica;Liderar la estrategia de negocio comercial asegurando la alineación integral bajo una visión de Cliente en el centro de los equipos de Segmentos, Canales, Productos, Medios de Pago y Marketing.;Plan Maestro de Negocio;